script_id	rom_offset	region_symbol	region_source	context_hex
6	0xEAE88	gToolInfo	fomt.map	14 a9 0e 08 3b 00 00 00 1c a9 0e 08 50 a9 0e 08 06 00 00 00 60 a9 0e 08 90 a9 0e 08 43 00 00 00 a0 a9 0e 08
6	0xF0E9C	gUnk_080F0E88	asm/data/data_080F0348.s	02 00 00 00 03 00 00 00 04 00 00 00 05 00 00 00 06 00 00 00 07 00 00 00 08 00 00 00 09 00 00 00 0a 00 00 00
6	0xF17D0	gUnk_080F16D2	asm/data/data_080F0348.s	38 00 31 00 2b 00 25 00 1f 00 19 00 12 00 0c 00 06 00 00 00 fa ff f4 ff ee ff e7 ff e1 ff db ff d5 ff cf ff
6	0xF19E4	gUnk_080F19CC	asm/data/data_080F0348.s	02 00 00 00 03 00 00 00 04 00 00 00 05 00 00 00 06 00 00 00 44 69 61 72 79 00 00 00 52 75 63 6b 73 61 63 6b
6	0xF29C4	gUnk_080F29C0	asm/data/data_080F1A80.s	62 61 64 5f 61 6c 6c 6f 63 00 00 00 b5 dc 03 08 06 00 00 00 cc 29 0f 08 00 00 00 00 e4 29 0f 08 ec 29 0f 08
6	0xF2AFC	gUnk_080F2AF8	asm/data/data_080F1A80.s	62 61 64 5f 61 6c 6c 6f 63 00 00 00 e9 dd 03 08 06 00 00 00 04 2b 0f 08 00 00 00 00 1c 2b 0f 08 24 2b 0f 08
6	0xF2B2C	gUnk_080F2AF8	asm/data/data_080F1A80.s	05 00 00 00 44 2b 0f 08 09 00 00 00 6c 2b 0f 08 06 00 00 00 b4 2b 0f 08 01 00 00 00 e4 2b 0f 08 01 00 00 00
6	0xF2EA8	gUnk_080F2DC0	asm/data/data_080F1A80.s	54 2f 0f 08 05 00 b0 02 a0 00 05 00 7c 2f 0f 08 06 00 00 00 18 01 01 00 ac 2f 0f 08 03 00 54 01 00 00 02 00
6	0xF3660	gUnk_080F35E4	asm/data/data_080F1A80.s	0d 00 00 00 08 37 0f 08 05 00 00 00 70 37 0f 08 06 00 00 00 98 37 0f 08 0f 00 00 00 c8 37 0f 08 0d 00 00 00
6	0xF3678	gUnk_080F35E4	asm/data/data_080F1A80.s	0f 00 00 00 c8 37 0f 08 0d 00 00 00 40 38 0f 08 06 00 00 00 a8 38 0f 08 07 00 00 00 d8 38 0f 08 01 00 00 00
6	0xF430C	gUnk_080F42F0	asm/data/data_080F1A80.s	00 00 00 00 0c 43 0f 08 14 43 0f 08 1c 43 0f 08 06 00 00 00 24 43 0f 08 01 00 00 00 54 43 0f 08 03 00 00 00
6	0xF443C	gUnk_080F43DC	asm/data/data_080F1A80.s	b4 44 0f 08 bc 44 0f 08 0b 00 00 00 c4 44 0f 08 06 00 00 00 1c 45 0f 08 0b 00 00 00 4c 45 0f 08 06 00 00 00
6	0xF444C	gUnk_080F43DC	asm/data/data_080F1A80.s	06 00 00 00 1c 45 0f 08 0b 00 00 00 4c 45 0f 08 06 00 00 00 a4 45 0f 08 03 00 00 00 d4 45 0f 08 01 00 00 00
6	0xF5544	gUnk_080F5540	asm/data/data_080F1A80.s	62 61 64 5f 61 6c 6c 6f 63 00 00 00 21 e6 03 08 06 00 00 00 4c 55 0f 08 00 00 00 00 64 55 0f 08 6c 55 0f 08
6	0xF5CD0	gUnk_080F59CC	asm/data/data_080F1A80.s	06 00 94 00 00 00 00 00 03 00 dc 00 00 00 00 00 06 00 00 00 01 00 00 00 13 00 f0 00 01 00 00 00 14 00 e0 04
6	0xF6200	gUnk_080F61FC	asm/data/data_080F1A80.s	62 61 64 5f 61 6c 6c 6f 63 00 00 00 e9 e8 03 08 06 00 00 00 08 62 0f 08 00 00 00 00 20 62 0f 08 28 62 0f 08
6	0xF6374	gUnk_080F6370	asm/data/data_080F1A80.s	62 61 64 5f 61 6c 6c 6f 63 00 00 00 71 e9 03 08 06 00 00 00 7c 63 0f 08 00 00 00 00 94 63 0f 08 9c 63 0f 08
6	0xF66C8	gUnk_080F66C4	asm/data/data_080F1A80.s	62 61 64 5f 61 6c 6c 6f 63 00 00 00 e5 e9 03 08 06 00 00 00 d0 66 0f 08 00 00 00 00 e8 66 0f 08 f0 66 0f 08
6	0xF7104	gUnk_080F6FF8	asm/data/data_080F1A80.s	78 71 0f 08 03 00 78 02 e8 01 05 00 90 71 0f 08 06 00 00 00 18 01 01 00 00 00 00 00 00 00 a0 00 74 00 01 00
6	0xF7800	gUnk_080F77FC	asm/data/data_080F1A80.s	62 61 64 5f 61 6c 6c 6f 63 00 00 00 45 ec 03 08 06 00 00 00 08 78 0f 08 00 00 00 00 20 78 0f 08 28 78 0f 08
6	0xFD308	gUnk_080FD0A8	asm/data/data_080F9EB8.s	4c 01 70 01 c7 00 e4 20 b0 ce 0f 08 d8 ce 0f 08 06 00 00 00 dc 00 b0 01 ab 28 c7 36 e4 ce 0f 08 28 cf 0f 08
6	0xFD934	gUnk_080FD920	asm/data/data_080F9EB8.s	88 00 00 00 03 00 00 00 04 00 00 00 05 00 00 00 06 00 00 00 07 00 00 00 08 00 00 00 42 6f 6f 6b 73 20 20 20
6	0xFEE04	gUnk_080FED8C	asm/data/data_080F9EB8.s	f8 ec 0f 08 20 4e 00 00 03 00 00 00 c0 ec 0f 08 06 00 00 00 0c ed 0f 08 20 4e 00 00 03 00 00 00 c0 ec 0f 08
6	0xFF7A4	gUnk_080FF6A8	asm/data/data_080F9EB8.s	b8 f5 0f 08 dc f5 0f 08 a8 61 00 00 2c 01 00 00 06 00 00 00 b8 f5 0f 08 f0 f5 0f 08 a8 61 00 00 2c 01 00 00
6	0x102488	gUnk_0810110C	asm/data/data_080F9EB8.s	00 00 00 00 80 00 03 ff 00 01 00 00 00 00 00 00 06 00 00 00 01 00 00 00 00 01 05 ff 00 00 00 00 06 00 08 00
6	0x103B20	gUnk_08103B10	asm/data/data_080F9EB8.s	01 00 00 00 02 00 00 00 04 00 00 00 05 00 00 00 06 00 00 00 07 00 00 00 08 00 00 00 09 00 00 00 0b 00 00 00
6	0x104530	gUnk_081043BC	asm/data/data_080F9EB8.s	30 01 48 00 05 00 00 00 03 00 00 00 f8 01 60 00 06 00 00 00 00 00 00 00 98 00 f0 01 06 00 00 00 00 00 00 00
6	0x10453C	gUnk_081043BC	asm/data/data_080F9EB8.s	f8 01 60 00 06 00 00 00 00 00 00 00 98 00 f0 01 06 00 00 00 00 00 00 00 a8 01 60 02 06 00 00 00 00 00 00 00
6	0x104548	gUnk_081043BC	asm/data/data_080F9EB8.s	98 00 f0 01 06 00 00 00 00 00 00 00 a8 01 60 02 06 00 00 00 00 00 00 00 58 04 a0 01 07 00 00 00 00 00 00 00
6	0x1046D4	gUnk_081043BC	asm/data/data_080F9EB8.s	00 03 a0 00 03 00 00 00 04 00 00 00 20 00 80 00 06 00 00 00 00 00 00 00 98 00 f0 01 06 00 00 00 00 00 00 00
6	0x1046E0	gUnk_081043BC	asm/data/data_080F9EB8.s	20 00 80 00 06 00 00 00 00 00 00 00 98 00 f0 01 06 00 00 00 00 00 00 00 a8 01 60 02 06 00 00 00 00 00 00 00
6	0x1046EC	gUnk_081043BC	asm/data/data_080F9EB8.s	98 00 f0 01 06 00 00 00 00 00 00 00 a8 01 60 02 06 00 00 00 00 00 00 00 58 04 a0 01 07 00 00 00 00 00 00 00
6	0x104F04	gUnk_08104EE7	asm/data/data_080F9EB8.s	00 00 00 00 00 00 00 00 00 00 00 00 00 00 00 00 06 00 00 00 00 00 00 00 00 00 00 00 00 00 00 00 00 00 00 00
6	0x10557C	gUnk_08104EE7	asm/data/data_080F9EB8.s	00 00 00 00 96 96 00 00 00 06 00 00 00 00 00 00 06 00 00 00 00 00 00 06 00 00 00 00 00 00 00 00 00 00 00 00
6	0x1055E0	gUnk_08104EE7	asm/data/data_080F9EB8.s	50 50 06 00 00 00 00 00 00 06 00 00 00 00 00 00 06 00 00 00 00 00 00 00 00 00 00 00 00 00 00 00 9b 9b 00 00
6	0x10560C	gUnk_08104EE7	asm/data/data_080F9EB8.s	00 00 06 00 00 00 00 00 00 06 00 00 00 00 00 00 06 00 00 00 32 32 00 00 00 00 06 00 00 00 00 00 00 00 00 00
6	0x1056E0	gUnk_0810563C	asm/data/data_080F9EB8.s	6e 00 00 00 38 00 00 00 75 00 00 00 3d 00 00 00 06 00 00 00 07 00 00 00 20 00 00 00 3a 00 00 00 ac 00 00 00
6	0x107578	gUnk_0810756C	asm/data/data_080F9EB8.s	30 00 00 00 04 00 00 00 00 00 00 00 01 00 00 00 06 00 00 00 03 00 00 00 02 00 00 00 05 00 00 00 3c 00 00 00
6	0x107DC8	gUnk_08107DBC	asm/data/data_080F9EB8.s	30 00 00 00 04 00 00 00 00 00 00 00 01 00 00 00 06 00 00 00 03 00 00 00 02 00 00 00 05 00 00 00 57 61 6e 6e
6	0x108010	gUnk_08108004	asm/data/data_080F9EB8.s	30 00 00 00 04 00 00 00 00 00 00 00 01 00 00 00 06 00 00 00 03 00 00 00 02 00 00 00 05 00 00 00 44 6f 20 79
6	0x1178B0	gUnk_08117890	asm/data/data_080F9EB8.s	05 00 00 00 0d 00 00 00 02 00 00 00 00 00 00 00 06 00 00 00 01 00 00 00 03 00 00 00 00 00 00 00 07 00 00 00
6	0x1178E8	gUnk_08117890	asm/data/data_080F9EB8.s	0a 00 00 00 01 00 00 00 00 00 00 00 11 00 00 00 06 00 00 00 02 00 00 00 00 00 00 00 05 00 00 00 07 00 00 00
6	0x117904	gUnk_08117890	asm/data/data_080F9EB8.s	05 00 00 00 07 00 00 00 03 00 00 00 00 00 00 00 06 00 00 00 08 00 00 00 04 00 00 00 00 00 00 00 07 00 00 00
6	0x122D30	gUnk_08117BC8	asm/data/data_080F9EB8.s	05 00 00 00 05 05 05 07 07 07 05 05 05 05 05 05 06 00 00 00 00 00 00 06 06 00 00 00 00 00 00 00 00 00 00 00
6	0x122D38	gUnk_08117BC8	asm/data/data_080F9EB8.s	07 07 05 05 05 05 05 05 06 00 00 00 00 00 00 06 06 00 00 00 00 00 00 00 00 00 00 00 00 00 00 00 05 05 05 05
6	0x122DB0	gUnk_08117BC8	asm/data/data_080F9EB8.s	00 00 00 00 05 05 05 07 07 07 05 05 05 05 05 05 06 00 00 00 00 00 00 06 06 00 00 00 00 00 00 00 00 00 00 00
6	0x122DB8	gUnk_08117BC8	asm/data/data_080F9EB8.s	07 07 05 05 05 05 05 05 06 00 00 00 00 00 00 06 06 00 00 00 00 00 00 00 00 00 00 00 00 00 00 00 00 05 05 05
6	0x122E30	gUnk_08117BC8	asm/data/data_080F9EB8.s	00 00 00 00 05 05 05 05 05 05 08 08 05 05 05 05 06 00 00 00 00 00 00 06 06 00 00 00 00 00 00 00 00 00 00 00
6	0x122E38	gUnk_08117BC8	asm/data/data_080F9EB8.s	05 05 08 08 05 05 05 05 06 00 00 00 00 00 00 06 06 00 00 00 00 00 00 00 00 00 00 00 00 00 00 00 00 00 05 05
6	0x126984	gUnk_08117BC8	asm/data/data_080F9EB8.s	00 02 02 00 00 06 06 06 06 07 07 07 07 06 06 06 06 00 00 00 00 00 00 00 00 00 00 00 00 00 02 00 00 0a 0a 0a
6	0x1269E0	gUnk_08117BC8	asm/data/data_080F9EB8.s	09 02 02 00 00 06 06 06 06 07 07 07 07 06 06 06 06 00 00 00 00 00 00 00 03 03 03 03 03 03 02 00 00 0a 0a 0a
6	0x126EC8	gUnk_08117BC8	asm/data/data_080F9EB8.s	00 00 00 00 00 00 00 00 00 04 04 00 00 00 00 06 06 00 00 00 00 00 00 00 00 00 00 00 00 00 00 00 00 00 00 00
6	0x126F28	gUnk_08117BC8	asm/data/data_080F9EB8.s	00 00 00 00 00 04 04 06 06 09 09 09 09 09 09 06 06 00 00 00 00 00 00 00 06 06 09 09 09 09 09 09 06 06 00 00
6	0x1270DC	gUnk_08117BC8	asm/data/data_080F9EB8.s	00 00 00 00 00 00 00 00 00 00 00 00 00 00 00 06 06 00 00 00 00 00 00 00 00 00 00 00 00 04 04 00 00 00 00 00
6	0x12713C	gUnk_08117BC8	asm/data/data_080F9EB8.s	00 00 00 00 00 00 00 06 06 09 09 09 09 09 09 06 06 00 00 00 00 00 00 00 00 04 04 00 00 00 00 00 00 00 00 06
6	0x127158	gUnk_08117BC8	asm/data/data_080F9EB8.s	00 00 00 00 00 00 00 06 06 09 09 09 09 09 09 06 06 00 00 00 00 00 00 00 00 06 06 09 09 09 09 09 09 06 06 00
6	0x1271B0	gUnk_08117BC8	asm/data/data_080F9EB8.s	00 04 04 00 00 00 00 00 00 00 00 00 00 00 00 06 06 00 00 00 00 00 00 00 00 00 00 00 00 00 00 00 00 06 06 00
6	0x127D0C	gUnk_08117BC8	asm/data/data_080F9EB8.s	0a 02 02 02 02 02 02 02 02 02 02 02 02 02 02 06 06 00 00 00 00 00 00 00 00 00 00 00 00 00 02 00 00 00 00 00
6	0x1292EC	gUnk_08117BC8	asm/data/data_080F9EB8.s	09 09 05 00 00 00 00 00 00 00 00 08 08 03 03 06 06 00 00 00 00 00 00 00 00 00 09 09 09 09 09 09 00 00 00 00
6	0x129328	gUnk_08117BC8	asm/data/data_080F9EB8.s	05 00 00 00 00 00 00 00 00 00 00 08 08 03 03 06 06 00 00 00 00 00 00 00 00 00 00 00 00 00 00 00 00 00 00 00
6	0x129CC4	gUnk_08117BC8	asm/data/data_080F9EB8.s	00 00 00 00 00 00 00 00 00 00 00 06 0a 0a 0a 0a 06 00 00 00 00 00 00 00 00 00 00 00 00 00 00 00 00 00 00 02
6	0x12A2FC	gUnk_08117BC8	asm/data/data_080F9EB8.s	00 00 00 00 00 00 00 00 00 00 00 06 0a 0a 0a 0a 06 00 00 00 00 00 00 00 00 00 00 00 00 02 02 00 00 00 00 00
6	0x12C4B4	gUnk_08117BC8	asm/data/data_080F9EB8.s	06 06 06 06 06 0a 0a 00 00 00 00 06 06 06 06 06 06 00 00 00 1f 1f 06 06 06 06 06 06 06 06 0a 0a 00 00 00 00
6	0x12C564	gUnk_08117BC8	asm/data/data_080F9EB8.s	06 06 06 06 06 0a 0a 00 00 00 00 06 06 06 06 06 06 00 00 00 1f 1f 06 06 06 06 06 06 06 06 0a 0a 00 00 00 00
6	0x12CA74	gUnk_08117BC8	asm/data/data_080F9EB8.s	0b 06 06 06 06 06 06 06 06 06 06 06 06 06 06 06 06 00 00 00 00 00 00 00 00 00 06 06 06 06 06 06 06 06 06 06
6	0x12CAAC	gUnk_08117BC8	asm/data/data_080F9EB8.s	06 06 06 06 0b 0b 0b 06 06 06 06 06 06 06 06 06 06 00 00 00 00 00 00 00 06 06 06 06 06 06 06 06 06 06 06 06
6	0x12E1D4	gUnk_08117BC8	asm/data/data_080F9EB8.s	00 1e 1e 07 07 07 07 06 06 06 06 06 06 06 06 06 06 00 00 00 00 00 00 00 01 0b 0b 06 06 06 06 06 06 06 06 06
6	0x12E20C	gUnk_08117BC8	asm/data/data_080F9EB8.s	06 06 06 06 06 06 06 06 06 06 06 06 06 06 06 06 06 00 00 00 00 00 00 00 06 06 06 06 06 06 06 06 06 06 06 06
6	0x12E62C	gUnk_08117BC8	asm/data/data_080F9EB8.s	06 06 0b 0b 0b 06 06 06 06 06 06 06 06 06 06 06 06 00 00 00 00 00 00 00 06 06 06 06 06 06 06 06 06 06 06 06
6	0x12F3E8	gUnk_08117BC8	asm/data/data_080F9EB8.s	00 00 04 04 04 04 04 04 03 03 03 03 03 03 03 06 06 00 00 00 00 00 00 00 00 00 00 00 00 00 00 00 04 04 04 04
6	0x12F424	gUnk_08117BC8	asm/data/data_080F9EB8.s	00 00 04 04 04 04 04 04 03 03 03 03 03 03 03 06 06 00 00 00 00 00 00 00 00 00 00 00 00 00 00 00 04 04 04 04
6	0x13520C	gUnk_08117BC8	asm/data/data_080F9EB8.s	06 06 06 06 06 06 06 06 06 06 06 06 06 06 06 06 06 00 00 00 00 00 00 06 06 06 06 06 06 06 06 06 06 06 06 06
6	0x135398	gUnk_08117BC8	asm/data/data_080F9EB8.s	06 06 06 06 06 06 06 06 06 06 06 06 06 06 06 06 06 00 00 00 00 00 00 00 00 00 00 00 00 00 00 06 06 06 06 06
6	0x1353F8	gUnk_08117BC8	asm/data/data_080F9EB8.s	06 06 06 06 06 06 06 06 06 06 06 06 06 06 06 06 06 00 00 00 00 00 00 06 06 06 06 06 06 06 06 06 06 06 06 06
6	0x1354C0	gUnk_08117BC8	asm/data/data_080F9EB8.s	06 06 06 06 06 06 06 06 06 06 06 06 06 06 06 06 06 00 00 00 00 00 00 06 06 06 06 06 06 06 06 06 06 06 06 06
6	0x13564C	gUnk_08117BC8	asm/data/data_080F9EB8.s	06 06 06 06 06 06 06 06 06 06 06 06 06 06 06 06 06 00 00 00 00 00 00 00 00 00 00 00 00 00 00 06 06 06 06 06
6	0x1356AC	gUnk_08117BC8	asm/data/data_080F9EB8.s	06 06 06 06 06 06 06 06 06 06 06 06 06 06 06 06 06 00 00 00 00 00 00 06 06 06 06 06 06 06 06 06 06 06 06 06
6	0x135774	gUnk_08117BC8	asm/data/data_080F9EB8.s	06 06 06 06 06 06 06 06 06 06 06 06 06 06 06 06 06 00 00 00 00 00 00 06 06 06 06 06 06 06 06 06 06 06 06 06
6	0x135900	gUnk_08117BC8	asm/data/data_080F9EB8.s	06 06 06 06 06 06 06 06 06 06 06 06 06 06 06 06 06 00 00 00 00 00 00 00 00 00 00 00 0c 0c 00 06 06 06 06 06
6	0x135960	gUnk_08117BC8	asm/data/data_080F9EB8.s	06 06 06 06 06 06 06 06 06 06 06 06 06 06 0a 0a 06 00 00 00 00 00 00 06 06 06 06 06 06 06 06 06 06 06 06 06
6	0x135A28	gUnk_08117BC8	asm/data/data_080F9EB8.s	06 06 06 06 06 06 06 06 06 06 06 06 06 06 06 06 06 00 00 00 00 00 00 00 00 00 06 08 08 06 06 06 06 06 06 06
6	0x135A40	gUnk_08117BC8	asm/data/data_080F9EB8.s	00 00 06 08 08 06 06 06 06 06 06 06 06 06 06 06 06 00 00 00 00 00 00 00 00 00 00 00 00 06 06 06 06 06 06 06
6	0x135CDC	gUnk_08117BC8	asm/data/data_080F9EB8.s	06 06 06 06 06 06 06 06 06 06 06 06 06 06 06 06 06 00 00 00 00 00 00 00 00 00 00 00 00 00 00 00 00 00 00 00
6	0x135F3C	gUnk_08117BC8	asm/data/data_080F9EB8.s	06 06 06 06 06 06 06 06 06 06 06 06 06 06 06 06 06 00 00 00 00 00 09 09 06 06 06 06 06 06 06 06 06 06 06 06
6	0x135F5C	gUnk_08117BC8	asm/data/data_080F9EB8.s	06 06 06 06 06 06 06 06 06 06 06 06 06 06 06 06 06 00 00 00 06 06 06 06 06 06 06 06 06 06 06 06 06 06 06 06
6	0x135F90	gUnk_08117BC8	asm/data/data_080F9EB8.s	06 06 06 06 06 06 06 06 06 06 06 06 06 06 06 06 06 00 00 00 00 00 00 00 00 06 06 06 06 06 06 06 06 06 06 06
6	0x13610C	gUnk_08117BC8	asm/data/data_080F9EB8.s	06 06 06 06 06 06 06 06 06 06 06 06 06 06 06 06 06 00 00 00 00 00 00 00 00 00 00 00 00 00 00 00 00 00 00 00
6	0x1361F0	gUnk_08117BC8	asm/data/data_080F9EB8.s	06 06 06 06 06 06 06 06 06 06 06 06 06 06 06 06 06 00 00 00 00 00 06 06 00 00 00 00 00 00 00 00 00 06 0e 0e
6	0x136244	gUnk_08117BC8	asm/data/data_080F9EB8.s	06 06 06 06 06 06 06 06 06 06 06 06 06 06 06 06 06 00 00 00 00 00 00 06 06 06 06 06 06 06 06 06 06 06 06 06
6	0x1362A4	gUnk_08117BC8	asm/data/data_080F9EB8.s	06 06 06 06 06 06 06 06 06 06 00 00 00 00 00 06 06 00 00 00 00 00 00 00 00 00 06 06 06 06 06 06 06 12 12 12
6	0x13632C	gUnk_08117BC8	asm/data/data_080F9EB8.s	0f 0f 00 00 00 00 00 00 00 00 00 00 00 00 00 06 06 00 00 00 00 00 07 07 06 06 06 06 06 06 06 06 06 06 06 06
6	0x136368	gUnk_08117BC8	asm/data/data_080F9EB8.s	00 00 00 00 00 00 00 06 06 06 06 06 06 06 06 06 06 00 00 00 00 00 00 00 00 00 00 00 00 00 00 00 00 00 00 00
6	0x1363C0	gUnk_08117BC8	asm/data/data_080F9EB8.s	06 06 06 06 06 06 06 06 06 06 06 06 06 06 06 06 06 00 00 00 00 00 00 00 06 00 00 00 00 00 00 00 00 00 00 00
6	0x1363C8	gUnk_08117BC8	asm/data/data_080F9EB8.s	06 06 06 06 06 06 06 06 06 00 00 00 00 00 00 00 06 00 00 00 00 00 00 00 00 00 00 00 00 00 00 00 00 00 00 00
6	0x1364A4	gUnk_08117BC8	asm/data/data_080F9EB8.s	06 06 06 06 06 06 06 06 06 06 06 06 06 06 06 06 06 00 00 00 00 00 06 06 06 06 06 06 06 06 06 06 06 06 06 06
6	0x1364F8	gUnk_08117BC8	asm/data/data_080F9EB8.s	06 06 06 06 06 06 06 06 06 06 06 06 06 06 06 06 06 00 00 00 00 00 00 06 06 06 06 06 06 06 06 06 06 06 06 06
6	0x136674	gUnk_08117BC8	asm/data/data_080F9EB8.s	06 06 06 06 06 06 06 06 06 06 06 06 06 06 06 06 06 00 00 00 00 00 00 00 06 00 00 00 00 00 00 00 00 00 00 00
6	0x13667C	gUnk_08117BC8	asm/data/data_080F9EB8.s	06 06 06 06 06 06 06 06 06 00 00 00 00 00 00 00 06 00 00 00 00 00 00 00 00 00 00 00 00 00 00 00 00 00 00 00
6	0x1366C0	gUnk_08117BC8	asm/data/data_080F9EB8.s	00 06 06 06 06 06 06 06 06 06 06 06 06 06 06 06 06 00 00 00 00 00 00 00 00 00 00 00 00 00 00 00 00 00 00 00
6	0x136758	gUnk_08117BC8	asm/data/data_080F9EB8.s	06 06 06 06 06 06 06 06 06 06 06 06 06 06 06 06 06 00 00 00 00 00 06 06 06 00 00 00 00 00 00 00 00 00 00 00
6	0x136760	gUnk_08117BC8	asm/data/data_080F9EB8.s	06 06 06 06 06 06 06 06 06 00 00 00 00 00 06 06 06 00 00 00 00 00 00 00 00 00 00 00 00 00 00 00 00 00 00 00
6	0x1367AC	gUnk_08117BC8	asm/data/data_080F9EB8.s	06 06 06 06 06 06 06 06 06 06 06 06 06 06 06 06 06 00 00 00 00 00 00 06 06 06 06 06 06 06 06 06 06 06 06 06
6	0x136928	gUnk_08117BC8	asm/data/data_080F9EB8.s	06 06 06 06 06 06 06 06 06 06 06 06 06 06 06 06 06 00 00 00 00 00 00 00 06 00 00 00 00 00 00 00 00 00 00 00
6	0x136930	gUnk_08117BC8	asm/data/data_080F9EB8.s	06 06 06 06 06 06 06 06 06 00 00 00 00 00 00 00 06 00 00 00 00 00 00 00 00 00 00 00 00 00 00 00 00 00 00 00
6	0x136A0C	gUnk_08117BC8	asm/data/data_080F9EB8.s	06 06 06 06 06 06 06 06 06 06 06 06 06 06 06 06 06 00 00 00 00 00 06 06 06 06 06 06 06 06 06 06 06 00 00 00
6	0x136A1C	gUnk_08117BC8	asm/data/data_080F9EB8.s	06 00 00 00 00 00 06 06 06 06 06 06 06 06 06 06 06 00 00 00 00 00 00 00 00 00 00 00 00 00 00 00 00 00 00 00
6	0x136A60	gUnk_08117BC8	asm/data/data_080F9EB8.s	06 06 06 06 06 06 06 06 06 06 06 06 06 06 06 06 06 00 00 00 00 00 00 06 06 06 06 06 06 06 06 06 06 06 06 06
6	0x136BDC	gUnk_08117BC8	asm/data/data_080F9EB8.s	06 06 06 06 06 06 06 06 06 06 06 06 06 06 06 06 06 00 00 00 00 00 00 00 06 00 00 00 00 00 00 00 00 00 00 00
6	0x136BE4	gUnk_08117BC8	asm/data/data_080F9EB8.s	06 06 06 06 06 06 06 06 06 00 00 00 00 00 00 00 06 00 00 00 00 00 00 00 00 00 00 00 00 00 00 06 00 00 00 00
6	0x136CA0	gUnk_08117BC8	asm/data/data_080F9EB8.s	00 06 00 00 00 00 00 00 00 00 00 00 00 00 00 00 06 00 00 00 00 00 00 00 00 00 00 06 06 06 06 06 06 06 06 06
6	0x136CC0	gUnk_08117BC8	asm/data/data_080F9EB8.s	06 06 06 06 06 06 06 06 06 06 06 06 06 06 06 06 06 00 00 00 00 00 06 06 06 06 06 06 06 06 06 06 06 00 00 00
6	0x136CD0	gUnk_08117BC8	asm/data/data_080F9EB8.s	06 00 00 00 00 00 06 06 06 06 06 06 06 06 06 06 06 00 00 00 00 00 00 00 00 00 00 00 00 00 00 00 00 00 00 00
6	0x136D14	gUnk_08117BC8	asm/data/data_080F9EB8.s	06 06 06 06 06 06 06 06 06 06 06 06 06 06 06 06 06 00 00 00 00 00 00 06 06 06 06 06 06 06 06 06 06 06 06 06
6	0x136E98	gUnk_08117BC8	asm/data/data_080F9EB8.s	06 06 06 06 06 06 06 06 06 06 06 06 06 06 06 06 06 00 00 00 00 00 00 00 00 00 00 00 00 00 00 06 00 00 00 00
6	0x136F74	gUnk_08117BC8	asm/data/data_080F9EB8.s	06 06 06 06 06 06 06 06 06 06 06 06 06 06 06 06 06 00 00 00 00 00 06 06 06 06 06 06 06 06 06 06 06 00 00 00
6	0x136F84	gUnk_08117BC8	asm/data/data_080F9EB8.s	06 00 00 00 00 00 06 06 06 06 06 06 06 06 06 06 06 00 00 00 00 00 00 00 00 00 00 00 00 00 00 00 00 00 00 00
6	0x136FC8	gUnk_08117BC8	asm/data/data_080F9EB8.s	06 06 06 06 06 06 06 06 06 06 06 06 06 06 06 06 06 00 00 00 00 00 00 06 06 06 06 06 06 06 06 06 06 06 06 06
6	0x137228	gUnk_08117BC8	asm/data/data_080F9EB8.s	06 06 06 06 06 06 06 06 06 06 06 06 06 06 06 06 06 00 00 00 00 00 06 06 06 06 06 06 06 06 06 06 06 00 00 00
6	0x137238	gUnk_08117BC8	asm/data/data_080F9EB8.s	06 00 00 00 00 00 06 06 06 06 06 06 06 06 06 06 06 00 00 00 00 00 00 00 00 00 00 00 00 00 00 00 00 00 00 00
6	0x13727C	gUnk_08117BC8	asm/data/data_080F9EB8.s	06 06 06 06 06 06 06 06 06 06 06 06 06 06 06 06 06 00 00 00 00 00 00 06 06 06 06 06 06 06 06 06 06 06 06 06
6	0x1372A8	gUnk_08117BC8	asm/data/data_080F9EB8.s	06 06 06 06 06 06 06 06 06 06 06 06 06 06 06 06 06 00 00 00 00 00 00 00 00 00 00 00 00 00 00 00 00 00 00 00
6	0x1373B8	gUnk_08117BC8	asm/data/data_080F9EB8.s	00 00 00 00 00 00 00 00 00 00 00 00 00 00 00 00 06 00 00 00 06 06 06 06 06 06 06 06 06 06 06 06 06 06 06 06
6	0x1374AC	gUnk_08117BC8	asm/data/data_080F9EB8.s	06 06 06 06 06 06 06 06 06 06 06 06 06 06 06 06 06 00 00 00 00 00 00 00 00 00 00 00 00 00 00 00 00 00 00 00
6	0x1374DC	gUnk_08117BC8	asm/data/data_080F9EB8.s	06 06 06 06 06 06 06 06 06 06 06 06 06 06 06 06 06 00 00 00 00 00 06 06 06 06 06 06 06 06 06 06 06 00 00 00
6	0x1374EC	gUnk_08117BC8	asm/data/data_080F9EB8.s	06 00 00 00 00 00 06 06 06 06 06 06 06 06 06 06 06 00 00 00 00 00 00 00 00 00 00 00 00 00 00 00 00 00 00 00
6	0x137530	gUnk_08117BC8	asm/data/data_080F9EB8.s	06 06 06 06 06 06 06 06 06 06 06 06 06 06 06 06 06 00 00 00 00 00 00 06 06 06 06 06 06 06 06 06 06 06 06 06
6	0x1377E4	gUnk_08117BC8	asm/data/data_080F9EB8.s	05 05 05 05 05 05 05 06 06 06 06 06 06 06 06 06 06 00 00 00 00 00 00 06 06 06 06 06 06 06 06 06 06 06 06 06
6	0x19161C	gUnk_080FFFFC	fomt.map	f4 fe 02 00 00 05 0c 03 00 fe f5 f4 f9 fc fe 05 06 00 00 00 f9 f6 00 00 00 00 00 00 fd 00 03 03 00 00 00 00
6	0x1934BC	gUnk_080FFFFC	fomt.map	f2 fd fc f7 01 0d 06 ff 07 0a 02 fe f7 f7 fa 08 06 00 00 00 00 00 0b 11 00 f8 fb 00 fe fb ff 00 00 ff f5 fd
6	0x19D514	gUnk_080FFFFC	fomt.map	1b 17 1c 2f 3c 3d 3c 4c 64 76 7c 7b 7b 74 50 23 06 00 00 00 00 f4 dd cf d5 e9 f2 d8 bd b3 c1 dc f5 12 2e 3a
6	0x1B304C	gUnk_080FFFFC	fomt.map	00 00 fe ff 00 00 00 fd 00 03 00 00 00 01 05 04 06 00 00 00 00 00 00 00 02 06 00 04 00 00 00 00 00 00 00 00
6	0x1B32D0	gUnk_080FFFFC	fomt.map	00 00 00 00 00 00 00 00 ff 00 00 02 02 00 fd 01 06 00 00 00 06 03 02 01 00 00 00 00 ff fc 00 03 00 ff ff 00
6	0x1BA9CC	gUnk_080FFFFC	fomt.map	00 00 00 00 00 00 00 00 00 00 ff ff 00 00 00 05 06 00 00 00 01 02 02 02 04 02 00 00 00 00 00 00 ff 00 00 00
6	0x1BB1A4	gUnk_080FFFFC	fomt.map	00 fd ff 00 00 00 00 00 04 04 00 fc fe 00 08 0f 06 00 00 00 f9 fc 00 00 00 00 00 00 00 00 00 00 00 03 04 01
6	0x1BD25C	gUnk_080FFFFC	fomt.map	01 09 07 fd 01 0d f1 e2 f1 00 00 fe 03 0f 05 01 06 00 00 00 fb 04 05 ff 08 05 fe f8 00 14 16 0a fc ea e7 e8
6	0x1CB2DC	gUnk_080FFFFC	fomt.map	00 fc 00 00 ff fa fa fe 02 ff 00 fb f9 00 00 06 06 00 00 00 fe fe 00 00 00 f9 01 00 ff fe f7 f8 f6 f6 f7 ff
6	0x1CB95C	gUnk_080FFFFC	fomt.map	fd 00 00 00 00 00 00 08 07 ff 00 00 00 00 09 0a 06 00 00 00 00 00 00 fb fe 00 00 00 00 00 00 03 07 03 01 07
6	0x1CC38C	gUnk_080FFFFC	fomt.map	00 00 00 ff 00 00 00 fe 00 00 00 00 00 00 02 05 06 00 00 00 00 00 ff fc fc ff 00 00 00 00 00 04 00 00 00 00
6	0x1E3FC0	gUnk_080FFFFC	fomt.map	fe 05 09 05 fd f8 fa 00 03 01 fd f8 fa 01 09 0b 06 00 00 00 fe f8 f4 f9 03 08 02 fb fb 05 10 10 02 f6 f4 fb
6	0x1EC488	gUnk_080FFFFC	fomt.map	e9 f9 07 06 04 01 05 0b 09 fe ea e6 f6 0a 16 14 06 00 00 00 ff f3 ee f9 0e 1f 18 02 ef ed f9 00 01 ff 00 07
6	0x1F906C	gUnk_080FFFFC	fomt.map	fb 00 00 00 00 ff fb fb 00 00 01 05 0a 0a 0e 0e 06 00 00 00 00 00 00 00 00 00 00 00 00 00 ff ff fb fb fb fa
6	0x1FEEE0	gUnk_080FFFFC	fomt.map	00 00 00 00 03 00 00 00 00 00 ff 00 01 00 fd fa 06 00 00 00 04 ff 00 00 01 00 01 00 00 fd 00 01 00 00 01 ff
6	0x203E8C	gUnk_080FFFFC	fomt.map	fa fa 00 00 00 00 02 09 09 09 0d 09 09 0d 06 02 06 00 00 00 f3 ec e9 f0 f7 f3 f7 fa 00 00 fe fe 00 00 fe fe
6	0x204324	gUnk_080FFFFC	fomt.map	00 00 f4 fc ee f4 f2 06 00 ff 00 ff 00 00 f8 fc 06 00 00 00 00 03 03 01 00 01 00 03 01 fc 08 01 06 04 fc 00
6	0x2081EC	gUnk_080FFFFC	fomt.map	00 01 01 09 06 14 1c 0a 1c 17 11 1d 06 14 0d 00 06 00 00 00 00 fa fa f6 f3 ef ed f2 ed fa f7 fa 00 ff 00 00
6	0x208A98	gUnk_080FFFFC	fomt.map	fa 00 00 00 01 01 00 00 00 ff 00 00 00 01 06 09 06 00 00 00 00 00 00 04 04 04 06 06 04 00 00 00 00 00 00 00
6	0x209550	gUnk_080FFFFC	fomt.map	00 00 00 00 00 00 00 00 00 00 00 00 00 04 04 04 06 00 00 00 ff 00 ff ff 00 00 00 00 00 00 00 00 00 00 00 00
6	0x2095D8	gUnk_080FFFFC	fomt.map	06 0d 01 00 00 00 01 00 01 06 0a 0a 09 0e 13 0e 06 00 00 00 00 01 01 01 01 04 04 01 00 00 00 00 ff fa fc fa
6	0x20AB5C	gUnk_080FFFFC	fomt.map	00 00 00 00 00 00 00 00 e9 82 82 63 63 00 00 00 06 00 00 00 00 53 53 25 e9 99 fa 75 7d 10 02 02 00 db c2 d0
6	0x20CAA4	gUnk_080FFFFC	fomt.map	0c 1b 13 07 00 ff 00 00 ff 00 00 00 10 15 11 10 06 00 00 00 fd ff 00 00 03 07 07 03 00 02 00 00 00 00 00 00
6	0x20CB28	gUnk_080FFFFC	fomt.map	fc f9 ff ff 00 00 00 00 01 00 00 00 00 00 04 06 06 00 00 00 00 00 00 fc fe 00 00 00 00 00 00 02 08 08 02 00
6	0x21B6E8	gUnk_080FFFFC	fomt.map	00 00 00 00 00 00 00 00 00 00 04 01 01 02 03 02 06 00 00 00 04 03 01 03 00 00 06 01 01 00 00 01 03 00 00 00
6	0x21BF90	gUnk_080FFFFC	fomt.map	fc fd 00 00 00 00 fe 00 00 00 00 00 00 00 00 00 06 00 00 00 00 00 00 00 00 00 00 00 00 00 00 00 00 02 00 00
6	0x21FD2C	gUnk_080FFFFC	fomt.map	fa f9 fe fe 00 00 00 00 00 02 06 09 09 07 07 06 06 00 00 00 ff fa fa f7 f2 f2 f1 ed f1 f2 f3 f7 fa fe 00 00
6	0x220160	gUnk_080FFFFC	fomt.map	ff 00 fe fa f3 f3 f1 ed ec e8 ed f3 ff 00 01 02 06 00 00 00 00 07 0d 06 00 f7 f2 f9 00 0f 1b 20 1f 14 09 06
6	0x220398	gUnk_080FFFFC	fomt.map	e5 e6 ec f7 00 00 06 0d 0f 14 14 1a 14 13 0e 09 06 00 00 00 fa f9 f7 f3 f9 f3 f3 f2 f7 ff 02 1b 44 5f 71 71
6	0x22F6E8	gUnk_080FFFFC	fomt.map	08 08 09 06 00 00 04 08 08 05 00 00 00 01 03 05 06 00 00 00 00 00 00 00 00 00 fd fe fc f9 fc fe fa fa fa fb
6	0x230F90	gUnk_080FFFFC	fomt.map	11 02 f6 de e2 00 14 09 f8 f6 00 00 00 02 08 0a 06 00 00 00 fe 00 01 ff f3 fb 0f 0a ed cf cd eb 01 fb df cd
6	0x252254	gUnk_080FFFFC	fomt.map	00 fd fd 01 02 04 04 fc fc 00 00 fb fa fb fe 02 06 00 00 00 01 05 05 02 ff fa f9 fa fe fe fb 00 04 03 ff fe
6	0x256EA8	gUnk_080FFFFC	fomt.map	00 00 00 fc fe 04 04 01 02 01 00 02 0c 12 0f 0c 06 00 00 00 fe 00 00 00 00 00 f7 f1 fc 00 00 fc fe ff 00 06
6	0x256FFC	gUnk_080FFFFC	fomt.map	00 00 00 00 00 00 00 00 00 00 00 fe 00 00 00 02 06 00 00 00 00 ff fe fe fe ff 00 00 ff fe 00 00 00 00 fe ff
6	0x260100	gUnk_080FFFFC	fomt.map	0e 13 13 13 06 03 06 00 00 fd f2 f2 fd f5 fd 00 06 00 00 00 00 00 fa fd 03 03 13 0b 06 00 00 03 03 00 fd fd
6	0x2607D8	gUnk_080FFFFC	fomt.map	03 2b 48 1f 03 f2 e1 d5 e5 f5 1b 13 00 fa 00 00 06 00 00 00 13 1b fd 0e 00 13 03 00 00 0e e1 ed bb f5 f5 0b
6	0x260AC8	gUnk_080FFFFC	fomt.map	00 fa fa 00 06 0b 13 06 fa fd fd e9 fd 00 fa 00 06 00 00 00 fa f2 00 fd ed 00 03 00 13 0b 00 00 03 fd 03 00
6	0x2617D8	gUnk_080FFFFC	fomt.map	f2 00 dd 00 1b 17 2f 17 f2 f2 fa fa 03 00 fa 0b 06 00 00 00 fd 0b 06 fd fd f2 e9 03 03 0b 17 06 00 03 03 00
6	0x262E78	gUnk_080FFFFC	fomt.map	d3 de d7 de e1 ec f3 00 00 fd 00 00 00 03 03 06 06 00 00 00 00 03 00 00 00 00 00 00 00 00 00 00 00 00 00 00
6	0x262F00	gUnk_080FFFFC	fomt.map	00 00 0a 0a 0d 06 00 00 00 00 03 00 00 03 03 06 06 00 00 00 00 00 00 00 00 00 00 fa f6 fa fa fd 00 00 fd fd
6	0x263118	gUnk_080FFFFC	fomt.map	fa 00 00 00 00 00 03 03 03 06 03 06 0a 0a 11 06 06 00 00 00 fa f6 f6 fa f3 fa f6 f6 fa f6 fd 00 00 00 00 00
6	0x26331C	gUnk_080FFFFC	fomt.map	f6 ef fa f6 ef ef fa fd 00 00 0a 03 06 0d 0a 06 06 00 00 00 00 00 00 00 00 00 0a 0d 11 0a 0d 0a 06 03 00 00
6	0x2635AC	gUnk_080FFFFC	fomt.map	03 03 06 00 00 00 00 00 00 00 00 00 00 00 03 00 06 00 00 00 00 00 fd fd f6 00 00 00 00 00 00 00 00 03 00 00
6	0x263E38	gUnk_080FFFFC	fomt.map	00 00 00 00 00 00 00 00 06 0a 14 1f 29 29 22 11 06 00 00 00 0a 06 00 00 f3 ec e1 ec ec f6 fa 00 00 00 00 00
6	0x263F4C	gUnk_080FFFFC	fomt.map	ec e8 e8 fa fd 00 00 00 00 00 00 00 00 03 03 00 06 00 00 00 00 00 fd 00 00 00 00 00 00 00 00 00 00 00 00 00
6	0x26426C	gUnk_080FFFFC	fomt.map	00 00 00 00 00 00 00 00 00 00 00 00 00 00 06 0d 06 00 00 00 00 00 00 00 00 00 00 00 00 00 00 00 03 00 00 00
6	0x264320	gUnk_080FFFFC	fomt.map	00 03 06 00 06 0a 0a 06 0d 0d 11 11 14 0d 11 0a 06 00 00 00 f6 f6 fa fd fd 00 00 00 00 00 00 00 00 00 00 00
6	0x264344	gUnk_080FFFFC	fomt.map	00 00 00 00 00 00 00 fa 00 00 00 03 0d 06 0a 06 06 00 00 00 00 fa f6 f3 f3 f3 f6 f6 f6 fa fd fa fa 00 00 00
6	0x2643AC	gUnk_080FFFFC	fomt.map	fd fd fa fa fa fd f3 f6 f3 f6 fd 00 00 00 00 03 06 00 00 00 00 00 00 00 0a 00 00 00 00 00 00 00 00 00 00 00
6	0x26440C	gUnk_080FFFFC	fomt.map	00 00 03 00 03 03 03 03 00 03 00 00 00 00 00 00 06 00 00 00 00 00 fd fd 00 00 00 00 00 00 00 00 00 00 00 00
6	0x2662D8	gUnk_080FFFFC	fomt.map	02 01 03 01 03 04 02 03 01 02 00 00 ff 00 00 02 06 00 00 00 02 01 02 00 00 00 02 03 05 fe 00 00 fd 00 04 02
6	0x267C34	gUnk_080FFFFC	fomt.map	b1 af bf cd d0 cd cd d2 e3 fa 06 15 20 27 26 17 06 00 00 00 04 09 0e 0e 02 f2 d2 b4 a3 a8 c3 eb 0d 2e 45 4c
6	0x26941C	gUnk_080FFFFC	fomt.map	bf bf c9 da ec fc 00 fa ee e7 ee 00 0d 1b 1c 14 06 00 00 00 06 0e 12 15 19 19 15 14 17 17 1c 20 1d 17 0b 02
6	0x269A48	gUnk_080FFFFC	fomt.map	f7 fe 00 02 00 00 fa f2 f0 f0 f7 fe 02 0b 0b 09 06 00 00 00 00 00 04 10 22 31 3d 3d 38 30 26 20 17 0e 00 f5
6	0x269C24	gUnk_080FFFFC	fomt.map	f7 00 09 14 1c 23 29 31 35 38 38 35 2c 22 17 0d 06 00 00 00 fa f7 f5 f2 f5 fc 00 00 00 00 f7 ee e7 e0 d9 d9
6	0x269EE4	gUnk_080FFFFC	fomt.map	0e 09 06 02 00 00 fe 00 00 02 06 09 0b 0e 10 0b 06 00 00 00 fe fe fe fc f7 f0 ee f0 fc 00 02 02 00 fe fc 00
6	0x26A42C	gUnk_080FFFFC	fomt.map	00 fe fe 00 00 06 06 06 00 00 00 00 09 10 12 0e 06 00 00 00 00 00 00 00 00 00 02 02 06 04 04 02 00 02 06 02
6	0x26A550	gUnk_080FFFFC	fomt.map	ee eb e9 ec f0 fa 00 00 00 00 00 00 06 0b 0e 0d 06 00 00 00 00 00 04 09 0d 06 00 00 00 fa fa fa f7 f3 ee ec
6	0x26ADF8	gUnk_080FFFFC	fomt.map	fa 00 00 06 06 04 02 00 00 02 06 09 09 0d 0d 0b 06 00 00 00 00 00 00 00 00 00 00 02 04 04 04 00 00 fe f5 f2
6	0x26B30C	gUnk_080FFFFC	fomt.map	00 00 00 00 00 00 00 00 00 02 0b 10 12 14 10 0d 06 00 00 00 00 04 06 06 06 02 00 00 00 00 00 00 fc fa f7 fa
6	0x26B588	gUnk_080FFFFC	fomt.map	0e 0e 09 09 06 06 09 06 06 06 04 06 09 0d 0d 0b 06 00 00 00 fe fe fc fe fc fa fa f5 f3 f0 f2 f3 f7 fc 00 00
6	0x26BE08	gUnk_080FFFFC	fomt.map	fe 00 02 06 06 09 06 04 04 06 0b 0b 0e 0e 0e 0b 06 00 00 00 fe fc fc fa fa f5 f3 f0 ec f0 f0 f0 f2 f5 fa fa
6	0x26BE38	gUnk_080FFFFC	fomt.map	02 06 0d 10 12 12 10 10 0d 0d 0d 10 10 12 12 0d 06 00 00 00 00 00 fe fa f2 eb e5 e4 e7 eb ec ec ee f0 f3 f7
6	0x26BFB8	gUnk_080FFFFC	fomt.map	f3 f2 f3 f7 fe 00 04 0b 0e 0e 10 0d 10 0e 12 0e 06 00 00 00 00 00 00 00 00 00 00 fa fa fc 00 00 02 04 06 06
6	0x26C214	gUnk_080FFFFC	fomt.map	00 fe fe fe 00 00 00 fe 00 fe 00 00 00 06 09 09 06 00 00 00 00 00 fe fa f5 f0 ee f0 f3 fa 00 00 00 02 04 06
6	0x26C9E0	gUnk_080FFFFC	fomt.map	00 04 04 00 00 00 00 00 04 06 06 0b 09 06 06 06 06 00 00 00 00 00 00 00 00 fe fc fa f7 fa f5 f3 f0 ec eb eb
6	0x26CAE4	gUnk_080FFFFC	fomt.map	00 00 04 09 0d 10 12 12 12 12 12 15 12 10 0d 09 06 00 00 00 fa f7 f7 f7 f5 f5 f2 ee eb e9 e9 ee f2 fa fa fe
6	0x26CE6C	gUnk_080FFFFC	fomt.map	09 09 06 06 06 09 06 06 06 04 06 06 09 09 0b 06 06 00 00 00 00 00 00 00 00 00 fc fa f7 f7 f3 f5 f7 fa fa fa
6	0x26D9EC	gUnk_080FFFFC	fomt.map	06 09 06 0b 06 0b 09 0b 09 0d 09 09 09 06 06 04 06 00 00 00 00 fa fa fa fa fa fa fc fa fa fa f5 f7 f7 fc 00
6	0x27DC18	gUnk_080FFFFC	fomt.map	02 fc 02 00 00 00 fe 01 00 00 02 00 00 00 04 fa 06 00 00 00 01 fe 01 01 00 00 01 01 fd 03 fd 01 00 00 00 00
16	0xE8CFC	gUnk_080E8CC4	asm/data/data_080E8610.s	0c 02 02 00 05 00 00 00 04 00 00 00 00 00 00 00 10 00 00 00 00 00 00 00 19 04 03 02 0a 03 02 0a 19 00 00 00
16	0xEABF4	gToolInfo	fomt.map	b8 9b 0e 08 0f 00 00 00 c4 9b 0e 08 f8 9b 0e 08 10 00 00 00 04 9c 0e 08 38 9c 0e 08 11 00 00 00 48 9c 0e 08
16	0xF0EC4	gUnk_080F0E88	asm/data/data_080F0348.s	0c 00 00 00 0d 00 00 00 0e 00 00 00 0f 00 00 00 10 00 00 00 11 00 00 00 12 00 00 00 13 00 00 00 14 00 00 00
16	0xF550C	gUnk_080F4D74	asm/data/data_080F1A80.s	02 00 98 00 01 00 00 00 0a 00 68 00 00 00 00 00 10 00 00 00 01 00 00 00 08 00 10 01 01 00 00 00 09 00 00 01
16	0xF6B64	gUnk_080F6B4C	asm/data/data_080F1A80.s	58 6b 0f 08 00 00 00 00 64 6b 0f 08 6c 6b 0f 08 10 00 00 00 74 6b 0f 08 01 00 00 00 f4 6b 0f 08 00 00 00 00
16	0xF76C8	gUnk_080F7294	asm/data/data_080F1A80.s	02 00 98 00 01 00 00 00 0a 00 68 00 00 00 00 00 10 00 00 00 01 00 00 00 07 00 18 02 01 00 00 00 1c 00 78 02
16	0xF7A44	gUnk_080F77FC	asm/data/data_080F1A80.s	02 00 98 00 01 00 00 00 0a 00 68 00 00 00 00 00 10 00 00 00 01 00 00 00 13 00 f0 00 01 00 00 00 15 00 90 00
16	0x101A50	gUnk_0810110C	asm/data/data_080F9EB8.s	00 00 00 00 10 00 42 00 00 00 11 00 42 00 00 00 10 00 00 00 00 00 00 00 12 00 42 00 00 00 00 00 10 00 00 00
16	0x101A60	gUnk_0810110C	asm/data/data_080F9EB8.s	10 00 00 00 00 00 00 00 12 00 42 00 00 00 00 00 10 00 00 00 11 00 00 00 00 00 00 00 13 00 42 00 00 00 00 00
16	0x101A74	gUnk_0810110C	asm/data/data_080F9EB8.s	11 00 00 00 00 00 00 00 13 00 42 00 00 00 00 00 10 00 00 00 11 00 00 00 12 00 00 00 00 00 00 00 14 00 42 00
16	0x101A8C	gUnk_0810110C	asm/data/data_080F9EB8.s	12 00 00 00 00 00 00 00 14 00 42 00 00 00 00 00 10 00 00 00 11 00 00 00 12 00 00 00 13 00 00 00 00 00 00 00
16	0x101AB4	gUnk_0810110C	asm/data/data_080F9EB8.s	00 00 17 00 18 00 19 00 1a 00 1b 00 00 00 00 00 10 00 00 00 11 00 00 00 12 00 00 00 13 00 00 00 14 00 00 00
16	0x103FFC	gUnk_08103FE4	asm/data/data_080F9EB8.s	0c 00 00 00 0d 00 00 00 0e 00 00 00 0f 00 00 00 10 00 00 00 11 00 00 00 12 00 00 00 17 00 00 00 00 00 32 32
16	0x10438C	gUnk_08104258	asm/data/data_080F9EB8.s	3c 00 00 00 28 42 10 08 5b 00 00 00 30 42 10 08 10 00 00 00 38 42 10 08 3a 00 00 00 40 42 10 08 68 00 00 00
16	0x104734	gUnk_081043BC	asm/data/data_080F9EB8.s	c0 02 90 00 07 00 00 00 05 00 00 00 28 04 70 00 10 00 00 00 00 00 00 00 00 01 30 00 10 00 00 00 00 00 00 00
16	0x104740	gUnk_081043BC	asm/data/data_080F9EB8.s	28 04 70 00 10 00 00 00 00 00 00 00 00 01 30 00 10 00 00 00 00 00 00 00 e8 00 70 00 10 00 00 00 00 00 00 00
16	0x10474C	gUnk_081043BC	asm/data/data_080F9EB8.s	00 01 30 00 10 00 00 00 00 00 00 00 e8 00 70 00 10 00 00 00 00 00 00 00 d0 00 c0 00 10 00 00 00 00 00 00 00
16	0x104758	gUnk_081043BC	asm/data/data_080F9EB8.s	e8 00 70 00 10 00 00 00 00 00 00 00 d0 00 c0 00 10 00 00 00 00 00 00 00 d8 00 d8 00 10 00 00 00 00 00 00 00
16	0x104764	gUnk_081043BC	asm/data/data_080F9EB8.s	d0 00 c0 00 10 00 00 00 00 00 00 00 d8 00 d8 00 10 00 00 00 00 00 00 00 40 01 f8 00 10 00 00 00 00 00 00 00
16	0x104770	gUnk_081043BC	asm/data/data_080F9EB8.s	d8 00 d8 00 10 00 00 00 00 00 00 00 40 01 f8 00 10 00 00 00 00 00 00 00 70 01 d0 00 10 00 00 00 00 00 00 00
16	0x10477C	gUnk_081043BC	asm/data/data_080F9EB8.s	40 01 f8 00 10 00 00 00 00 00 00 00 70 01 d0 00 10 00 00 00 00 00 00 00 80 01 e0 00 10 00 00 00 00 00 00 00
16	0x104788	gUnk_081043BC	asm/data/data_080F9EB8.s	70 01 d0 00 10 00 00 00 00 00 00 00 80 01 e0 00 10 00 00 00 00 00 00 00 90 01 c0 00 10 00 00 00 00 00 00 00
16	0x104794	gUnk_081043BC	asm/data/data_080F9EB8.s	80 01 e0 00 10 00 00 00 00 00 00 00 90 01 c0 00 10 00 00 00 00 00 00 00 a8 01 c0 00 10 00 00 00 00 00 00 00
16	0x1047A0	gUnk_081043BC	asm/data/data_080F9EB8.s	90 01 c0 00 10 00 00 00 00 00 00 00 a8 01 c0 00 10 00 00 00 00 00 00 00 50 02 30 00 10 00 00 00 00 00 00 00
16	0x1047AC	gUnk_081043BC	asm/data/data_080F9EB8.s	a8 01 c0 00 10 00 00 00 00 00 00 00 50 02 30 00 10 00 00 00 00 00 00 00 70 02 58 00 10 00 00 00 00 00 00 00
16	0x1047B8	gUnk_081043BC	asm/data/data_080F9EB8.s	50 02 30 00 10 00 00 00 00 00 00 00 70 02 58 00 10 00 00 00 00 00 00 00 a0 02 98 00 10 00 00 00 00 00 00 00
16	0x1047C4	gUnk_081043BC	asm/data/data_080F9EB8.s	70 02 58 00 10 00 00 00 00 00 00 00 a0 02 98 00 10 00 00 00 00 00 00 00 70 02 d0 00 10 00 00 00 03 00 00 00
16	0x1047D0	gUnk_081043BC	asm/data/data_080F9EB8.s	a0 02 98 00 10 00 00 00 00 00 00 00 70 02 d0 00 10 00 00 00 03 00 00 00 e8 00 f0 00 10 00 00 00 03 00 00 00
16	0x1047DC	gUnk_081043BC	asm/data/data_080F9EB8.s	70 02 d0 00 10 00 00 00 03 00 00 00 e8 00 f0 00 10 00 00 00 03 00 00 00 08 01 a0 00 0b 00 00 00 01 00 00 00
16	0x10711C	gUnk_08107114	asm/data/data_080F9EB8.s	00 00 00 00 b8 b7 6e 08 3d 00 00 00 84 49 6e 08 10 00 00 00 3d 00 00 00 84 87 6e 08 10 00 00 00 2f 00 00 00
16	0x107128	gUnk_08107120	asm/data/data_080F9EB8.s	84 49 6e 08 10 00 00 00 3d 00 00 00 84 87 6e 08 10 00 00 00 2f 00 00 00 3c 61 6e 08 08 00 00 00 2f 00 00 00
16	0x107168	gUnk_08107168	asm/data/data_080F9EB8.s	ac 2c 6e 08 00 00 00 00 70 62 6f 08 0a 00 00 00 10 00 00 00 f4 6d 6f 08 0a 00 00 00 00 00 00 00 78 86 6f 08
16	0x107180	gUnk_08107180	asm/data/data_080F9EB8.s	0a 00 00 00 00 00 00 00 78 86 6f 08 0a 00 00 00 10 00 00 00 fc 91 6f 08 0a 00 00 00 25 00 00 00 a8 cc 6d 08
16	0x107198	gUnk_08107198	asm/data/data_080F9EB8.s	0a 00 00 00 25 00 00 00 a8 cc 6d 08 0a 00 00 00 10 00 00 00 ac ce 6d 08 0a 00 00 00 39 00 00 00 84 cb 6d 08
16	0x1071BC	gUnk_081071BC	asm/data/data_080F9EB8.s	0a 00 00 00 25 00 00 00 0c de 6d 08 0a 00 00 00 10 00 00 00 10 e0 6d 08 0a 00 00 00 39 00 00 00 e8 dc 6d 08
16	0x117950	gUnk_08117890	asm/data/data_080F9EB8.s	0f 00 00 00 0a 00 00 00 0c 00 00 00 09 00 00 00 10 00 00 00 0b 00 00 00 0d 00 00 00 09 00 00 00 11 00 00 00
16	0x117988	gUnk_08117890	asm/data/data_080F9EB8.s	0f 00 00 00 0b 00 00 00 09 00 00 00 0e 00 00 00 10 00 00 00 0c 00 00 00 09 00 00 00 0f 00 00 00 11 00 00 00
16	0x1179A4	gUnk_08117890	asm/data/data_080F9EB8.s	0f 00 00 00 11 00 00 00 0d 00 00 00 09 00 00 00 10 00 00 00 05 00 00 00 47 65 6d 20 6f 66 20 54 72 75 74 68
16	0x198E74	gUnk_080FFFFC	fomt.map	f8 ed f4 f5 fd 15 0b fb 00 00 f5 f8 f6 e8 f2 08 10 00 00 00 fe 08 0d 00 fb e3 e7 fc 01 00 00 fe ec eb 00 fe
16	0x22AD80	gUnk_080FFFFC	fomt.map	00 f7 d8 df 00 17 0b 00 00 0b 00 e9 d3 eb 04 1c 10 00 00 00 fc d8 d8 fc 00 10 1c 0b 04 00 f5 e9 17 4c 10 ce
16	0x22B03C	gUnk_080FFFFC	fomt.map	00 fc f7 00 1c 2d 10 00 f5 eb f0 e4 dd 00 2d 39 10 00 00 00 f7 eb e4 f0 04 21 1c 00 f0 fc 00 00 f7 eb 00 00
16	0x267F60	gUnk_080FFFFC	fomt.map	d4 c3 c6 d2 e0 e7 e5 e0 d6 d0 d6 eb 06 23 2e 27 10 00 00 00 00 fc ec e7 e9 f3 00 0b 12 09 fa e7 da d7 d7 e4
20	0xEAC24	gToolInfo	fomt.map	c0 9c 0e 08 12 00 00 00 cc 9c 0e 08 00 9d 0e 08 14 00 00 00 0c 9d 0e 08 40 9d 0e 08 df 00 00 00 4c 9d 0e 08
20	0xF0ED4	gUnk_080F0E88	asm/data/data_080F0348.s	10 00 00 00 11 00 00 00 12 00 00 00 13 00 00 00 14 00 00 00 15 00 00 00 16 00 00 00 17 00 00 00 18 00 00 00
20	0xF1174	gUnk_080F1170	asm/data/data_080F0348.s	fe fe 00 00 7a 00 9b 00 fe fe 00 00 00 00 12 00 14 00 00 00 01 02 03 04 06 0c 12 00 18 12 00 00 00 00 13 00
20	0xF1188	gUnk_080F1184	asm/data/data_080F0348.s	01 02 03 04 06 0c 12 00 18 12 00 00 00 00 13 00 14 00 00 00 00 00 14 00 14 00 00 00 00 00 15 00 14 00 00 00
20	0xF1190	gUnk_080F118C	asm/data/data_080F0348.s	18 12 00 00 00 00 13 00 14 00 00 00 00 00 14 00 14 00 00 00 00 00 15 00 14 00 00 00 00 00 16 00 14 00 00 00
20	0xF1198	gUnk_080F1194	asm/data/data_080F0348.s	14 00 00 00 00 00 14 00 14 00 00 00 00 00 15 00 14 00 00 00 00 00 16 00 14 00 00 00 00 00 17 00 14 00 00 00
20	0xF11A0	gUnk_080F119C	asm/data/data_080F0348.s	14 00 00 00 00 00 15 00 14 00 00 00 00 00 16 00 14 00 00 00 00 00 17 00 14 00 00 00 00 00 18 00 14 00 00 00
20	0xF11A8	gUnk_080F11A4	asm/data/data_080F0348.s	14 00 00 00 00 00 16 00 14 00 00 00 00 00 17 00 14 00 00 00 00 00 18 00 14 00 00 00 1e 2d 3c 5a 96 ff ff 00
20	0xF11B0	gUnk_080F11AC	asm/data/data_080F0348.s	14 00 00 00 00 00 17 00 14 00 00 00 00 00 18 00 14 00 00 00 1e 2d 3c 5a 96 ff ff 00 39 00 00 00 53 00 00 00
20	0xF1498	gUnk_080F1496	asm/data/data_080F0348.s	e4 05 e8 05 34 04 38 04 3c 04 40 04 44 04 0a 05 14 00 00 00 24 00 00 00 25 00 00 00 26 00 00 00 27 00 00 00
20	0xF14BC	gUnk_080F14B8	asm/data/data_080F0348.s	28 00 00 00 29 00 00 00 2a 00 00 00 13 00 00 00 14 00 00 00 15 00 00 00 16 00 00 00 17 00 00 00 18 00 00 00
20	0xFA384	gUnk_080FA37C	asm/data/data_080F9EB8.s	0a 0f 14 14 0c 0a 00 00 37 00 00 00 23 00 00 00 14 00 00 00 13 00 00 00 12 00 00 00 32 00 00 00 3a 00 00 00
20	0xFB074	gUnk_080FB000	asm/data/data_080F9EB8.s	4e 65 63 6b 6c 61 63 65 00 00 00 00 00 00 00 00 14 00 00 00 42 72 6f 61 63 68 00 00 00 00 00 00 00 00 00 00
20	0xFE320	gUnk_080FE2D8	asm/data/data_080F9EB8.s	4c 00 00 00 2c 01 00 00 bc e2 0f 08 00 00 00 00 14 00 00 00 e2 ff ff ff 00 00 00 00 73 00 00 00 2c 01 00 00
20	0xFE374	gUnk_080FE2D8	asm/data/data_080F9EB8.s	8b 00 00 00 c8 00 00 00 bc e2 0f 08 00 00 00 00 14 00 00 00 fd ff ff ff 00 00 00 00 4b 00 00 00 f4 01 00 00
20	0xFE964	gUnk_080FE8FC	asm/data/data_080F9EB8.s	12 00 00 00 96 00 00 00 13 00 00 00 c8 00 00 00 14 00 00 00 fa 00 00 00 15 00 00 00 90 01 00 00 41 20 52 65
20	0xFEB8C	gUnk_080FEB60	asm/data/data_080F9EB8.s	63 00 00 00 fa 00 00 00 14 eb 0f 08 00 00 00 00 14 00 00 00 fd ff ff ff 00 00 00 00 a6 01 00 00 2c 01 00 00
20	0xFFB98	gUnk_080FFB90	asm/data/data_080F9EB8.s	20 53 68 65 65 70 00 00 5b 00 00 00 60 fb 0f 08 14 00 00 00 60 fb 0f 08 00 00 00 00 01 00 00 00 64 fb 0f 08
20	0x101AC4	gUnk_0810110C	asm/data/data_080F9EB8.s	10 00 00 00 11 00 00 00 12 00 00 00 13 00 00 00 14 00 00 00 00 00 00 00 10 00 11 00 12 00 13 00 14 00 00 00
20	0x101AD4	gUnk_0810110C	asm/data/data_080F9EB8.s	14 00 00 00 00 00 00 00 10 00 11 00 12 00 13 00 14 00 00 00 1d 00 1e 00 1f 00 20 00 21 00 00 00 23 00 24 00
20	0x103C50	gUnk_08103C3C	asm/data/data_080F9EB8.s	0c 00 00 00 15 00 00 00 16 00 00 00 13 00 00 00 14 00 00 00 18 00 00 00 19 00 00 00 1a 00 00 00 1b 00 00 00
20	0x1048D8	gUnk_081043BC	asm/data/data_080F9EB8.s	e8 01 78 00 15 00 00 00 03 00 00 00 c0 01 c0 00 14 00 00 00 00 00 00 00 08 01 48 01 14 00 00 00 00 00 00 00
20	0x1048E4	gUnk_081043BC	asm/data/data_080F9EB8.s	c0 01 c0 00 14 00 00 00 00 00 00 00 08 01 48 01 14 00 00 00 00 00 00 00 80 02 98 02 12 00 00 00 03 00 00 00
20	0x165328	gUnk_080FFFFC	fomt.map	d5 c5 c0 d3 e4 02 25 41 37 1f 1e 2e 35 37 42 39 14 00 00 00 00 fb ff 16 2b 24 11 fc dd c1 bc c3 d1 df e5 e2
24	0xF0EE4	gUnk_080F0E88	asm/data/data_080F0348.s	14 00 00 00 15 00 00 00 16 00 00 00 17 00 00 00 18 00 00 00 19 00 00 00 1a 00 00 00 1b 00 00 00 1c 00 00 00
24	0xF14CC	gUnk_080F14B8	asm/data/data_080F0348.s	14 00 00 00 15 00 00 00 16 00 00 00 17 00 00 00 18 00 00 00 19 00 00 00 e7 03 e9 03 ea 03 eb 03 ec 03 ed 03
24	0xF1FC4	gUnk_080F1FC0	asm/data/data_080F1A80.s	62 61 64 5f 61 6c 6c 6f 63 00 00 00 7d da 03 08 18 00 00 00 cc 1f 0f 08 00 00 00 00 2c 20 0f 08 34 20 0f 08
24	0xF35E8	gUnk_080F35E4	asm/data/data_080F1A80.s	62 61 64 5f 61 6c 6c 6f 63 00 00 00 e9 df 03 08 18 00 00 00 f0 35 0f 08 00 00 00 00 50 36 0f 08 58 36 0f 08
24	0x103C54	gUnk_08103C3C	asm/data/data_080F9EB8.s	15 00 00 00 16 00 00 00 13 00 00 00 14 00 00 00 18 00 00 00 19 00 00 00 1a 00 00 00 1b 00 00 00 1c 00 00 00
24	0x1342BC	gUnk_08117BC8	asm/data/data_080F9EB8.s	02 02 00 00 00 00 00 00 00 00 00 00 00 00 18 18 18 00 00 00 00 00 00 00 00 00 00 00 00 00 00 00 00 00 00 00
24	0x134308	gUnk_08117BC8	asm/data/data_080F9EB8.s	02 02 00 00 00 00 00 00 00 00 00 00 00 00 18 18 18 00 00 00 00 00 00 00 00 00 00 00 00 00 00 00 00 00 00 00
24	0x1FF2D8	gUnk_080FFFFC	fomt.map	9b 9d c7 f7 00 00 06 03 01 f9 f7 03 44 7a 78 55 18 00 00 00 00 00 04 09 07 e2 b6 9d 92 9d cc fe 07 08 0c 06
29	0xF0EF8	gUnk_080F0E88	asm/data/data_080F0348.s	19 00 00 00 1a 00 00 00 1b 00 00 00 1c 00 00 00 1d 00 00 00 1e 00 00 00 1f 00 00 00 20 00 00 00 21 00 00 00
29	0x103C68	gUnk_08103C3C	asm/data/data_080F9EB8.s	19 00 00 00 1a 00 00 00 1b 00 00 00 1c 00 00 00 1d 00 00 00 1e 00 00 00 1f 00 00 00 01 46 00 00 00 00 00 00
29	0x10738C	gUnk_08107388	asm/data/data_080F9EB8.s	62 61 64 5f 61 6c 6c 6f 63 00 00 00 1c 00 00 00 1d 00 00 00 1e 00 00 00 03 00 00 00 02 00 00 00 01 00 00 00
33	0xE9700	(0x4)	fomt.map	20 41 6c 73 6f 20 63 75 74 73 20 63 72 6f 70 73 21 00 00 00 53 69 6c 76 65 72 20 53 69 63 6b 6c 65 00 00 00
33	0xE9754	(0x4)	fomt.map	20 41 6c 73 6f 20 63 75 74 73 20 63 72 6f 70 73 21 00 00 00 47 6f 6c 64 20 53 69 63 6b 6c 65 00 47 6f 6c 64
33	0xE98DC	(0x4)	fomt.map	20 41 6c 73 6f 20 63 75 74 73 20 63 72 6f 70 73 21 00 00 00 49 72 6f 6e 20 48 6f 65 00 00 00 00 48 6f 65 0d
33	0xE9AE4	(0x4)	fomt.map	61 73 0d 0a 62 65 65 6e 20 72 65 6d 6f 76 65 64 21 00 00 00 4d 79 74 68 69 63 20 48 6f 65 00 00 4d 79 74 68
33	0xEFA4C	gFoodInfo	fomt.map	0a 6b 65 65 70 20 6f 6e 65 20 61 72 6f 75 6e 64 21 00 00 00 42 6f 6f 6b 00 00 00 00 47 75 65 73 73 20 69 66
33	0xF0F08	gUnk_080F0E88	asm/data/data_080F0348.s	1d 00 00 00 1e 00 00 00 1f 00 00 00 20 00 00 00 21 00 00 00 22 00 00 00 23 00 00 00 2c 00 00 00 36 00 00 00
33	0x101AE0	gUnk_0810110C	asm/data/data_080F9EB8.s	12 00 13 00 14 00 00 00 1d 00 1e 00 1f 00 20 00 21 00 00 00 23 00 24 00 25 00 26 00 27 00 00 00 2c 00 3e 00
33	0x103C3C	gUnk_08103C3C	asm/data/data_080F9EB8.s	00 00 00 00 0a 00 00 50 00 00 00 00 00 00 0a 00 21 00 00 00 0c 00 00 00 15 00 00 00 16 00 00 00 13 00 00 00
33	0x105640	gUnk_0810563C	asm/data/data_080F9EB8.s	62 61 64 5f 61 6c 6c 6f 63 00 00 00 00 00 00 00 21 00 00 00 2a 00 00 00 48 00 00 00 44 00 00 00 00 00 00 00
33	0x10932C	gUnk_0810828C	asm/data/data_080F9EB8.s	74 6f 20 74 61 6b 65 20 61 20 63 68 61 6e 63 65 21 00 00 00 49 66 20 79 6f 75 20 74 61 6b 65 20 67 6f 6f 64
33	0x10D58C	gUnk_0810828C	asm/data/data_080F9EB8.s	74 72 79 20 73 6f 6d 65 20 66 69 73 68 69 6e 67 21 00 00 00 48 6f 77 20 74 6f 20 67 65 74 20 74 68 65 20 46
33	0x115D68	gUnk_0810828C	asm/data/data_080F9EB8.s	6e 20 00 00 74 68 65 20 6e 65 77 20 79 65 61 72 21 00 00 00 20 20 20 4c 69 6c 6c 69 61 2c 20 52 69 63 6b 2c
33	0x115EB8	gUnk_0810828C	asm/data/data_080F9EB8.s	72 65 2e 00 53 65 65 20 79 6f 75 20 73 6f 6f 6e 21 00 00 00 20 20 20 20 20 20 20 20 20 20 20 20 20 20 20 20
33	0x116140	gUnk_0810828C	asm/data/data_080F9EB8.s	6d 6f 72 6e 69 6e 67 20 6f 72 20 6e 69 67 68 74 21 00 00 00 20 20 20 20 20 20 20 20 20 20 20 20 20 20 20 20
33	0x116B00	gUnk_0810828C	asm/data/data_080F9EB8.s	61 20 67 6f 6f 64 00 00 62 69 72 74 68 64 61 79 21 00 00 00 c8 6a 11 08 fc 84 10 08 e0 6a 11 08 f8 6a 11 08
33	0x116B60	gUnk_0810828C	asm/data/data_080F9EB8.s	20 49 20 52 20 54 20 48 20 44 20 41 20 59 20 21 21 00 00 00 20 20 20 20 20 20 20 20 20 20 20 20 20 20 20 20
33	0x116FC8	gUnk_0810828C	asm/data/data_080F9EB8.s	6f 6e 20 00 79 6f 75 72 20 6e 65 77 20 73 6f 6e 21 00 00 00 4d 61 79 20 3c 66 3e 20 61 6e 64 00 74 68 65 20
33	0x117000	gUnk_0810828C	asm/data/data_080F9EB8.s	66 72 69 65 6e 64 6c 79 20 66 6f 72 65 76 65 72 21 00 00 00 20 20 20 20 20 20 20 52 69 63 6b 20 61 6e 64 20
33	0x1A2638	gUnk_080FFFFC	fomt.map	3e 6a 74 6f 6e 70 67 51 48 54 6d 7b 7b 7b 7c 61 21 00 00 00 f4 ab 81 84 84 83 83 85 84 83 96 c3 d4 ca aa 94
34	0xF0F0C	gUnk_080F0E88	asm/data/data_080F0348.s	1e 00 00 00 1f 00 00 00 20 00 00 00 21 00 00 00 22 00 00 00 23 00 00 00 2c 00 00 00 36 00 00 00 37 00 00 00
34	0x103F94	gUnk_08103F84	asm/data/data_080F9EB8.s	01 00 00 00 02 00 00 00 0b 00 00 00 03 00 00 00 22 00 00 00 32 28 05 00 00 32 28 0a 00 00 19 32 0a 00 00 19
34	0x10B304	gUnk_0810828C	asm/data/data_080F9EB8.s	77 2e 00 00 53 65 6c 65 63 74 20 22 43 6f 6f 6b 22 00 00 00 81 a8 47 6f 20 74 6f 20 55 74 65 6e 73 69 6c 20
34	0x10B334	gUnk_0810828C	asm/data/data_080F9EB8.s	63 74 20 22 56 69 65 77 20 52 65 63 69 70 65 73 22 00 00 00 81 a8 47 6f 20 74 6f 20 52 65 63 69 70 65 20 4c
34	0x10B61C	gUnk_0810828C	asm/data/data_080F9EB8.s	73 65 20 74 6f 20 6d 61 6b 65 20 64 69 73 68 2e 22 00 00 00 81 a8 55 73 65 20 73 65 6c 65 63 74 65 64 20 69
34	0x10B670	gUnk_0810828C	asm/data/data_080F9EB8.s	65 63 74 20 69 6e 67 72 65 64 69 65 6e 74 73 2e 22 00 00 00 81 a8 52 65 74 75 72 6e 20 74 6f 20 49 6e 67 72
34	0x1121F0	gUnk_0810828C	asm/data/data_080F9EB8.s	63 72 6f 70 73 2e 00 00 22 48 61 72 76 65 73 74 22 00 00 00 54 68 65 79 20 77 69 6c 6c 20 68 61 72 76 65 73
35	0xF0F10	gUnk_080F0E88	asm/data/data_080F0348.s	1f 00 00 00 20 00 00 00 21 00 00 00 22 00 00 00 23 00 00 00 2c 00 00 00 36 00 00 00 37 00 00 00 38 00 00 00
35	0xFA380	gUnk_080FA37C	asm/data/data_080F9EB8.s	4d 06 03 0a 0a 0f 14 14 0c 0a 00 00 37 00 00 00 23 00 00 00 14 00 00 00 13 00 00 00 12 00 00 00 32 00 00 00
35	0xFB04C	gUnk_080FB000	asm/data/data_080F9EB8.s	53 6b 69 6e 20 4c 6f 74 69 6f 6e 00 00 00 00 00 23 00 00 00 53 75 6e 62 6c 6f 63 6b 00 00 00 00 00 00 00 00
36	0xF074C	gUnk_080F0748	asm/data/data_080F0348.s	68 01 40 00 30 01 d0 00 bc 01 88 00 1c 00 00 00 24 00 00 00 25 00 00 00 26 00 00 00 27 00 00 00 28 00 00 00
36	0xF0778	gUnk_080F0770	asm/data/data_080F0348.s	2b 00 00 00 2d 00 00 00 00 00 00 00 1c 00 00 00 24 00 00 00 25 00 00 00 26 00 00 00 27 00 00 00 28 00 00 00
36	0xF149C	gUnk_080F149C	asm/data/data_080F0348.s	34 04 38 04 3c 04 40 04 44 04 0a 05 14 00 00 00 24 00 00 00 25 00 00 00 26 00 00 00 27 00 00 00 28 00 00 00
36	0x107D1C	gUnk_08107CFC	asm/data/data_080F9EB8.s	cd 00 00 00 30 00 00 00 5a 00 00 00 92 00 00 00 24 00 00 00 7d 00 00 00 78 00 00 00 16 00 00 00 78 00 00 00
36	0x107D8C	gUnk_08107D6C	asm/data/data_080F9EB8.s	cd 00 00 00 30 00 00 00 5a 00 00 00 92 00 00 00 24 00 00 00 7d 00 00 00 78 00 00 00 16 00 00 00 78 00 00 00
36	0x255128	gUnk_080FFFFC	fomt.map	3e 0f e5 06 29 12 e9 e2 06 08 02 13 26 ff 06 2b 24 00 00 00 04 fe ce c9 d5 d0 01 53 fa f8 1a ee d7 ed ff 20
37	0xF0750	gUnk_080F0748	asm/data/data_080F0348.s	30 01 d0 00 bc 01 88 00 1c 00 00 00 24 00 00 00 25 00 00 00 26 00 00 00 27 00 00 00 28 00 00 00 29 00 00 00
37	0xF077C	gUnk_080F0770	asm/data/data_080F0348.s	2d 00 00 00 00 00 00 00 1c 00 00 00 24 00 00 00 25 00 00 00 26 00 00 00 27 00 00 00 28 00 00 00 29 00 00 00
37	0xF14A0	gUnk_080F149C	asm/data/data_080F0348.s	3c 04 40 04 44 04 0a 05 14 00 00 00 24 00 00 00 25 00 00 00 26 00 00 00 27 00 00 00 28 00 00 00 29 00 00 00
37	0x10718C	gUnk_0810718C	asm/data/data_080F9EB8.s	0a 00 00 00 10 00 00 00 fc 91 6f 08 0a 00 00 00 25 00 00 00 a8 cc 6d 08 0a 00 00 00 10 00 00 00 ac ce 6d 08
37	0x1071B0	gUnk_081071B0	asm/data/data_080F9EB8.s	0a 00 00 00 39 00 00 00 84 cb 6d 08 0a 00 00 00 25 00 00 00 0c de 6d 08 0a 00 00 00 10 00 00 00 10 e0 6d 08
38	0xF0754	gUnk_080F0748	asm/data/data_080F0348.s	bc 01 88 00 1c 00 00 00 24 00 00 00 25 00 00 00 26 00 00 00 27 00 00 00 28 00 00 00 29 00 00 00 2a 00 00 00
38	0xF0780	gUnk_080F0770	asm/data/data_080F0348.s	00 00 00 00 1c 00 00 00 24 00 00 00 25 00 00 00 26 00 00 00 27 00 00 00 28 00 00 00 29 00 00 00 2a 00 00 00
38	0xF14A4	gUnk_080F149C	asm/data/data_080F0348.s	44 04 0a 05 14 00 00 00 24 00 00 00 25 00 00 00 26 00 00 00 27 00 00 00 28 00 00 00 29 00 00 00 2a 00 00 00
38	0x1A0618	gUnk_080FFFFC	fomt.map	84 85 ac e5 13 34 3c 36 3d 5d 7c 7b 7c 7a 7d 69 26 00 00 00 00 00 02 1a 33 32 25 04 fd d2 a8 89 9d e0 37 7c
39	0xF0758	gUnk_080F0748	asm/data/data_080F0348.s	1c 00 00 00 24 00 00 00 25 00 00 00 26 00 00 00 27 00 00 00 28 00 00 00 29 00 00 00 2a 00 00 00 2b 00 00 00
39	0xF0784	gUnk_080F0770	asm/data/data_080F0348.s	1c 00 00 00 24 00 00 00 25 00 00 00 26 00 00 00 27 00 00 00 28 00 00 00 29 00 00 00 2a 00 00 00 2b 00 00 00
39	0xF14A8	gUnk_080F149C	asm/data/data_080F0348.s	14 00 00 00 24 00 00 00 25 00 00 00 26 00 00 00 27 00 00 00 28 00 00 00 29 00 00 00 2a 00 00 00 13 00 00 00
39	0xFB0F0	gUnk_080FB0F0	asm/data/data_080F9EB8.s	75 6d 65 00 00 00 00 00 00 00 00 00 96 00 00 00 27 00 00 00 56 00 57 00 58 00 2d 00 2f 00 1d 00 2e 00 17 00
39	0xFE494	gUnk_080FE484	asm/data/data_080F9EB8.s	35 00 00 00 64 00 00 00 5e 00 00 00 88 13 00 00 27 00 00 00 50 c3 00 00 36 00 00 00 f4 01 00 00 3b 00 00 00
39	0x101AEC	gUnk_0810110C	asm/data/data_080F9EB8.s	1f 00 20 00 21 00 00 00 23 00 24 00 25 00 26 00 27 00 00 00 2c 00 3e 00 35 00 00 00 03 80 06 80 0c 80 05 00
43	0xF0768	gUnk_080F0748	asm/data/data_080F0348.s	27 00 00 00 28 00 00 00 29 00 00 00 2a 00 00 00 2b 00 00 00 2d 00 00 00 00 00 00 00 1c 00 00 00 24 00 00 00
43	0xF0794	gUnk_080F0770	asm/data/data_080F0348.s	27 00 00 00 28 00 00 00 29 00 00 00 2a 00 00 00 2b 00 00 00 2c 00 00 00 2d 00 00 00 2e 00 00 00 2f 00 00 00
43	0x1056B4	gUnk_0810563C	asm/data/data_080F9EB8.s	00 00 00 00 3f 00 00 00 49 00 00 00 04 00 00 00 2b 00 00 00 01 00 00 00 00 00 00 00 1c 00 00 00 0a 00 00 00
44	0xF0798	gUnk_080F0770	asm/data/data_080F0348.s	28 00 00 00 29 00 00 00 2a 00 00 00 2b 00 00 00 2c 00 00 00 2d 00 00 00 2e 00 00 00 2f 00 00 00 30 00 00 00
44	0xF0F14	gUnk_080F0E88	asm/data/data_080F0348.s	20 00 00 00 21 00 00 00 22 00 00 00 23 00 00 00 2c 00 00 00 36 00 00 00 37 00 00 00 38 00 00 00 39 00 00 00
44	0xF0F78	gUnk_080F0F78	asm/data/data_080F0348.s	4a 00 00 00 58 00 00 00 59 00 00 00 5a 00 00 00 2c 00 00 00 36 00 00 00 37 00 00 00 38 00 00 00 39 00 00 00
44	0xFEE40	gUnk_080FED8C	asm/data/data_080F9EB8.s	60 ed 0f 08 e8 03 00 00 02 00 00 00 2c ed 0f 08 2c 00 00 00 70 ed 0f 08 e8 03 00 00 02 00 00 00 2c ed 0f 08
44	0x102AB0	gUnk_0810110C	asm/data/data_080F9EB8.s	04 00 03 00 00 01 01 00 00 04 01 00 00 00 00 00 2c 00 00 00 2a 00 03 fe 3e 00 01 ff 3f 00 01 ff 00 00 00 00
44	0x102ACC	gUnk_0810110C	asm/data/data_080F9EB8.s	3f 00 01 ff 00 00 00 00 00 01 ff 00 00 00 00 00 2c 00 00 00 2a 00 01 fe 00 00 00 00 01 00 01 00 80 00 02 00
44	0x10428C	gUnk_08104258	asm/data/data_080F9EB8.s	44 00 00 00 48 41 10 08 6b 00 00 00 4c 41 10 08 2c 00 00 00 54 41 10 08 1b 00 00 00 5c 41 10 08 3f 00 00 00
44	0x108E30	gUnk_0810828C	asm/data/data_080F9EB8.s	6f 75 20 6d 61 6b 65 20 6d 69 73 74 61 6b 65 73 2c 00 00 00 74 68 6f 75 67 68 2c 20 74 68 65 20 53 70 72 69
44	0x109464	gUnk_0810828C	asm/data/data_080F9EB8.s	75 20 68 61 76 65 20 61 20 43 68 69 63 6b 65 6e 2c 00 00 00 79 6f 75 20 63 61 6e 20 65 6e 74 65 72 20 74 68
44	0x10A2C0	gUnk_0810828C	asm/data/data_080F9EB8.s	6e 20 73 65 6c 65 63 74 69 6f 6e 20 6d 6f 64 65 2c 00 00 00 65 78 69 74 73 20 74 68 65 20 73 63 72 65 65 6e
44	0x10B034	gUnk_0810828C	asm/data/data_080F9EB8.s	65 72 2c 20 53 69 6c 76 65 72 2c 20 47 6f 6c 64 2c 00 00 00 4d 79 73 74 72 69 6c 65 20 4f 72 65 73 3a 20 00
44	0x10B0C8	gUnk_0810828C	asm/data/data_080F9EB8.s	61 72 79 20 74 6f 20 6d 61 6b 65 20 59 61 72 6e 2c 00 00 00 20 20 43 68 65 65 73 65 2c 20 6f 72 20 4d 61 79
44	0x10BAA0	gUnk_0810828C	asm/data/data_080F9EB8.s	68 61 76 65 20 61 6e 79 20 53 74 61 6d 69 6e 61 2c 00 00 00 20 20 79 6f 75 72 20 46 61 74 69 67 75 65 20 77
44	0x10CF18	gUnk_0810828C	asm/data/data_080F9EB8.s	6f 6e 6c 79 20 73 68 65 61 72 20 61 64 75 6c 74 2c 00 00 00 6e 6f 6e 70 72 65 67 6e 61 6e 74 20 53 68 65 65
44	0x10D648	gUnk_0810828C	asm/data/data_080F9EB8.s	67 68 74 20 62 65 20 73 6f 6d 65 20 66 69 73 68 2c 00 00 00 74 68 65 6e 20 70 72 65 73 73 20 74 68 65 20 42
44	0x10DB7C	gUnk_0810828C	asm/data/data_080F9EB8.s	73 75 63 68 20 61 73 20 43 68 69 63 6b 65 6e 73 2c 00 00 00 43 6f 77 73 2c 20 61 6e 64 20 53 68 65 65 70 20
44	0x10EB0C	gUnk_0810828C	asm/data/data_080F9EB8.s	20 66 6f 72 20 67 65 6e 65 72 61 74 69 6f 6e 73 2c 00 00 00 73 6f 20 74 68 65 79 20 68 61 76 65 20 6b 6e 6f
44	0x10F61C	gUnk_0810828C	asm/data/data_080F9EB8.s	6e 67 20 6d 75 73 69 63 2c 20 70 6f 65 74 72 79 2c 00 00 00 61 6e 64 20 6e 61 74 75 72 65 2e 20 48 65 20 68
44	0x110084	gUnk_0810828C	asm/data/data_080F9EB8.s	73 20 61 20 6c 69 74 74 6c 65 20 66 6c 61 6b 79 2c 00 00 00 62 75 74 20 73 68 65 27 73 20 61 63 74 75 61 6c
44	0x111F44	gUnk_0810828C	asm/data/data_080F9EB8.s	6e 74 73 20 61 6e 64 20 55 74 65 6e 73 69 6c 73 2c 00 00 00 73 6f 20 79 6f 75 20 6e 65 65 64 20 74 6f 20 62
44	0x113ABC	gUnk_0810828C	asm/data/data_080F9EB8.s	20 61 6e 64 20 53 68 65 65 70 20 74 6f 74 61 6c 2c 00 00 00 20 75 70 20 66 72 6f 6d 20 38 2e 20 00 00 00 00
44	0x113FA0	gUnk_0810828C	asm/data/data_080F9EB8.s	75 73 65 64 20 66 6f 72 20 63 6f 6f 6b 69 6e 67 2c 00 00 00 20 6f 72 20 66 6f 72 20 64 72 69 6e 6b 69 6e 67
44	0x1146A0	gUnk_0810828C	asm/data/data_080F9EB8.s	70 20 4d 69 72 61 63 6c 65 20 50 6f 74 69 6f 6e 2c 00 00 00 41 6e 69 6d 61 6c 20 4d 65 64 69 63 69 6e 65 20
44	0x1156B8	gUnk_0810828C	asm/data/data_080F9EB8.s	57 69 74 68 20 65 6d 70 74 79 20 68 61 6e 64 73 2c 00 00 00 70 72 65 73 73 20 74 68 65 20 42 20 42 75 74 74
45	0xF076C	gUnk_080F0748	asm/data/data_080F0348.s	28 00 00 00 29 00 00 00 2a 00 00 00 2b 00 00 00 2d 00 00 00 00 00 00 00 1c 00 00 00 24 00 00 00 25 00 00 00
45	0xF079C	gUnk_080F0770	asm/data/data_080F0348.s	29 00 00 00 2a 00 00 00 2b 00 00 00 2c 00 00 00 2d 00 00 00 2e 00 00 00 2f 00 00 00 30 00 00 00 31 00 00 00
45	0xFEE18	gUnk_080FED8C	asm/data/data_080F9EB8.s	0c ed 0f 08 20 4e 00 00 03 00 00 00 c0 ec 0f 08 2d 00 00 00 1c ed 0f 08 e8 03 00 00 02 00 00 00 2c ed 0f 08
45	0x10324C	gUnk_0810110C	asm/data/data_080F9EB8.s	00 01 01 00 00 04 01 00 00 00 00 00 0c 00 2b 00 2d 00 00 00 2a 00 03 ff a3 00 03 00 a2 00 02 00 a1 00 01 00
45	0x1042AC	gUnk_08104258	asm/data/data_080F9EB8.s	3f 00 00 00 64 41 10 08 2e 00 00 00 6c 41 10 08 2d 00 00 00 74 41 10 08 5e 00 00 00 7c 41 10 08 53 5f 00 00
45	0x110490	gUnk_0810828C	asm/data/data_080F9EB8.s	73 20 61 6e 64 20 77 6f 72 6b 73 20 70 61 72 74 2d 00 00 00 74 69 6d 65 20 61 74 20 74 68 65 20 42 61 72 2e
46	0xE9840	(0x4)	fomt.map	63 68 0d 0a 74 6f 20 72 65 6d 6f 76 65 20 69 74 2e 00 00 00 42 6c 65 73 73 65 64 20 53 69 63 6b 6c 65 00 00
46	0xE9924	(0x4)	fomt.map	72 69 67 68 74 20 61 66 74 65 72 20 6d 6f 77 6e 2e 00 00 00 43 6f 70 70 65 72 20 48 6f 65 00 00 43 6f 70 70
46	0xE9BB4	(0x4)	fomt.map	75 6d 70 73 20 69 6e 74 6f 20 4c 75 6d 62 65 72 2e 00 00 00 53 69 6c 76 65 72 20 41 78 65 00 00 53 69 6c 76
46	0xE9F24	(0x4)	fomt.map	63 68 0d 0a 74 6f 20 72 65 6d 6f 76 65 20 69 74 2e 00 00 00 42 6c 65 73 73 65 64 20 48 61 6d 6d 65 72 00 00
46	0xE9FC8	(0x4)	fomt.map	2e 20 50 72 65 70 61 72 65 20 66 69 65 6c 64 73 2e 00 00 00 57 61 74 65 72 69 6e 67 20 43 61 6e 00 00 00 00
46	0xEAAC4	(0x4)	fomt.map	69 67 75 65 20 0d 0a 6f 76 65 72 20 74 69 6d 65 2e 00 00 00 47 65 6d 20 6f 66 20 54 72 75 74 68 00 00 00 00
46	0xEAB08	(0x4)	fomt.map	69 6e 61 0d 0a 61 6e 64 20 46 61 74 69 67 75 65 2e 00 00 00 68 96 0e 08 93 01 00 00 74 96 0e 08 b0 96 0e 08
46	0xEB39C	gToolInfo	fomt.map	4d 61 79 6f 6e 6e 61 69 73 65 20 4d 61 6b 65 72 2e 00 00 00 4d 61 79 6f 6e 6e 61 69 73 65 20 28 4d 29 00 00
46	0xEB3E4	gToolInfo	fomt.map	4d 61 79 6f 6e 6e 61 69 73 65 20 4d 61 6b 65 72 2e 00 00 00 4d 61 79 6f 6e 6e 61 69 73 65 20 28 4c 29 00 00
46	0xEB42C	gToolInfo	fomt.map	4d 61 79 6f 6e 6e 61 69 73 65 20 4d 61 6b 65 72 2e 00 00 00 4d 61 79 6f 6e 6e 61 69 73 65 20 28 47 29 00 00
46	0xEB474	gToolInfo	fomt.map	4d 61 79 6f 6e 6e 61 69 73 65 20 4d 61 6b 65 72 2e 00 00 00 4d 61 79 6f 6e 6e 61 69 73 65 20 28 50 29 00 00
46	0xEB4BC	gToolInfo	fomt.map	4d 61 79 6f 6e 6e 61 69 73 65 20 4d 61 6b 65 72 2e 00 00 00 4d 61 79 6f 6e 6e 61 69 73 65 20 28 58 29 00 00
46	0xEB504	gToolInfo	fomt.map	4d 61 79 6f 6e 6e 61 69 73 65 20 4d 61 6b 65 72 2e 00 00 00 4d 69 6c 6b 20 28 53 29 00 00 00 00 4d 69 6c 6b
46	0xEB844	gToolInfo	fomt.map	65 61 74 65 64 20 6f 72 20 73 68 69 70 70 65 64 2e 00 00 00 48 6f 6e 65 79 00 00 00 48 6f 6e 65 79 0d 0a 4d
46	0xEBA60	gToolInfo	fomt.map	76 65 72 20 73 6f 6d 65 20 53 74 61 6d 69 6e 61 2e 00 00 00 47 72 65 65 6e 20 47 72 61 73 73 00 47 72 65 65
46	0xEBD80	gToolInfo	fomt.map	0a 6c 6f 74 73 20 6f 66 20 53 74 61 6d 69 6e 61 2e 00 00 00 54 75 72 62 6f 6a 6f 6c 74 00 00 00 54 75 72 62
46	0xEBDF8	gToolInfo	fomt.map	0a 6c 6f 74 73 20 6f 66 20 46 61 74 69 67 75 65 2e 00 00 00 57 69 6e 65 00 00 00 00 57 69 6e 65 0d 0a 4d 61
46	0xEBE3C	gToolInfo	fomt.map	20 6f 72 20 74 68 65 20 6d 6f 75 6e 74 61 69 6e 2e 00 00 00 47 72 61 70 65 20 4a 75 69 63 65 00 47 72 61 70
46	0xEBF7C	gToolInfo	fomt.map	75 73 65 64 20 66 6f 72 20 63 6f 6f 6b 69 6e 67 2e 00 00 00 43 75 72 72 79 20 50 6f 77 64 65 72 00 00 00 00
46	0xEC008	gToolInfo	fomt.map	75 73 65 64 20 66 6f 72 20 63 6f 6f 6b 69 6e 67 2e 00 00 00 43 68 6f 63 6f 6c 61 74 65 00 00 00 43 68 6f 63
46	0xEC0FC	gToolInfo	fomt.map	20 57 6f 6e 64 65 72 66 75 6c 20 41 70 70 6c 65 2e 00 00 00 48 4d 53 47 42 20 41 70 70 6c 65 00 48 4d 53 47
46	0xEC14C	gToolInfo	fomt.map	72 67 65 6f 75 73 2d 42 65 61 75 74 69 66 75 6c 2e 00 00 00 41 45 50 46 45 20 41 70 70 6c 65 00 41 45 50 46
46	0xEC198	gToolInfo	fomt.map	72 65 2d 46 72 65 73 68 2d 45 6c 65 67 61 6e 74 2e 00 00 00 42 75 63 6b 77 68 65 61 74 20 46 6c 6f 75 72 00
46	0xEC5A8	gToolInfo	fomt.map	6f 72 20 75 73 65 20 61 73 20 61 20 67 69 66 74 2e 00 00 00 56 65 67 65 74 61 62 6c 65 20 4c 61 74 74 65 00
46	0xEC698	gToolInfo	fomt.map	6f 72 20 75 73 65 20 61 73 20 61 20 67 69 66 74 2e 00 00 00 53 74 72 61 77 62 65 72 72 79 20 4a 61 6d 00 00
46	0xEC6F0	gToolInfo	fomt.map	6f 72 20 75 73 65 20 61 73 20 61 20 67 69 66 74 2e 00 00 00 54 6f 6d 61 74 6f 20 4a 75 69 63 65 00 00 00 00
46	0xEC748	gToolInfo	fomt.map	6f 72 20 75 73 65 20 61 73 20 61 20 67 69 66 74 2e 00 00 00 50 69 63 6b 6c 65 64 20 54 75 72 6e 69 70 00 00
46	0xECCE8	gToolInfo	fomt.map	6f 72 20 75 73 65 20 61 73 20 61 20 67 69 66 74 2e 00 00 00 42 75 74 74 65 72 00 00 42 75 74 74 65 72 0d 0a
46	0xECF00	gToolInfo	fomt.map	6f 72 20 75 73 65 20 61 73 20 61 20 67 69 66 74 2e 00 00 00 42 61 6d 62 6f 6f 20 52 69 63 65 00 42 61 6d 62
46	0xECFD4	gToolInfo	fomt.map	63 65 2c 0d 0a 61 6e 64 20 56 69 6e 65 67 61 72 2e 00 00 00 4a 61 6d 20 42 75 6e 00 4a 61 6d 20 42 75 6e 0d
46	0xED150	gToolInfo	fomt.map	6f 72 20 75 73 65 20 61 73 20 61 20 67 69 66 74 2e 00 00 00 53 61 73 68 69 6d 69 00 53 61 73 68 69 6d 69 0d
46	0xED1E4	gToolInfo	fomt.map	6f 72 20 75 73 65 20 61 73 20 61 20 67 69 66 74 2e 00 00 00 43 68 69 72 61 73 68 69 20 53 75 73 68 69 00 00
46	0xED310	gToolInfo	fomt.map	6f 72 20 75 73 65 20 61 73 20 61 20 67 69 66 74 2e 00 00 00 54 65 6d 70 75 72 61 20 4e 6f 6f 64 6c 65 73 00
46	0xED360	gToolInfo	fomt.map	6f 72 20 75 73 65 20 61 73 20 61 20 67 69 66 74 2e 00 00 00 46 72 69 65 64 20 4e 6f 6f 64 6c 65 73 00 00 00
46	0xED4B0	gToolInfo	fomt.map	6f 72 20 75 73 65 20 61 73 20 61 20 67 69 66 74 2e 00 00 00 43 6f 6f 6b 69 65 73 00 43 6f 6f 6b 69 65 73 0d
46	0xED4F0	gToolInfo	fomt.map	6f 72 20 75 73 65 20 61 73 20 61 20 67 69 66 74 2e 00 00 00 43 68 6f 63 6f 6c 61 74 65 20 43 6f 6f 6b 69 65
46	0xED7B0	gToolInfo	fomt.map	6f 72 20 75 73 65 20 61 73 20 61 20 67 69 66 74 2e 00 00 00 4d 6f 6f 6e 20 44 75 6d 70 6c 69 6e 67 73 00 00
46	0xED808	gToolInfo	fomt.map	6f 72 20 75 73 65 20 61 73 20 61 20 67 69 66 74 2e 00 00 00 52 69 63 65 20 43 61 6b 65 00 00 00 52 69 63 65
46	0xEDB64	gToolInfo	fomt.map	6f 72 20 75 73 65 20 61 73 20 61 20 67 69 66 74 2e 00 00 00 52 69 63 65 20 47 72 75 65 6c 00 00 52 69 63 65
46	0xEE8A8	gFoodInfo	fomt.map	61 6e 6e 6f 74 20 62 65 20 73 68 69 70 70 65 64 2e 00 00 00 54 6f 79 20 46 6c 6f 77 65 72 00 00 54 6f 79 20
46	0xEEA04	gFoodInfo	fomt.map	0a 69 6e 20 61 20 59 61 72 6e 20 4d 61 6b 65 72 2e 00 00 00 59 61 72 6e 20 28 4d 29 00 00 00 00 59 61 72 6e
46	0xEEA44	gFoodInfo	fomt.map	0a 69 6e 20 61 20 59 61 72 6e 20 4d 61 6b 65 72 2e 00 00 00 59 61 72 6e 20 28 4c 29 00 00 00 00 59 61 72 6e
46	0xEEA84	gFoodInfo	fomt.map	0a 69 6e 20 61 20 59 61 72 6e 20 4d 61 6b 65 72 2e 00 00 00 59 61 72 6e 20 28 47 29 00 00 00 00 59 61 72 6e
46	0xEEAC4	gFoodInfo	fomt.map	0a 69 6e 20 61 20 59 61 72 6e 20 4d 61 6b 65 72 2e 00 00 00 59 61 72 6e 20 28 50 29 00 00 00 00 59 61 72 6e
46	0xEEB04	gFoodInfo	fomt.map	0a 69 6e 20 61 20 59 61 72 6e 20 4d 61 6b 65 72 2e 00 00 00 59 61 72 6e 20 28 58 29 00 00 00 00 59 61 72 6e
46	0xEEB44	gFoodInfo	fomt.map	0a 69 6e 20 61 20 59 61 72 6e 20 4d 61 6b 65 72 2e 00 00 00 4a 75 6e 6b 20 4f 72 65 00 00 00 00 4a 75 6e 6b
46	0xEECBC	gFoodInfo	fomt.map	6f 20 0d 0a 6d 61 6b 65 20 6a 65 77 65 6c 72 79 2e 00 00 00 41 64 61 6d 61 6e 74 69 74 65 00 00 41 64 61 6d
46	0xEED84	gFoodInfo	fomt.map	61 74 69 76 65 6c 79 20 76 61 6c 75 61 62 6c 65 2e 00 00 00 50 69 6e 6b 20 44 69 61 6d 6f 6e 64 00 00 00 00
46	0xEEE60	gFoodInfo	fomt.map	74 6f 20 75 70 67 72 61 64 65 20 54 6f 6f 6c 73 2e 00 00 00 44 69 61 6d 6f 6e 64 00 44 69 61 6d 6f 6e 64 0d
46	0xEEE98	gFoodInfo	fomt.map	61 72 65 20 61 6e 64 20 76 61 6c 75 61 62 6c 65 2e 00 00 00 45 6d 65 72 61 6c 64 00 45 6d 65 72 61 6c 64 0d
46	0xEEED0	gFoodInfo	fomt.map	61 72 65 20 61 6e 64 20 76 61 6c 75 61 62 6c 65 2e 00 00 00 52 75 62 79 00 00 00 00 52 75 62 79 0d 0a 46 6f
46	0xEF004	gFoodInfo	fomt.map	61 74 69 76 65 6c 79 20 76 61 6c 75 61 62 6c 65 2e 00 00 00 41 6d 65 74 68 79 73 74 00 00 00 00 41 6d 65 74
46	0xEF0F4	gFoodInfo	fomt.map	73 65 65 20 77 68 61 74 20 68 61 70 70 65 6e 73 2e 00 00 00 4a 65 77 65 6c 20 6f 66 20 54 72 75 74 68 00 00
46	0xEF620	gFoodInfo	fomt.map	0d 0a 70 6c 61 79 73 20 6e 6f 20 6d 75 73 69 63 2e 00 00 00 4d 61 72 79 27 73 20 47 72 65 61 74 20 42 6f 6f
46	0xEFBE0	gFoodInfo	fomt.map	72 69 74 65 73 27 20 54 65 61 20 70 61 72 74 79 2e 00 00 00 44 72 65 73 73 00 00 00 44 72 65 73 73 0d 0a 53
46	0xEFD04	gFoodInfo	fomt.map	0d 0a 74 68 65 20 73 75 6d 6d 65 72 74 69 6d 65 2e 00 00 00 4c 75 6d 62 65 72 00 00 4c 75 6d 62 65 72 0d 0a
46	0xEFD44	gFoodInfo	fomt.map	0a 77 6f 6f 64 2c 20 6f 72 20 46 65 6e 63 65 73 2e 00 00 00 47 6f 6c 64 65 6e 20 4c 75 6d 62 65 72 00 00 00
46	0xEFDE4	gFoodInfo	fomt.map	63 65 20 69 6e 20 46 65 65 64 20 42 6f 78 65 73 2e 00 00 00 43 68 69 63 6b 65 6e 20 46 65 65 64 00 00 00 00
46	0xEFE90	gFoodInfo	fomt.map	68 74 20 77 69 6e 73 20 6f 76 65 72 20 48 2e 47 2e 00 00 00 46 72 69 73 62 65 65 00 46 72 69 73 62 65 65 0d
46	0xEFED0	gFoodInfo	fomt.map	6f 6e 20 4d 69 6e 65 72 61 6c 20 42 65 61 63 68 2e 00 00 00 88 e7 0e 08 2f 01 00 00 98 e7 0e 08 d0 e7 0e 08
46	0xF0530	gUnk_080F050F	asm/data/data_080F0348.s	64 2e 00 54 68 75 2e 00 46 72 69 2e 00 53 61 74 2e 00 00 00 62 61 64 5f 61 6c 6c 6f 63 00 00 00 62 61 64 5f
46	0xF07A0	gUnk_080F0770	asm/data/data_080F0348.s	2a 00 00 00 2b 00 00 00 2c 00 00 00 2d 00 00 00 2e 00 00 00 2f 00 00 00 30 00 00 00 31 00 00 00 32 00 00 00
46	0xFAF78	gUnk_080FAEC4	asm/data/data_080F9EB8.s	69 63 6b 65 74 73 00 00 20 20 62 79 20 74 65 6e 2e 00 00 00 4d 6f 76 65 20 74 68 65 20 63 75 72 73 6f 72 20
46	0xFAFC4	gUnk_080FAEC4	asm/data/data_080F9EB8.s	69 74 68 20 74 68 65 20 42 20 42 75 74 74 6f 6e 2e 00 00 00 dc ae 0f 08 f4 ae 0f 08 10 af 0f 08 28 af 0f 08
46	0xFC794	gUnk_080FC6E8	asm/data/data_080F9EB8.s	73 20 69 73 20 74 6f 64 61 79 27 73 20 64 61 79 2e 00 00 00 54 69 6d 65 20 57 69 6e 64 6f 77 0d 0a 54 68 69
46	0xFC7E4	gUnk_080FC6E8	asm/data/data_080F9EB8.s	20 74 6f 64 61 79 27 73 20 77 65 61 74 68 65 72 2e 00 00 00 54 69 6d 65 20 57 69 6e 64 6f 77 00 42 61 73 69
46	0xFC9EC	gUnk_080FC6E8	asm/data/data_080F9EB8.s	68 20 6a 75 69 63 65 20 61 6e 64 20 77 69 6e 65 2e 00 00 00 41 6a 61 20 57 69 6e 65 72 79 0d 0a 48 6f 75 72
46	0xFCAEC	gUnk_080FC6E8	asm/data/data_080F9EB8.s	69 6e 64 20 74 68 65 20 0d 0a 43 68 75 72 63 68 2e 00 00 00 48 61 72 76 65 73 74 20 53 70 72 69 74 65 73 27
46	0xFCB48	gUnk_080FC6E8	asm/data/data_080F9EB8.s	6c 73 6f 20 0d 0a 6c 69 76 65 73 20 68 65 72 65 2e 00 00 00 5a 61 63 6b 27 73 20 48 6f 75 73 65 00 00 00 00
46	0xFCC68	gUnk_080FC6E8	asm/data/data_080F9EB8.s	73 20 43 6f 77 73 20 61 6e 64 20 53 68 65 65 70 2e 00 00 00 59 6f 64 65 6c 20 46 61 72 6d 0d 0a 48 6f 75 72
46	0xFCCB8	gUnk_080FC6E8	asm/data/data_080F9EB8.s	0d 0a 53 65 6c 6c 73 20 43 68 69 63 6b 65 6e 73 2e 00 00 00 50 6f 75 6c 74 72 79 20 46 61 72 6d 0d 0a 48 6f
46	0xFE2B8	gUnk_080FE238	asm/data/data_080F9EB8.s	69 6e 20 74 68 65 20 61 66 74 65 72 6e 6f 6f 6e 2e 00 00 00 00 00 00 00 4d 69 6c 6b 2e 20 46 72 65 73 68 6c
46	0xFEE2C	gUnk_080FED8C	asm/data/data_080F9EB8.s	1c ed 0f 08 e8 03 00 00 02 00 00 00 2c ed 0f 08 2e 00 00 00 60 ed 0f 08 e8 03 00 00 02 00 00 00 2c ed 0f 08
46	0x100554	gUnk_08100540	asm/data/data_080F9EB8.s	69 6e 67 20 63 6f 6e 6e 65 63 74 69 6f 6e 2e 2e 2e 00 00 00 59 6f 75 20 77 6f 6e 27 74 20 62 65 20 61 62 6c
46	0x100E58	gUnk_08100E48	asm/data/data_080F9EB8.s	49 6d 70 72 6f 76 69 73 65 20 72 65 63 69 70 65 2e 00 00 00 4d 61 6b 65 20 61 6e 6f 74 68 65 72 20 72 65 63
46	0x100E8C	gUnk_08100E74	asm/data/data_080F9EB8.s	67 68 20 49 6e 67 72 65 64 69 65 6e 74 73 2e 2e 2e 00 00 00 49 6d 70 72 6f 76 69 73 65 20 61 6e 79 77 61 79
46	0x100EA0	gUnk_08100E90	asm/data/data_080F9EB8.s	49 6d 70 72 6f 76 69 73 65 20 61 6e 79 77 61 79 2e 00 00 00 55 73 65 20 74 68 65 73 65 20 49 6e 67 72 65 64
46	0x100ED4	gUnk_08100EBC	asm/data/data_080F9EB8.s	66 72 6f 6d 20 49 6e 67 72 65 64 69 65 6e 74 73 2e 00 00 00 52 65 73 74 61 72 74 20 66 72 6f 6d 20 55 74 65
46	0x100F8C	gUnk_08100F78	asm/data/data_080F9EB8.s	20 74 68 69 73 20 74 68 65 20 72 65 63 69 70 65 2e 00 00 00 4c 65 61 76 65 20 72 65 63 69 70 65 20 61 73 20
46	0x1042A4	gUnk_08104258	asm/data/data_080F9EB8.s	1b 00 00 00 5c 41 10 08 3f 00 00 00 64 41 10 08 2e 00 00 00 6c 41 10 08 2d 00 00 00 74 41 10 08 5e 00 00 00
46	0x107804	gUnk_081077F8	asm/data/data_080F9EB8.s	64 3f 00 00 49 20 75 6e 64 65 72 73 74 61 6e 64 2e 00 00 00 54 65 6c 6c 20 6d 65 20 61 67 61 69 6e 2e 00 00
46	0x107F38	gUnk_08107F2C	asm/data/data_080F9EB8.s	64 3f 00 00 49 20 75 6e 64 65 72 73 74 61 6e 64 2e 00 00 00 54 65 6c 6c 20 6d 65 20 61 67 61 69 6e 2e 00 00
46	0x1081F0	gUnk_081081E4	asm/data/data_080F9EB8.s	6e 64 3f 00 49 20 75 6e 64 65 72 73 74 61 6e 64 2e 00 00 00 4f 6e 65 20 6d 6f 72 65 20 74 69 6d 65 2e 00 00
46	0x108564	gUnk_0810828C	asm/data/data_080F9EB8.s	00 00 00 00 72 65 63 6f 6d 6d 65 6e 64 20 69 74 2e 00 00 00 49 66 20 79 6f 75 20 70 6c 61 79 20 77 69 74 68
46	0x108730	gUnk_0810828C	asm/data/data_080F9EB8.s	65 6e 20 74 68 65 20 67 61 6d 65 20 65 6e 64 73 2e 00 00 00 49 74 27 73 20 74 6f 6f 20 6c 61 74 65 20 74 6f
46	0x1088CC	gUnk_0810828C	asm/data/data_080F9EB8.s	6f 66 74 65 6e 20 61 73 20 79 6f 75 20 63 61 6e 2e 00 00 00 4e 6f 77 20 49 20 77 69 6c 6c 20 74 65 61 63 68
46	0x108E9C	gUnk_0810828C	asm/data/data_080F9EB8.s	6c 20 61 66 74 65 72 20 74 68 65 20 67 61 6d 65 2e 00 00 00 49 66 20 79 6f 75 20 64 6f 20 6d 61 6b 65 20 61
46	0x108F64	gUnk_0810828C	asm/data/data_080F9EB8.s	61 74 74 65 72 6e 20 63 6f 72 72 65 63 74 6c 79 2e 00 00 00 b0 84 10 08 cc 84 10 08 d8 84 10 08 f8 84 10 08
46	0x10952C	gUnk_0810828C	asm/data/data_080F9EB8.s	6f 75 74 20 6f 66 00 00 74 68 65 20 72 69 6e 67 2e 00 00 00 54 68 65 20 74 72 69 63 6b 20 69 73 20 74 6f 20
46	0x109598	gUnk_0810828C	asm/data/data_080F9EB8.s	69 74 20 77 6f 6e 27 74 20 64 6f 20 77 65 6c 6c 2e 00 00 00 49 6e 63 72 65 61 73 65 20 61 66 66 65 63 74 69
46	0x1095FC	gUnk_0810828C	asm/data/data_080F9EB8.s	74 69 6f 6e 73 68 69 70 20 77 69 74 68 20 69 74 2e 00 00 00 45 6e 74 65 72 20 79 6f 75 72 20 43 68 69 63 6b
46	0x109764	gUnk_0810828C	asm/data/data_080F9EB8.s	6f 77 6e 20 74 68 65 20 52 20 42 75 74 74 6f 6e 2e 00 00 00 53 65 74 74 69 6e 67 73 20 6d 61 79 20 62 65 20
46	0x109800	gUnk_0810828C	asm/data/data_080F9EB8.s	6e 00 00 00 68 6f 6c 64 69 6e 67 20 49 74 65 6d 2e 00 00 00 81 9f 20 50 6c 61 63 65 20 49 74 65 6d 20 69 6e
46	0x109970	gUnk_0810828C	asm/data/data_080F9EB8.s	00 00 00 00 74 68 65 20 4c 20 42 75 74 74 6f 6e 2e 00 00 00 50 72 65 73 73 20 55 70 20 61 74 20 73 61 6d 65
46	0x1099C8	gUnk_0810828C	asm/data/data_080F9EB8.s	20 63 61 6c 6c 20 48 6f 72 73 65 00 6f 6e 6c 79 2e 00 00 00 81 9f 20 4f 70 65 6e 20 46 61 72 6d 20 50 72 6f
46	0x10A054	gUnk_0810828C	asm/data/data_080F9EB8.s	65 73 73 61 67 65 20 64 69 73 70 6c 61 79 65 64 2e 00 00 00 53 74 6f 72 65 20 45 78 70 6c 61 6e 61 74 69 6f
46	0x10A134	gUnk_0810828C	asm/data/data_080F9EB8.s	20 73 63 72 6f 6c 6c 69 6e 67 20 73 70 65 65 64 2e 00 00 00 69 6e 63 72 65 61 73 65 20 73 63 72 6f 6c 6c 69
46	0x10A150	gUnk_0810828C	asm/data/data_080F9EB8.s	20 73 63 72 6f 6c 6c 69 6e 67 20 73 70 65 65 64 2e 00 00 00 48 69 64 65 20 63 75 72 73 6f 72 20 66 6f 72 20
46	0x10A2D4	gUnk_0810828C	asm/data/data_080F9EB8.s	65 78 69 74 73 20 74 68 65 20 73 63 72 65 65 6e 2e 00 00 00 81 45 4c 20 42 75 74 74 6f 6e 2f 52 20 42 75 74
46	0x10A314	gUnk_0810828C	asm/data/data_080F9EB8.s	61 6e 64 20 54 6f 6f 6c 20 53 63 72 65 65 6e 73 2e 00 00 00 49 66 20 61 6e 20 49 74 65 6d 20 69 73 20 73 65
46	0x10A450	gUnk_0810828C	asm/data/data_080F9EB8.s	77 69 74 68 00 00 00 00 79 6f 75 72 20 48 6f 65 2e 00 00 00 4f 6e 63 65 20 74 68 65 20 73 6f 69 6c 20 69 73
46	0x10B0F0	gUnk_0810828C	asm/data/data_080F9EB8.s	69 73 65 20 00 00 00 00 20 20 4d 61 6b 65 72 73 2e 00 00 00 41 6d 65 74 68 79 73 74 2c 20 44 69 61 6d 6f 6e
46	0x10B3A8	gUnk_0810828C	asm/data/data_080F9EB8.s	69 67 68 74 3a 20 46 6c 69 70 20 70 61 67 65 73 2e 00 00 00 41 20 42 75 74 74 6f 6e 3a 20 53 65 6c 65 63 74
46	0x10B3D8	gUnk_0810828C	asm/data/data_080F9EB8.s	42 20 42 75 74 74 6f 6e 3a 20 52 65 74 75 72 6e 2e 00 00 00 81 ab 4e 65 78 74 20 67 6f 65 73 20 74 6f 3a 00
46	0x10B57C	gUnk_0810828C	asm/data/data_080F9EB8.s	50 61 64 3a 20 4d 6f 76 65 20 63 75 72 73 6f 72 2e 00 00 00 41 20 42 75 74 74 6f 6e 3a 20 53 65 6c 65 63 74
46	0x10B5DC	gUnk_0810828C	asm/data/data_080F9EB8.s	69 6f 75 73 20 00 00 00 20 20 77 69 6e 64 6f 77 2e 00 00 00 53 74 61 72 74 3a 20 45 6e 74 65 72 2e 00 00 00
46	0x10B5EC	gUnk_0810828C	asm/data/data_080F9EB8.s	2e 00 00 00 53 74 61 72 74 3a 20 45 6e 74 65 72 2e 00 00 00 49 6e 67 72 65 64 69 65 6e 74 20 57 69 6e 64 6f
46	0x10B694	gUnk_0810828C	asm/data/data_080F9EB8.s	65 64 69 65 6e 74 00 00 20 20 57 69 6e 64 6f 77 2e 00 00 00 22 53 65 6c 65 63 74 20 75 74 65 6e 73 69 6c 73
46	0x10BA10	gUnk_0810828C	asm/data/data_080F9EB8.s	20 64 65 70 6c 65 74 65 20 53 74 61 6d 69 6e 61 2e 00 00 00 81 9a 46 61 74 69 67 75 65 00 00 00 81 45 49 66
46	0x10C8A8	gUnk_0810828C	asm/data/data_080F9EB8.s	6f 6e 65 00 69 6e 20 74 77 6f 20 74 72 69 65 73 2e 00 00 00 81 9a 57 61 74 65 72 69 6e 67 20 43 61 6e 00 00
46	0x10C8E4	gUnk_0810828C	asm/data/data_080F9EB8.s	61 72 20 77 61 74 65 72 20 74 6f 20 66 69 6c 6c 2e 00 00 00 61 62 6c 65 20 74 6f 20 77 61 74 65 72 20 6f 6e
46	0x10CB34	gUnk_0810828C	asm/data/data_080F9EB8.s	74 68 65 20 77 72 6f 6e 67 20 73 65 61 73 6f 6e 2e 00 00 00 20 20 4d 6f 6f 6e 20 44 72 6f 70 00 20 20 50 69
46	0x10CC68	gUnk_0810828C	asm/data/data_080F9EB8.s	6c 20 6f 66 20 79 6f 75 72 20 64 72 65 61 6d 73 2e 00 00 00 4f 6e 6c 79 20 75 73 65 20 77 68 65 6e 20 79 6f
46	0x10CD80	gUnk_0810828C	asm/data/data_080F9EB8.s	63 65 20 61 20 64 61 79 20 69 73 20 66 69 6e 65 2e 00 00 00 4d 6f 72 65 20 74 68 61 6e 20 6f 6e 63 65 20 77
46	0x10CEB4	gUnk_0810828C	asm/data/data_080F9EB8.s	20 00 00 00 20 61 64 75 6c 74 20 53 68 65 65 70 2e 00 00 00 41 66 74 65 72 20 73 68 65 61 72 69 6e 67 2c 20
46	0x10CF7C	gUnk_0810828C	asm/data/data_080F9EB8.s	6e 20 79 6f 75 72 20 53 68 65 65 70 20 68 61 73 2e 00 00 00 81 9a 41 6e 69 6d 61 6c 20 4d 65 64 69 63 69 6e
46	0x10D094	gUnk_0810828C	asm/data/data_080F9EB8.s	20 6f 6e 20 68 65 61 6c 74 68 79 00 43 6f 77 73 2e 00 00 00 43 61 6e 6e 6f 74 20 62 65 20 75 73 65 64 20 77
46	0x10D950	gUnk_0810828C	asm/data/data_080F9EB8.s	6e 67 20 6e 65 61 72 20 74 68 65 20 6d 69 6e 65 2e 00 00 00 81 45 55 70 73 74 72 65 61 6d 00 00 54 68 69 73
46	0x10DBB0	gUnk_0810828C	asm/data/data_080F9EB8.s	64 20 73 6f 75 6c 20 6f 66 20 61 20 66 61 72 6d 2e 00 00 00 54 68 65 79 20 70 72 6f 76 69 64 65 20 79 6f 75
46	0x10DC2C	gUnk_0810828C	asm/data/data_080F9EB8.s	00 00 00 00 62 65 20 62 6f 75 6e 74 69 66 75 6c 2e 00 00 00 81 9a 43 68 69 63 6b 65 6e 73 00 00 49 66 20 79
46	0x10DEE0	gUnk_0810828C	asm/data/data_080F9EB8.s	00 00 00 00 69 6e 20 74 77 6f 20 77 65 65 6b 73 2e 00 00 00 81 9a 52 61 69 73 69 6e 67 20 41 6e 69 6d 61 6c
46	0x10E194	gUnk_0810828C	asm/data/data_080F9EB8.s	74 65 72 2c 20 74 68 65 79 27 6c 6c 20 64 69 65 2e 00 00 00 49 66 20 79 6f 75 20 6b 65 65 70 20 79 6f 75 72
46	0x10E5E4	gUnk_0810828C	asm/data/data_080F9EB8.s	20 66 61 72 6d 20 77 69 74 68 00 00 3c 63 70 3e 2e 00 00 00 48 65 20 69 73 20 73 61 69 64 20 74 6f 20 68 61
46	0x10E6A0	gUnk_0810828C	asm/data/data_080F9EB8.s	65 6e 74 00 6f 72 20 73 6f 6d 65 74 68 69 6e 67 2e 00 00 00 3c 30 30 32 3e 00 00 00 48 65 20 68 61 73 20 61
46	0x10E870	gUnk_0810828C	asm/data/data_080F9EB8.s	70 6c 65 20 74 6f 20 66 69 6e 64 20 74 68 65 6d 2e 00 00 00 3c 30 31 32 3e 00 00 00 53 68 65 20 64 6f 65 73
46	0x10E9D0	gUnk_0810828C	asm/data/data_080F9EB8.s	6f 20 69 6e 20 74 68 65 20 6d 61 6e 73 69 6f 6e 2e 00 00 00 3c 30 32 32 3e 00 00 00 48 65 72 20 70 61 72 65
46	0x10EAAC	gUnk_0810828C	asm/data/data_080F9EB8.s	6e 61 27 73 20 6b 69 6e 64 20 62 75 74 6c 65 72 2e 00 00 00 48 65 20 69 73 20 64 65 76 6f 74 65 64 20 61 6e
46	0x10F13C	gUnk_0810828C	asm/data/data_080F9EB8.s	64 20 53 61 6d 27 73 20 64 61 75 67 68 74 65 72 2e 00 00 00 4b 61 74 65 20 68 61 73 20 61 6c 77 61 79 73 20
46	0x10F290	gUnk_0810828C	asm/data/data_080F9EB8.s	65 74 2d 6d 65 2d 6e 6f 74 20 56 61 6c 6c 65 79 2e 00 00 00 10 f1 10 08 24 f1 10 08 40 f1 10 08 5c f1 10 08
46	0x10F828	gUnk_0810828C	asm/data/data_080F9EB8.s	70 75 72 73 75 65 20 68 69 73 20 63 72 61 66 74 2e 00 00 00 3c 31 34 31 3e 00 00 00 48 65 20 69 73 20 69 6e
46	0x10F8AC	gUnk_0810828C	asm/data/data_080F9EB8.s	20 68 69 73 20 68 61 6e 64 73 20 61 6c 6f 6e 65 2e 00 00 00 7c f7 10 08 90 f7 10 08 a8 f7 10 08 c4 f7 10 08
46	0x10FA4C	gUnk_0810828C	asm/data/data_080F9EB8.s	6f 6d 20 74 68 65 20 6e 65 78 74 20 74 6f 77 6e 2e 00 00 00 f4 f8 10 08 08 f9 10 08 20 f9 10 08 38 f9 10 08
46	0x10FB7C	gUnk_0810828C	asm/data/data_080F9EB8.s	6b 65 73 20 68 69 73 20 00 00 00 00 77 6f 72 6b 2e 00 00 00 3c 31 36 32 3e 00 00 00 41 6c 6c 20 68 65 20 74
46	0x10FD38	gUnk_0810828C	asm/data/data_080F9EB8.s	20 74 6f 20 47 72 65 65 6e 20 56 61 6c 6c 65 79 2e 00 00 00 14 fc 10 08 28 fc 10 08 44 fc 10 08 60 fc 10 08
46	0x10FEA0	gUnk_0810828C	asm/data/data_080F9EB8.s	77 6f 72 6c 64 20 69 6e 20 68 69 73 20 49 6e 6e 2e 00 00 00 7c fd 10 08 8c fd 10 08 a8 fd 10 08 bc fd 10 08
46	0x10FF24	gUnk_0810828C	asm/data/data_080F9EB8.s	61 73 20 61 20 66 61 6d 6f 75 73 20 63 68 65 66 2e 00 00 00 3c 31 39 31 3e 00 00 00 53 68 65 20 74 61 6b 65
46	0x10FFE0	gUnk_0810828C	asm/data/data_080F9EB8.s	20 6c 65 61 76 65 20 00 68 69 73 20 73 69 64 65 2e 00 00 00 e4 fe 10 08 f8 fe 10 08 14 ff 10 08 28 ff 10 08
46	0x1106D0	gUnk_0810828C	asm/data/data_080F9EB8.s	20 74 6f 20 00 00 00 00 70 72 6f 76 65 20 69 74 2e 00 00 00 3c 32 34 32 3e 00 00 00 48 65 20 62 65 6c 69 65
46	0x110B24	gUnk_0810828C	asm/data/data_080F9EB8.s	6e 6f 74 20 61 20 62 61 64 20 70 65 72 73 6f 6e 2e 00 00 00 48 65 27 73 20 61 6c 73 6f 20 61 63 74 75 61 6c
46	0x110D48	gUnk_0810828C	asm/data/data_080F9EB8.s	61 6e 73 69 6f 6e 20 66 72 6f 6d 20 74 6f 77 6e 2e 00 00 00 3c 32 39 31 3e 00 00 00 48 65 20 66 6f 6c 6c 6f
46	0x111360	gUnk_0810828C	asm/data/data_080F9EB8.s	69 6b 65 73 20 77 65 61 72 69 6e 67 20 72 65 64 2e 00 00 00 48 65 20 69 73 20 61 20 6c 65 61 64 65 72 20 6f
46	0x112080	gUnk_0810828C	asm/data/data_080F9EB8.s	20 62 65 20 61 62 6c 65 20 74 6f 20 63 6f 6f 6b 2e 00 00 00 50 1e 11 08 64 1e 11 08 80 1e 11 08 94 1e 11 08
46	0x112190	gUnk_0810828C	asm/data/data_080F9EB8.s	6f 72 6b 20 6f 6e 20 79 6f 75 72 20 66 61 72 6d 2e 00 00 00 54 68 65 72 65 20 61 72 65 20 33 20 6a 6f 62 73
46	0x112584	gUnk_0810828C	asm/data/data_080F9EB8.s	65 00 00 00 20 6f 72 20 73 74 72 65 6e 67 74 68 2e 00 00 00 81 45 54 6f 20 55 70 67 72 61 64 65 20 54 6f 6f
46	0x112F78	gUnk_0810828C	asm/data/data_080F9EB8.s	61 79 20 74 6f 20 67 72 6f 77 20 63 72 6f 70 73 2e 00 00 00 20 42 65 20 63 61 72 65 66 75 6c 2c 20 73 6f 6d
46	0x113248	gUnk_0810828C	asm/data/data_080F9EB8.s	20 61 6e 64 20 68 6f 6c 64 20 31 20 49 74 65 6d 2e 00 00 00 81 45 59 6f 75 20 6e 65 65 64 20 74 6f 20 68 61
46	0x1132FC	gUnk_0810828C	asm/data/data_080F9EB8.s	20 77 68 65 6e 20 79 6f 75 20 62 75 79 20 69 74 2e 00 00 00 81 99 42 6c 75 65 20 46 65 61 74 68 65 72 00 00
46	0x1139C4	gUnk_0810828C	asm/data/data_080F9EB8.s	65 2c 20 61 6e 64 20 00 20 4d 61 69 6c 62 6f 78 2e 00 00 00 81 99 45 78 70 61 6e 64 69 6e 67 20 43 68 69 63
46	0x113E1C	gUnk_0810828C	asm/data/data_080F9EB8.s	20 73 65 76 65 72 61 6c 20 61 74 20 6f 6e 63 65 2e 00 00 00 81 99 45 78 61 6d 69 6e 61 74 69 6f 6e 00 00 00
46	0x113E54	gUnk_0810828C	asm/data/data_080F9EB8.s	00 00 00 00 20 61 6e 64 20 66 61 74 69 67 75 65 2e 00 00 00 84 3c 11 08 fc 84 10 08 98 3c 11 08 b0 3c 11 08
46	0x113FEC	gUnk_0810828C	asm/data/data_080F9EB8.s	68 20 61 20 52 65 66 72 69 67 65 72 61 74 6f 72 2e 00 00 00 e4 3e 11 08 f0 3e 11 08 0c 3f 11 08 28 3f 11 08
46	0x114394	gUnk_0810828C	asm/data/data_080F9EB8.s	6f 72 20 00 20 62 65 74 74 65 72 20 45 67 67 73 2e 00 00 00 81 99 41 6e 69 6d 61 6c 20 4d 65 64 69 63 69 6e
46	0x114600	gUnk_0810828C	asm/data/data_080F9EB8.s	6e 61 74 65 73 20 61 64 75 6c 74 20 63 6f 77 73 2e 00 00 00 81 99 53 68 65 65 70 20 4d 69 72 61 63 6c 65 20
46	0x1146D4	gUnk_0810828C	asm/data/data_080F9EB8.s	63 6f 6e 73 69 64 65 72 65 64 20 74 6f 6f 6c 73 2e 00 00 00 81 99 53 65 6c 6c 20 61 20 63 6f 77 2e 00 00 00
46	0x1146E4	gUnk_0810828C	asm/data/data_080F9EB8.s	2e 00 00 00 81 99 53 65 6c 6c 20 61 20 63 6f 77 2e 00 00 00 81 99 53 65 6c 6c 20 61 20 73 68 65 65 70 2e 00
46	0x1149D4	gUnk_0810828C	asm/data/data_080F9EB8.s	20 61 66 74 65 72 00 00 20 61 20 77 68 69 6c 65 2e 00 00 00 81 99 4a 65 77 65 6c 73 20 6f 66 20 54 72 75 74
46	0x114BE8	gUnk_0810828C	asm/data/data_080F9EB8.s	68 6f 6c 64 69 6e 67 20 61 6e 79 74 68 69 6e 67 2e 00 00 00 48 6f 77 65 76 65 72 2c 20 72 65 6d 65 6d 62 65
46	0x114E0C	gUnk_0810828C	asm/data/data_080F9EB8.s	74 68 72 6f 77 6e 20 6f 75 74 20 66 69 72 73 74 2e 00 00 00 4f 6e 63 65 20 79 6f 75 20 70 75 74 20 66 6c 6f
46	0x115788	gUnk_0810828C	asm/data/data_080F9EB8.s	63 6b 73 61 63 6b 00 00 20 69 73 20 66 75 6c 6c 2e 00 00 00 43 61 6c 6c 20 4f 75 74 20 74 6f 20 50 65 72 73
46	0x1157CC	gUnk_0810828C	asm/data/data_080F9EB8.s	68 6f 6c 64 69 6e 67 20 61 6e 79 74 68 69 6e 67 2e 00 00 00 1c 56 11 08 2c 56 11 08 3c 56 11 08 58 56 11 08
46	0x11595C	gUnk_0810828C	asm/data/data_080F9EB8.s	20 61 67 61 69 6e 20 74 68 69 73 20 79 65 61 72 2e 00 00 00 40 58 11 08 fc 84 10 08 18 59 11 08 2c 59 11 08
46	0x115E3C	gUnk_0810828C	asm/data/data_080F9EB8.s	67 6f 6f 64 00 00 00 00 6e 65 77 20 79 65 61 72 2e 00 00 00 a4 5d 11 08 fc 84 10 08 18 5a 11 08 1c 5e 11 08
46	0x1161BC	gUnk_0810828C	asm/data/data_080F9EB8.s	61 66 74 65 72 20 41 6e 6e 20 66 6f 72 20 6d 65 2e 00 00 00 e4 60 11 08 fc 84 10 08 18 5a 11 08 80 61 11 08
46	0x11623C	gUnk_0810828C	asm/data/data_080F9EB8.s	6e 20 00 00 74 68 65 20 6e 65 77 20 79 65 61 72 2e 00 00 00 20 20 20 20 20 20 20 20 20 20 20 20 20 20 20 20
46	0x1166AC	gUnk_0810828C	asm/data/data_080F9EB8.s	79 65 61 72 27 73 20 54 65 61 20 50 61 72 74 79 2e 00 00 00 20 20 20 20 20 20 20 48 61 72 76 65 73 74 20 53
46	0x116728	gUnk_0810828C	asm/data/data_080F9EB8.s	63 6f 6d 69 6e 67 20 79 65 61 72 2c 20 74 6f 6f 2e 00 00 00 20 20 20 20 20 20 20 20 20 20 20 20 20 20 20 20
46	0x11768C	gUnk_0810828C	asm/data/data_080F9EB8.s	61 6b 65 20 61 20 6e 6f 74 65 20 6f 66 20 69 74 2e 00 00 00 20 20 20 20 20 20 20 4d 61 72 79 27 73 20 4c 69
46	0x117794	gUnk_0810828C	asm/data/data_080F9EB8.s	74 69 6d 65 20 69 73 20 41 4d 31 30 2d 50 4d 35 2e 00 00 00 57 65 27 6c 6c 20 62 65 20 77 61 69 74 69 6e 67
49	0xE86DC	gUnk_080E86C0	asm/data/data_080E8610.s	44 61 74 61 20 32 00 00 42 75 74 74 6f 6e 73 00 31 00 00 00 32 00 00 00 43 6c 6f 63 6b 00 00 00 59 65 73 00
49	0xF0154	gArticleInfo	fomt.map	c4 f3 0e 08 4a 00 00 00 d8 f3 0e 08 1c f4 0e 08 31 00 00 00 24 f4 0e 08 38 f4 0e 08 54 01 00 00 48 f4 0e 08
49	0xF07AC	gUnk_080F0770	asm/data/data_080F0348.s	2d 00 00 00 2e 00 00 00 2f 00 00 00 30 00 00 00 31 00 00 00 32 00 00 00 33 00 00 00 34 00 00 00 35 00 00 00
49	0xFFBE0	gUnk_080FFB90	asm/data/data_080F9EB8.s	60 fb 0f 08 b8 0b 00 00 60 fb 0f 08 02 00 00 00 31 00 00 00 60 fb 0f 08 b8 0b 00 00 60 fb 0f 08 02 00 00 00
49	0x1035B4	gUnk_0810110C	asm/data/data_080F9EB8.s	30 00 00 00 2a 00 34 00 38 00 af 00 00 00 3c 00 31 00 00 00 30 00 31 00 32 00 33 00 34 00 35 00 36 00 dc 00
51	0xF07B4	gUnk_080F0770	asm/data/data_080F0348.s	2f 00 00 00 30 00 00 00 31 00 00 00 32 00 00 00 33 00 00 00 34 00 00 00 35 00 00 00 36 00 00 00 37 00 00 00
51	0xFDDE0	gUnk_080FDDD8	asm/data/data_080F9EB8.s	61 6c 6c 6f 63 00 00 00 32 00 00 00 78 00 00 00 33 00 00 00 96 00 00 00 34 00 00 00 c8 00 00 00 35 00 00 00
51	0x10567C	gUnk_0810563C	asm/data/data_080F9EB8.s	00 00 00 00 75 00 00 00 2a 00 00 00 95 00 00 00 33 00 00 00 02 00 00 00 02 00 00 00 00 00 00 00 2f 00 00 00
52	0xF028C	gArticleInfo	fomt.map	c0 f9 0e 08 77 01 00 00 cc f9 0e 08 10 fa 0e 08 34 00 00 00 1c fa 0e 08 50 fa 0e 08 48 00 00 00 58 fa 0e 08
52	0xF07B8	gUnk_080F0770	asm/data/data_080F0348.s	30 00 00 00 31 00 00 00 32 00 00 00 33 00 00 00 34 00 00 00 35 00 00 00 36 00 00 00 37 00 00 00 38 00 00 00
52	0xFDDE8	gUnk_080FDDD8	asm/data/data_080F9EB8.s	32 00 00 00 78 00 00 00 33 00 00 00 96 00 00 00 34 00 00 00 c8 00 00 00 35 00 00 00 96 00 00 00 37 00 00 00
52	0x1032CC	gUnk_0810110C	asm/data/data_080F9EB8.s	30 00 02 00 31 00 00 ff 32 00 fe 01 33 00 ff ff 34 00 00 00 35 00 01 ff 36 00 04 00 37 00 01 ff 38 00 02 fe
52	0x104E60	gUnk_08104E54	asm/data/data_080F9EB8.s	00 00 00 00 36 00 00 00 37 00 00 00 30 00 00 00 34 00 00 00 38 00 00 00 32 00 00 00 3a 00 00 00 39 00 00 00
52	0x1078AC	gUnk_081078A0	asm/data/data_080F9EB8.s	00 00 05 00 2a 00 36 00 2c 00 2e 00 30 00 32 00 34 00 00 00 62 61 64 5f 61 6c 6c 6f 63 00 00 00 00 53 61 62
52	0x108288	gUnk_0810827C	asm/data/data_080F9EB8.s	f0 03 e1 03 2a 00 36 00 2c 00 2e 00 30 00 32 00 34 00 00 00 68 8f 10 08 50 96 10 08 0c 9a 10 08 a0 9c 10 08
54	0xF07C0	gUnk_080F0770	asm/data/data_080F0348.s	32 00 00 00 33 00 00 00 34 00 00 00 35 00 00 00 36 00 00 00 37 00 00 00 38 00 00 00 39 00 00 00 3a 00 00 00
54	0xF0F18	gUnk_080F0E88	asm/data/data_080F0348.s	21 00 00 00 22 00 00 00 23 00 00 00 2c 00 00 00 36 00 00 00 37 00 00 00 38 00 00 00 39 00 00 00 3a 00 00 00
54	0xF0F7C	gUnk_080F0F78	asm/data/data_080F0348.s	58 00 00 00 59 00 00 00 5a 00 00 00 2c 00 00 00 36 00 00 00 37 00 00 00 38 00 00 00 39 00 00 00 3a 00 00 00
54	0xFE49C	gUnk_080FE484	asm/data/data_080F9EB8.s	5e 00 00 00 88 13 00 00 27 00 00 00 50 c3 00 00 36 00 00 00 f4 01 00 00 3b 00 00 00 e8 03 00 00 40 00 00 00
54	0x104E54	gUnk_08104E54	asm/data/data_080F9EB8.s	61 6c 6c 6f 63 00 00 00 4e 2f 41 20 00 00 00 00 36 00 00 00 37 00 00 00 30 00 00 00 34 00 00 00 38 00 00 00
55	0xF07C4	gUnk_080F0770	asm/data/data_080F0348.s	33 00 00 00 34 00 00 00 35 00 00 00 36 00 00 00 37 00 00 00 38 00 00 00 39 00 00 00 3a 00 00 00 3b 00 00 00
55	0xF0F1C	gUnk_080F0E88	asm/data/data_080F0348.s	22 00 00 00 23 00 00 00 2c 00 00 00 36 00 00 00 37 00 00 00 38 00 00 00 39 00 00 00 3a 00 00 00 3b 00 00 00
55	0xF0F80	gUnk_080F0F78	asm/data/data_080F0348.s	59 00 00 00 5a 00 00 00 2c 00 00 00 36 00 00 00 37 00 00 00 38 00 00 00 39 00 00 00 3a 00 00 00 3b 00 00 00
55	0xFA37C	gUnk_080FA37C	asm/data/data_080F9EB8.s	35 06 41 06 4d 06 03 0a 0a 0f 14 14 0c 0a 00 00 37 00 00 00 23 00 00 00 14 00 00 00 13 00 00 00 12 00 00 00
55	0xFDDF8	gUnk_080FDDD8	asm/data/data_080F9EB8.s	34 00 00 00 c8 00 00 00 35 00 00 00 96 00 00 00 37 00 00 00 c8 00 00 00 38 00 00 00 2c 01 00 00 39 00 00 00
55	0x1042D4	gUnk_08104258	asm/data/data_080F9EB8.s	65 00 00 00 8c 41 10 08 11 00 00 00 94 41 10 08 37 00 00 00 9c 41 10 08 16 00 00 00 a0 41 10 08 77 00 00 00
55	0x104E58	gUnk_08104E54	asm/data/data_080F9EB8.s	63 00 00 00 4e 2f 41 20 00 00 00 00 36 00 00 00 37 00 00 00 30 00 00 00 34 00 00 00 38 00 00 00 32 00 00 00
56	0xF07C8	gUnk_080F0770	asm/data/data_080F0348.s	34 00 00 00 35 00 00 00 36 00 00 00 37 00 00 00 38 00 00 00 39 00 00 00 3a 00 00 00 3b 00 00 00 3c 00 00 00
56	0xF0F20	gUnk_080F0E88	asm/data/data_080F0348.s	23 00 00 00 2c 00 00 00 36 00 00 00 37 00 00 00 38 00 00 00 39 00 00 00 3a 00 00 00 3b 00 00 00 3c 00 00 00
56	0xF0F84	gUnk_080F0F78	asm/data/data_080F0348.s	5a 00 00 00 2c 00 00 00 36 00 00 00 37 00 00 00 38 00 00 00 39 00 00 00 3a 00 00 00 3b 00 00 00 3c 00 00 00
56	0xFA398	gUnk_080FA37C	asm/data/data_080F9EB8.s	13 00 00 00 12 00 00 00 32 00 00 00 3a 00 00 00 38 00 00 00 44 6f 20 79 6f 75 20 77 61 6e 74 20 61 6e 20 65
56	0xFDE00	gUnk_080FDDD8	asm/data/data_080F9EB8.s	35 00 00 00 96 00 00 00 37 00 00 00 c8 00 00 00 38 00 00 00 2c 01 00 00 39 00 00 00 96 00 00 00 3a 00 00 00
56	0x104E64	gUnk_08104E54	asm/data/data_080F9EB8.s	36 00 00 00 37 00 00 00 30 00 00 00 34 00 00 00 38 00 00 00 32 00 00 00 3a 00 00 00 39 00 00 00 04 00 06 00
56	0x1056D4	gUnk_0810563C	asm/data/data_080F9EB8.s	0a 00 00 00 05 00 00 00 00 00 00 00 6e 00 00 00 38 00 00 00 75 00 00 00 3d 00 00 00 06 00 00 00 07 00 00 00
57	0xF07CC	gUnk_080F0770	asm/data/data_080F0348.s	35 00 00 00 36 00 00 00 37 00 00 00 38 00 00 00 39 00 00 00 3a 00 00 00 3b 00 00 00 3c 00 00 00 3d 00 00 00
57	0xF0F24	gUnk_080F0E88	asm/data/data_080F0348.s	2c 00 00 00 36 00 00 00 37 00 00 00 38 00 00 00 39 00 00 00 3a 00 00 00 3b 00 00 00 3c 00 00 00 3d 00 00 00
57	0xF0F88	gUnk_080F0F78	asm/data/data_080F0348.s	2c 00 00 00 36 00 00 00 37 00 00 00 38 00 00 00 39 00 00 00 3a 00 00 00 3b 00 00 00 3c 00 00 00 3d 00 00 00
57	0xF11BC	gUnk_080F11BC	asm/data/data_080F0348.s	00 00 18 00 14 00 00 00 1e 2d 3c 5a 96 ff ff 00 39 00 00 00 53 00 00 00 54 00 00 00 55 00 00 00 56 00 00 00
57	0xF11E0	gUnk_080F11E0	asm/data/data_080F0348.s	57 00 00 00 58 00 00 00 59 00 00 00 5a 00 00 00 39 00 00 00 53 00 00 00 5b 00 00 00 5c 00 00 00 5d 00 00 00
57	0xFB978	gUnk_080FB966	asm/data/data_080F9EB8.s	31 00 32 00 33 00 34 00 35 00 36 00 37 00 38 00 39 00 00 00 48 65 61 6c 74 68 79 20 00 00 00 00 55 6e 68 61
57	0xFC094	gUnk_080FC082	asm/data/data_080F9EB8.s	31 00 32 00 33 00 34 00 35 00 36 00 37 00 38 00 39 00 00 00 62 61 64 5f 61 6c 6c 6f 63 00 00 00 53 74 61 66
57	0xFDE08	gUnk_080FDDD8	asm/data/data_080F9EB8.s	37 00 00 00 c8 00 00 00 38 00 00 00 2c 01 00 00 39 00 00 00 96 00 00 00 3a 00 00 00 f4 01 00 00 3c 00 00 00
57	0xFE050	gUnk_080FE050	asm/data/data_080F9EB8.s	3f 05 00 00 62 61 64 5f 61 6c 6c 6f 63 00 00 00 39 00 00 00 f4 01 00 00 3a 00 00 00 e8 03 00 00 3b 00 00 00
57	0x104E70	gUnk_08104E54	asm/data/data_080F9EB8.s	34 00 00 00 38 00 00 00 32 00 00 00 3a 00 00 00 39 00 00 00 04 00 06 00 03 00 05 00 04 00 06 00 03 00 05 00
57	0x1071A4	gUnk_081071A4	asm/data/data_080F9EB8.s	0a 00 00 00 10 00 00 00 ac ce 6d 08 0a 00 00 00 39 00 00 00 84 cb 6d 08 0a 00 00 00 25 00 00 00 0c de 6d 08
57	0x1071C8	gUnk_081071C8	asm/data/data_080F9EB8.s	0a 00 00 00 10 00 00 00 10 e0 6d 08 0a 00 00 00 39 00 00 00 e8 dc 6d 08 0a 00 00 00 00 00 00 00 54 00 6e 08
57	0x117808	gUnk_081177F6	asm/data/data_080F9EB8.s	31 00 32 00 33 00 34 00 35 00 36 00 37 00 38 00 39 00 00 00 47 20 00 00 20 20 00 00 10 78 11 08 59 6f 75 20
59	0xEAE7C	gToolInfo	fomt.map	dc a8 0e 08 de 00 00 00 e4 a8 0e 08 14 a9 0e 08 3b 00 00 00 1c a9 0e 08 50 a9 0e 08 06 00 00 00 60 a9 0e 08
59	0xF07D4	gUnk_080F0770	asm/data/data_080F0348.s	37 00 00 00 38 00 00 00 39 00 00 00 3a 00 00 00 3b 00 00 00 3c 00 00 00 3d 00 00 00 3e 00 00 00 3f 00 00 00
59	0xF0F2C	gUnk_080F0E88	asm/data/data_080F0348.s	37 00 00 00 38 00 00 00 39 00 00 00 3a 00 00 00 3b 00 00 00 3c 00 00 00 3d 00 00 00 3e 00 00 00 3f 00 00 00
59	0xF0F90	gUnk_080F0F78	asm/data/data_080F0348.s	37 00 00 00 38 00 00 00 39 00 00 00 3a 00 00 00 3b 00 00 00 3c 00 00 00 3d 00 00 00 3e 00 00 00 3f 00 00 00
59	0xFE060	gUnk_080FE050	asm/data/data_080F9EB8.s	39 00 00 00 f4 01 00 00 3a 00 00 00 e8 03 00 00 3b 00 00 00 e8 03 00 00 3c 00 00 00 d0 07 00 00 59 6f 75 20
59	0xFE4A4	gUnk_080FE484	asm/data/data_080F9EB8.s	27 00 00 00 50 c3 00 00 36 00 00 00 f4 01 00 00 3b 00 00 00 e8 03 00 00 40 00 00 00 96 00 00 00 42 00 00 00
61	0xF07DC	gUnk_080F0770	asm/data/data_080F0348.s	39 00 00 00 3a 00 00 00 3b 00 00 00 3c 00 00 00 3d 00 00 00 3e 00 00 00 3f 00 00 00 40 00 00 00 41 00 00 00
61	0xF0F34	gUnk_080F0E88	asm/data/data_080F0348.s	39 00 00 00 3a 00 00 00 3b 00 00 00 3c 00 00 00 3d 00 00 00 3e 00 00 00 3f 00 00 00 40 00 00 00 41 00 00 00
61	0xF0F98	gUnk_080F0F78	asm/data/data_080F0348.s	39 00 00 00 3a 00 00 00 3b 00 00 00 3c 00 00 00 3d 00 00 00 3e 00 00 00 3f 00 00 00 40 00 00 00 41 00 00 00
61	0xFDE20	gUnk_080FDDD8	asm/data/data_080F9EB8.s	3a 00 00 00 f4 01 00 00 3c 00 00 00 78 00 00 00 3d 00 00 00 2c 01 00 00 3e 00 00 00 2c 01 00 00 3f 00 00 00
61	0xFE740	gUnk_080FE740	asm/data/data_080F9EB8.s	65 3f 05 00 62 61 64 5f 61 6c 6c 6f 63 00 00 00 3d 00 00 00 2c 01 00 00 3e 00 00 00 c8 00 00 00 49 27 64 20
61	0x101990	gUnk_0810110C	asm/data/data_080F9EB8.s	ec ff 04 00 a8 35 10 08 00 00 00 00 00 00 00 00 3d 00 00 00 ce ff 08 00 b2 35 10 08 00 00 00 00 00 00 00 00
61	0x1035D8	gUnk_0810110C	asm/data/data_080F9EB8.s	00 00 9b 00 9c 00 9d 00 9e 00 9f 00 a0 00 3b 00 3d 00 00 00 9a 00 00 00 30 00 14 00 31 00 00 ff 32 00 00 f6
61	0x1056DC	gUnk_0810563C	asm/data/data_080F9EB8.s	00 00 00 00 6e 00 00 00 38 00 00 00 75 00 00 00 3d 00 00 00 06 00 00 00 07 00 00 00 20 00 00 00 3a 00 00 00
61	0x107114	gUnk_08107114	asm/data/data_080F9EB8.s	ab 00 00 00 b8 a5 6e 08 00 00 00 00 b8 b7 6e 08 3d 00 00 00 84 49 6e 08 10 00 00 00 3d 00 00 00 84 87 6e 08
61	0x107120	gUnk_08107120	asm/data/data_080F9EB8.s	b8 b7 6e 08 3d 00 00 00 84 49 6e 08 10 00 00 00 3d 00 00 00 84 87 6e 08 10 00 00 00 2f 00 00 00 3c 61 6e 08
62	0xF07E0	gUnk_080F0770	asm/data/data_080F0348.s	3a 00 00 00 3b 00 00 00 3c 00 00 00 3d 00 00 00 3e 00 00 00 3f 00 00 00 40 00 00 00 41 00 00 00 42 00 00 00
62	0xF0F38	gUnk_080F0E88	asm/data/data_080F0348.s	3a 00 00 00 3b 00 00 00 3c 00 00 00 3d 00 00 00 3e 00 00 00 3f 00 00 00 40 00 00 00 41 00 00 00 42 00 00 00
62	0xF0F9C	gUnk_080F0F78	asm/data/data_080F0348.s	3a 00 00 00 3b 00 00 00 3c 00 00 00 3d 00 00 00 3e 00 00 00 3f 00 00 00 40 00 00 00 41 00 00 00 42 00 00 00
62	0xFDE28	gUnk_080FDDD8	asm/data/data_080F9EB8.s	3c 00 00 00 78 00 00 00 3d 00 00 00 2c 01 00 00 3e 00 00 00 2c 01 00 00 3f 00 00 00 c8 00 00 00 41 00 00 00
62	0xFE748	gUnk_080FE740	asm/data/data_080F9EB8.s	61 6c 6c 6f 63 00 00 00 3d 00 00 00 2c 01 00 00 3e 00 00 00 c8 00 00 00 49 27 64 20 62 65 20 67 6c 61 64 20
62	0x10E62C	gUnk_0810828C	asm/data/data_080F9EB8.s	27 73 20 66 61 74 68 65 72 2e 20 00 3c 30 30 31 3e 00 00 00 54 68 65 72 65 20 61 72 65 20 72 75 6d 6f 72 73
62	0x10E6A8	gUnk_0810828C	asm/data/data_080F9EB8.s	6f 6d 65 74 68 69 6e 67 2e 00 00 00 3c 30 30 32 3e 00 00 00 48 65 20 68 61 73 20 61 20 73 74 72 61 6e 67 65
62	0x10E804	gUnk_0810828C	asm/data/data_080F9EB8.s	72 65 6d 65 6e 74 2e 20 00 00 00 00 3c 30 31 31 3e 00 00 00 53 68 65 20 73 74 69 6c 6c 20 6c 69 6b 65 73 20
62	0x10E878	gUnk_0810828C	asm/data/data_080F9EB8.s	69 6e 64 20 74 68 65 6d 2e 00 00 00 3c 30 31 32 3e 00 00 00 53 68 65 20 64 6f 65 73 6e 27 74 20 74 61 6c 6b
62	0x10E9A0	gUnk_0810828C	asm/data/data_080F9EB8.s	64 64 61 75 67 68 74 65 72 2e 20 00 3c 30 32 31 3e 00 00 00 53 68 65 20 6f 66 74 65 6e 20 70 72 61 63 74 69
62	0x10E9D8	gUnk_0810828C	asm/data/data_080F9EB8.s	20 6d 61 6e 73 69 6f 6e 2e 00 00 00 3c 30 32 32 3e 00 00 00 48 65 72 20 70 61 72 65 6e 74 73 20 77 65 72 65
62	0x10EAD8	gUnk_0810828C	asm/data/data_080F9EB8.s	74 6f 20 52 6f 6d 61 6e 61 2e 20 00 3c 30 33 31 3e 00 00 00 48 69 73 20 66 61 6d 69 6c 79 20 68 61 73 20 73
62	0x10EB48	gUnk_0810828C	asm/data/data_080F9EB8.s	20 77 65 72 65 20 6b 69 64 73 2e 00 3c 30 33 32 3e 00 00 00 48 65 20 77 6f 75 6c 64 20 70 72 65 66 65 72 20
62	0x10ECD8	gUnk_0810828C	asm/data/data_080F9EB8.s	63 65 20 74 6f 20 72 75 6e 2e 00 00 3c 30 34 31 3e 00 00 00 1c ec 10 08 30 ec 10 08 48 ec 10 08 64 ec 10 08
62	0x10ED58	gUnk_0810828C	asm/data/data_080F9EB8.s	61 6e 6e 6f 75 6e 63 65 72 2e 20 00 3c 30 35 31 3e 00 00 00 53 68 65 20 68 61 73 20 61 20 74 65 6e 64 65 6e
62	0x10EDA4	gUnk_0810828C	asm/data/data_080F9EB8.s	74 65 6c 6c 69 6e 67 2e 00 00 00 00 3c 30 35 32 3e 00 00 00 48 65 72 20 64 72 65 61 6d 20 69 73 20 74 6f 20
62	0x10EE98	gUnk_0810828C	asm/data/data_080F9EB8.s	20 66 61 74 68 65 72 2e 00 00 00 00 3c 30 36 31 3e 00 00 00 34 ee 10 08 48 ee 10 08 64 ee 10 08 7c ee 10 08
62	0x10EF3C	gUnk_0810828C	asm/data/data_080F9EB8.s	72 27 73 00 68 65 61 6c 74 68 2e 00 3c 30 37 31 3e 00 00 00 48 65 20 69 73 20 76 65 72 79 20 63 6f 6e 73 65
62	0x10EFA8	gUnk_0810828C	asm/data/data_080F9EB8.s	68 65 20 64 72 69 6e 6b 73 2e 00 00 3c 30 37 32 3e 00 00 00 48 65 20 74 72 69 65 73 20 74 6f 20 6d 61 6b 65
62	0x10F188	gUnk_0810828C	asm/data/data_080F9EB8.s	70 61 72 65 6e 74 73 2e 00 00 00 00 3c 30 39 31 3e 00 00 00 53 68 65 20 74 65 61 73 65 73 20 48 75 67 68 20
62	0x10F1F0	gUnk_0810828C	asm/data/data_080F9EB8.s	75 6c 61 74 69 6e 67 2e 00 00 00 00 3c 30 39 32 3e 00 00 00 53 68 65 20 68 61 73 20 6e 65 76 65 72 20 62 65
62	0x10F388	gUnk_0810828C	asm/data/data_080F9EB8.s	6c 79 20 68 61 70 70 79 2e 20 00 00 3c 31 30 31 3e 00 00 00 57 68 65 6e 20 4e 69 6e 61 20 64 69 65 64 2c 20
62	0x10F4B4	gUnk_0810828C	asm/data/data_080F9EB8.s	6e 20 61 6e 79 74 68 69 6e 67 2e 00 3c 31 31 32 3e 00 00 00 53 68 65 20 77 61 6e 74 65 64 20 74 6f 20 74 61
62	0x10F59C	gUnk_0810828C	asm/data/data_080F9EB8.s	65 73 65 61 72 63 68 2e 00 00 00 00 3c 31 32 31 3e 00 00 00 34 f5 10 08 48 f5 10 08 64 f5 10 08 80 f5 10 08
62	0x10F664	gUnk_0810828C	asm/data/data_080F9EB8.s	20 00 00 00 56 61 6c 6c 65 79 2e 00 3c 31 33 31 3e 00 00 00 48 65 20 63 61 6e 20 70 6c 61 79 20 61 6c 6d 6f
62	0x10F6F0	gUnk_0810828C	asm/data/data_080F9EB8.s	6e 74 20 65 6d 70 69 72 65 2e 00 00 3c 31 33 32 3e 00 00 00 48 65 20 69 73 20 73 61 69 64 20 74 6f 20 62 65
62	0x10F830	gUnk_0810828C	asm/data/data_080F9EB8.s	69 73 20 63 72 61 66 74 2e 00 00 00 3c 31 34 31 3e 00 00 00 48 65 20 69 73 20 69 6e 74 72 6f 76 65 72 74 65
62	0x10F878	gUnk_0810828C	asm/data/data_080F9EB8.s	66 72 69 65 6e 64 73 2e 00 00 00 00 3c 31 34 32 3e 00 00 00 48 65 20 6d 61 6b 65 73 20 6d 6f 73 74 20 6f 66
62	0x10F958	gUnk_0810828C	asm/data/data_080F9EB8.s	50 61 74 72 69 63 6b 2e 00 00 00 00 3c 31 35 31 3e 00 00 00 48 65 20 69 73 20 73 74 75 62 62 6f 72 6e 20 61
62	0x10F9DC	gUnk_0810828C	asm/data/data_080F9EB8.s	74 68 65 20 42 61 72 2e 20 00 00 00 3c 31 35 32 3e 00 00 00 48 65 27 73 20 73 61 69 64 20 74 6f 20 68 61 76
62	0x10FAEC	gUnk_0810828C	asm/data/data_080F9EB8.s	63 72 61 66 74 73 6d 61 6e 2e 00 00 3c 31 36 31 3e 00 00 00 55 6e 6c 69 6b 65 20 4b 61 73 73 65 79 2c 20 50
62	0x10FB84	gUnk_0810828C	asm/data/data_080F9EB8.s	00 00 00 00 77 6f 72 6b 2e 00 00 00 3c 31 36 32 3e 00 00 00 41 6c 6c 20 68 65 20 74 68 69 6e 6b 73 20 61 62
62	0x10FC8C	gUnk_0810828C	asm/data/data_080F9EB8.s	6d 65 74 72 6f 70 6f 6c 69 73 2e 00 3c 31 37 31 3e 00 00 00 41 66 74 65 72 20 6c 65 61 76 69 6e 67 20 68 6f
62	0x10FCE8	gUnk_0810828C	asm/data/data_080F9EB8.s	65 64 20 75 70 20 69 6e 00 00 00 00 3c 31 37 32 3e 00 00 00 48 65 27 73 20 77 6f 72 6b 69 6e 67 20 74 68 65
62	0x10FDC0	gUnk_0810828C	asm/data/data_080F9EB8.s	20 65 76 65 72 79 6f 6e 65 2e 00 00 3c 31 38 31 3e 00 00 00 48 65 20 77 6f 75 6e 64 20 75 70 20 69 6e 20 46
62	0x10FE54	gUnk_0810828C	asm/data/data_080F9EB8.s	6b 65 20 68 69 6d 73 65 6c 66 2e 00 3c 31 38 32 3e 00 00 00 48 65 20 68 61 73 20 6d 61 6e 79 20 72 61 72 65
62	0x10FF2C	gUnk_0810828C	asm/data/data_080F9EB8.s	6f 75 73 20 63 68 65 66 2e 00 00 00 3c 31 39 31 3e 00 00 00 53 68 65 20 74 61 6b 65 73 20 74 72 69 70 73 20
62	0x10FF88	gUnk_0810828C	asm/data/data_080F9EB8.s	6e 65 72 61 6c 20 54 6f 77 6e 2e 00 3c 31 39 32 3e 00 00 00 53 68 65 20 66 65 6c 6c 20 69 6e 20 6c 6f 76 65
62	0x110068	gUnk_0810828C	asm/data/data_080F9EB8.s	61 74 20 74 68 65 20 49 6e 6e 2e 00 3c 32 30 31 3e 00 00 00 53 68 65 20 6c 6f 6f 6b 73 20 61 20 6c 69 74 74
62	0x1100F0	gUnk_0810828C	asm/data/data_080F9EB8.s	72 20 70 65 6f 70 6c 65 00 00 00 00 3c 32 30 32 3e 00 00 00 53 68 65 20 64 6f 65 73 6e 27 74 20 75 73 75 61
62	0x1101F0	gUnk_0810828C	asm/data/data_080F9EB8.s	74 68 65 20 49 6e 6e 2e 00 00 00 00 3c 32 31 31 3e 00 00 00 48 65 20 68 61 73 20 6e 6f 20 6a 6f 62 2c 20 6a
62	0x11022C	gUnk_0810828C	asm/data/data_080F9EB8.s	69 6e 67 20 61 72 6f 75 6e 64 2e 00 3c 32 31 32 3e 00 00 00 48 65 27 73 20 76 65 72 79 20 72 65 6c 61 78 65
62	0x110350	gUnk_0810828C	asm/data/data_080F9EB8.s	68 61 6e 67 65 73 2e 20 00 00 00 00 3c 32 32 31 3e 00 00 00 48 65 20 6c 65 74 73 20 4d 75 66 66 79 20 72 75
62	0x1104DC	gUnk_0810828C	asm/data/data_080F9EB8.s	65 76 65 72 79 62 6f 64 79 2e 00 00 3c 32 33 31 3e 00 00 00 53 68 65 20 69 73 20 70 6f 70 75 6c 61 72 2c 20
62	0x110544	gUnk_0810828C	asm/data/data_080F9EB8.s	20 75 70 20 74 6f 2e 20 00 00 00 00 3c 32 33 32 3e 00 00 00 53 68 65 20 75 73 65 64 20 74 6f 20 77 6f 72 6b
62	0x110650	gUnk_0810828C	asm/data/data_080F9EB8.s	20 74 68 65 20 64 69 67 2e 20 00 00 3c 32 34 31 3e 00 00 00 48 65 20 62 65 6c 69 65 76 65 73 20 74 68 61 6e
62	0x1106D8	gUnk_0810828C	asm/data/data_080F9EB8.s	70 72 6f 76 65 20 69 74 2e 00 00 00 3c 32 34 32 3e 00 00 00 48 65 20 62 65 6c 69 65 76 65 73 20 68 65 27 73
62	0x11080C	gUnk_0810828C	asm/data/data_080F9EB8.s	61 00 00 00 74 65 6e 74 2e 20 00 00 3c 32 35 31 3e 00 00 00 53 68 65 27 73 20 61 62 73 65 6e 74 2d 6d 69 6e
62	0x110864	gUnk_0810828C	asm/data/data_080F9EB8.s	20 6d 65 61 6c 73 2e 20 00 00 00 00 3c 32 35 32 3e 00 00 00 53 68 65 27 73 20 61 6e 20 6f 6c 64 20 73 74 75
62	0x110994	gUnk_0810828C	asm/data/data_080F9EB8.s	20 72 69 76 65 72 2e 20 00 00 00 00 3c 32 36 31 3e 00 00 00 53 68 65 20 73 68 69 70 73 20 68 65 72 20 70 72
62	0x1109F8	gUnk_0810828C	asm/data/data_080F9EB8.s	6e 65 65 64 20 74 68 65 6d 2e 20 00 3c 32 36 32 3e 00 00 00 53 68 65 20 6c 6f 73 74 20 68 65 72 20 68 75 73
62	0x110AF0	gUnk_0810828C	asm/data/data_080F9EB8.s	20 74 68 65 20 66 61 72 6d 2e 00 00 3c 32 37 31 3e 00 00 00 48 65 27 73 20 6e 6f 74 20 76 65 72 79 20 73 6f
62	0x110B5C	gUnk_0810828C	asm/data/data_080F9EB8.s	20 74 68 65 20 66 61 72 6d 2e 00 00 3c 32 37 32 3e 00 00 00 54 68 65 20 6f 6e 6c 79 20 70 65 72 73 6f 6e 20
62	0x110C0C	gUnk_0810828C	asm/data/data_080F9EB8.s	27 73 20 00 66 61 72 6d 2e 20 00 00 3c 32 38 31 3e 00 00 00 42 72 69 67 68 74 20 61 6e 64 20 63 68 65 65 72
62	0x110C5C	gUnk_0810828C	asm/data/data_080F9EB8.s	6d 6f 74 68 65 72 2e 20 00 00 00 00 3c 32 38 32 3e 00 00 00 53 68 65 20 6c 6f 76 65 73 20 66 61 72 6d 69 6e
62	0x110D50	gUnk_0810828C	asm/data/data_080F9EB8.s	72 6f 6d 20 74 6f 77 6e 2e 00 00 00 3c 32 39 31 3e 00 00 00 48 65 20 66 6f 6c 6c 6f 77 65 64 20 47 61 6c 65
62	0x110D9C	gUnk_0810828C	asm/data/data_080F9EB8.s	27 73 20 64 65 61 74 68 2e 20 00 00 3c 32 39 32 3e 00 00 00 52 75 6d 6f 72 20 68 61 73 20 69 74 20 74 68 61
62	0x110E6C	gUnk_0810828C	asm/data/data_080F9EB8.s	72 65 67 75 6c 61 72 6c 79 2e 20 00 3c 33 30 31 3e 00 00 00 48 65 20 61 6c 77 61 79 73 20 68 61 73 20 6d 61
62	0x110EC8	gUnk_0810828C	asm/data/data_080F9EB8.s	64 20 70 72 69 63 65 2e 20 00 00 00 3c 33 30 32 3e 00 00 00 48 65 20 63 6f 6d 65 73 20 74 6f 20 4d 69 6e 65
62	0x110FC8	gUnk_0810828C	asm/data/data_080F9EB8.s	66 6f 72 65 73 74 2e 20 00 00 00 00 3c 33 31 31 3e 00 00 00 48 65 20 64 6f 65 73 6e 27 74 20 73 70 65 61 6b
62	0x11100C	gUnk_0810828C	asm/data/data_080F9EB8.s	75 6e 69 63 61 74 65 2e 20 00 00 00 3c 33 31 32 3e 00 00 00 48 65 20 77 61 73 20 70 72 6f 62 61 62 6c 79 20
62	0x1110BC	gUnk_0810828C	asm/data/data_080F9EB8.s	3c 63 70 3e 27 73 20 73 6f 6e 2e 00 3c 33 32 31 3e 00 00 00 48 65 20 74 61 6b 65 73 20 61 66 74 65 72 20 68
62	0x1110E0	gUnk_0810828C	asm/data/data_080F9EB8.s	69 73 20 6d 6f 74 68 65 72 2e 00 00 3c 33 32 32 3e 00 00 00 57 68 61 74 20 6b 69 6e 64 20 6f 66 20 6d 61 6e
62	0x111168	gUnk_0810828C	asm/data/data_080F9EB8.s	73 74 20 53 70 72 69 74 65 73 2e 00 3c 33 33 31 3e 00 00 00 48 65 20 73 65 6e 64 73 20 69 6e 66 6f 72 6d 61
62	0x111284	gUnk_0810828C	asm/data/data_080F9EB8.s	73 74 20 53 70 72 69 74 65 73 00 00 3c 33 34 31 3e 00 00 00 46 6f 72 67 65 74 2d 6d 65 2d 6e 6f 74 20 56 61
62	0x1112AC	gUnk_0810828C	asm/data/data_080F9EB8.s	20 74 6f 20 68 69 73 20 00 00 00 00 3c 33 34 32 3e 00 00 00 48 65 20 6c 69 6b 65 73 20 77 65 61 72 69 6e 67
62	0x111340	gUnk_0810828C	asm/data/data_080F9EB8.s	69 6e 67 20 46 6c 61 6b 00 00 00 00 3c 33 35 31 3e 00 00 00 3c 33 35 32 3e 00 00 00 48 65 20 6c 69 6b 65 73
62	0x111348	gUnk_0810828C	asm/data/data_080F9EB8.s	00 00 00 00 3c 33 35 31 3e 00 00 00 3c 33 35 32 3e 00 00 00 48 65 20 6c 69 6b 65 73 20 77 65 61 72 69 6e 67
62	0x11141C	gUnk_0810828C	asm/data/data_080F9EB8.s	56 61 6c 6c 65 79 2e 20 00 00 00 00 3c 33 36 31 3e 00 00 00 48 65 20 6c 69 76 65 73 20 77 69 74 68 20 68 69
62	0x111448	gUnk_0810828C	asm/data/data_080F9EB8.s	6e 64 00 00 33 20 73 6f 6e 73 2e 00 3c 33 36 32 3e 00 00 00 48 65 20 69 73 20 73 61 69 64 20 74 6f 20 72 61
63	0xE8910	gUnk_080E890C	asm/data/data_080E8610.s	72 75 70 74 65 64 2e 05 00 00 00 00 4c 6f 61 64 3f 00 00 00 4f 76 65 72 77 72 69 74 65 3f 00 00 62 61 64 5f
63	0xE8C40	gUnk_080E8C2C	asm/data/data_080E8610.s	68 69 73 20 6e 61 6d 65 20 63 6f 72 72 65 63 74 3f 00 00 00 59 65 73 00 4e 6f 00 00 62 61 64 5f 61 6c 6c 6f
63	0xECE6C	gToolInfo	fomt.map	00 00 00 00 41 70 70 6c 65 20 53 6f 75 66 66 6c 3f 00 00 00 41 70 70 6c 65 20 53 6f 75 66 66 6c 3f 0d 0a 4d
63	0xEE040	gFoodInfo	fomt.map	00 01 00 00 ec bb 0e 08 2c bc 0e 08 00 05 fb 00 3f 00 00 00 38 bc 0e 08 70 bc 0e 08 00 0a f6 00 d9 01 00 00
63	0xF07E4	gUnk_080F0770	asm/data/data_080F0348.s	3b 00 00 00 3c 00 00 00 3d 00 00 00 3e 00 00 00 3f 00 00 00 40 00 00 00 41 00 00 00 42 00 00 00 43 00 00 00
63	0xF0F3C	gUnk_080F0E88	asm/data/data_080F0348.s	3b 00 00 00 3c 00 00 00 3d 00 00 00 3e 00 00 00 3f 00 00 00 40 00 00 00 41 00 00 00 42 00 00 00 43 00 00 00
63	0xF0FA0	gUnk_080F0F78	asm/data/data_080F0348.s	3b 00 00 00 3c 00 00 00 3d 00 00 00 3e 00 00 00 3f 00 00 00 40 00 00 00 41 00 00 00 42 00 00 00 43 00 00 00
63	0xF4E9C	gUnk_080F4D74	asm/data/data_080F1A80.s	c0 03 00 00 2c 51 0f 08 00 00 00 00 2c 51 0f 08 3f 00 00 00 68 51 0f 08 5a 00 00 00 74 51 0f 08 94 00 00 00
63	0xF5A40	gUnk_080F59CC	asm/data/data_080F1A80.s	00 00 00 00 88 5b 0f 08 00 00 00 00 88 5b 0f 08 3f 00 00 00 94 5b 0f 08 4c 00 00 00 a0 5b 0f 08 f6 00 00 00
63	0xF5A98	gUnk_080F59CC	asm/data/data_080F1A80.s	9c 02 00 00 88 5b 0f 08 00 00 00 00 88 5b 0f 08 3f 00 00 00 94 5b 0f 08 4c 00 00 00 a0 5b 0f 08 f4 00 00 00
63	0xF7318	gUnk_080F7294	asm/data/data_080F1A80.s	01 00 00 00 28 75 0f 08 00 00 00 00 30 75 0f 08 3f 00 00 00 3c 75 0f 08 62 00 00 00 48 75 0f 08 68 00 00 00
63	0xF7368	gUnk_080F7294	asm/data/data_080F1A80.s	d2 01 00 00 30 75 0f 08 00 00 00 00 30 75 0f 08 3f 00 00 00 3c 75 0f 08 62 00 00 00 60 75 0f 08 91 00 00 00
63	0xF73B0	gUnk_080F7294	asm/data/data_080F1A80.s	85 02 00 00 30 75 0f 08 00 00 00 00 30 75 0f 08 3f 00 00 00 3c 75 0f 08 62 00 00 00 60 75 0f 08 91 00 00 00
63	0xF73E8	gUnk_080F7294	asm/data/data_080F1A80.s	d2 01 00 00 30 75 0f 08 00 00 00 00 30 75 0f 08 3f 00 00 00 3c 75 0f 08 62 00 00 00 cc 75 0f 08 6c 00 00 00
63	0xF7890	gUnk_080F77FC	asm/data/data_080F1A80.s	ef 03 00 00 70 79 0f 08 00 00 00 00 70 79 0f 08 3f 00 00 00 e8 79 0f 08 65 00 00 00 f4 79 0f 08 6e 00 00 00
63	0xF8224	gUnk_080F81BC	asm/data/data_080F1A80.s	00 00 00 00 54 83 0f 08 3c 00 00 00 6c 83 0f 08 3f 00 00 00 78 83 0f 08 2c 01 00 00 84 83 0f 08 2f 01 00 00
63	0xF8284	gUnk_080F81BC	asm/data/data_080F1A80.s	00 00 00 00 54 83 0f 08 3c 00 00 00 6c 83 0f 08 3f 00 00 00 78 83 0f 08 2c 01 00 00 84 83 0f 08 2f 01 00 00
63	0xF82D4	gUnk_080F81BC	asm/data/data_080F1A80.s	00 00 00 00 54 83 0f 08 3c 00 00 00 6c 83 0f 08 3f 00 00 00 78 83 0f 08 2c 01 00 00 84 83 0f 08 2f 01 00 00
63	0xFAAA0	gUnk_080FAA88	asm/data/data_080F9EB8.s	69 73 20 77 68 61 74 20 79 6f 75 20 77 61 6e 74 3f 00 00 00 0c 48 65 72 65 20 79 6f 75 20 67 6f 2e 0d 0a 42
63	0xFB11C	gUnk_080FB108	asm/data/data_080F9EB8.s	61 6e 67 65 20 66 6f 72 20 61 20 70 72 69 7a 65 3f 00 00 00 59 65 73 00 4e 6f 00 00 0c 43 6f 6d 65 20 61 67
63	0xFBA04	gUnk_080FB9F4	asm/data/data_080F9EB8.s	49 73 20 74 68 69 73 20 53 68 65 65 70 20 4f 4b 3f 00 00 00 42 61 62 79 20 43 68 69 63 6b 73 20 63 61 6e 27
63	0xFBD24	gUnk_080FBD18	asm/data/data_080F9EB8.s	63 00 00 00 41 72 65 20 79 6f 75 20 73 75 72 65 3f 00 00 00 59 65 73 00 4e 6f 00 00 30 00 31 00 32 00 33 00
63	0xFDE30	gUnk_080FDDD8	asm/data/data_080F9EB8.s	3d 00 00 00 2c 01 00 00 3e 00 00 00 2c 01 00 00 3f 00 00 00 c8 00 00 00 41 00 00 00 f4 01 00 00 49 27 6d 20
63	0xFDFA4	gUnk_080FDFA4	asm/data/data_080F9EB8.s	20 64 65 6c 69 76 65 72 65 64 2e 05 00 00 00 00 3f 00 00 00 64 00 00 00 40 00 00 00 64 00 00 00 41 00 00 00
63	0x10429C	gUnk_08104258	asm/data/data_080F9EB8.s	2c 00 00 00 54 41 10 08 1b 00 00 00 5c 41 10 08 3f 00 00 00 64 41 10 08 2e 00 00 00 6c 41 10 08 2d 00 00 00
63	0x1056A8	gUnk_0810563C	asm/data/data_080F9EB8.s	03 00 00 00 01 00 00 00 19 00 00 00 00 00 00 00 3f 00 00 00 49 00 00 00 04 00 00 00 2b 00 00 00 01 00 00 00
63	0x1056F4	gUnk_0810563C	asm/data/data_080F9EB8.s	07 00 00 00 20 00 00 00 3a 00 00 00 ac 00 00 00 3f 00 00 00 03 00 00 00 62 61 64 5f 61 6c 6c 6f 63 00 00 00
64	0xF07E8	gUnk_080F0770	asm/data/data_080F0348.s	3c 00 00 00 3d 00 00 00 3e 00 00 00 3f 00 00 00 40 00 00 00 41 00 00 00 42 00 00 00 43 00 00 00 44 00 00 00
64	0xF0F40	gUnk_080F0E88	asm/data/data_080F0348.s	3c 00 00 00 3d 00 00 00 3e 00 00 00 3f 00 00 00 40 00 00 00 41 00 00 00 42 00 00 00 43 00 00 00 44 00 00 00
64	0xF0FA4	gUnk_080F0F78	asm/data/data_080F0348.s	3c 00 00 00 3d 00 00 00 3e 00 00 00 3f 00 00 00 40 00 00 00 41 00 00 00 42 00 00 00 43 00 00 00 44 00 00 00
64	0xF9FE8	gUnk_080F9F7C	asm/data/data_080F9EB8.s	81 40 00 00 00 00 4d 61 78 81 40 81 40 81 40 81 40 00 00 00 53 61 6d 81 40 81 40 00 00 00 00 00 00 00 52 6f
64	0xFA02C	gUnk_080F9F7C	asm/data/data_080F9EB8.s	65 00 00 00 00 00 00 00 52 75 73 74 79 81 40 81 40 00 00 00 00 00 5a 6f 65 00 00 00 00 00 00 00 00 00 00 00
64	0xFA058	gUnk_080F9F7C	asm/data/data_080F9EB8.s	00 00 00 00 00 00 4d 6f 6c 6c 79 81 40 81 40 81 40 00 00 00 4a 65 73 73 81 40 81 40 00 00 00 00 00 00 54 72
64	0xFA0B8	gUnk_080F9F7C	asm/data/data_080F9EB8.s	00 00 00 00 00 00 00 00 41 6d 62 65 72 81 40 81 40 00 00 00 00 00 50 61 6e 64 61 81 40 00 00 00 00 00 00 00
64	0xFA0C4	gUnk_080F9F7C	asm/data/data_080F9EB8.s	72 81 40 81 40 00 00 00 00 00 50 61 6e 64 61 81 40 00 00 00 00 00 00 00 41 6e 67 65 6c 81 40 81 40 81 40 81
64	0xFDFAC	gUnk_080FDFA4	asm/data/data_080F9EB8.s	65 64 2e 05 00 00 00 00 3f 00 00 00 64 00 00 00 40 00 00 00 64 00 00 00 41 00 00 00 32 00 00 00 42 00 00 00
64	0xFE4AC	gUnk_080FE484	asm/data/data_080F9EB8.s	36 00 00 00 f4 01 00 00 3b 00 00 00 e8 03 00 00 40 00 00 00 96 00 00 00 42 00 00 00 f4 01 00 00 43 00 00 00
64	0xFE8FC	gUnk_080FE8FC	asm/data/data_080F9EB8.s	00 00 00 00 62 61 64 5f 61 6c 6c 6f 63 00 00 00 40 00 00 00 f4 01 00 00 41 00 00 00 58 02 00 00 42 00 00 00
64	0x1032A0	gUnk_0810110C	asm/data/data_080F9EB8.s	00 02 01 00 00 04 01 00 00 08 01 00 00 00 00 00 40 00 00 00 80 00 fe 00 00 01 02 00 00 04 03 00 00 08 04 00
64	0x1032B8	gUnk_0810110C	asm/data/data_080F9EB8.s	00 01 02 00 00 04 03 00 00 08 04 00 00 00 00 00 40 00 00 00 30 00 02 00 31 00 00 ff 32 00 fe 01 33 00 ff ff
64	0x107830	gUnk_0810782C	asm/data/data_080F9EB8.s	27 73 20 73 74 61 72 74 21 05 00 00 0c 0d 0a 81 40 00 00 00 43 6c 65 61 72 65 64 20 77 69 74 68 20 00 00 00
64	0x107F64	gUnk_08107F60	asm/data/data_080F9EB8.s	27 73 20 73 74 61 72 74 21 05 00 00 0c 0d 0a 81 40 00 00 00 20 43 6c 65 61 72 65 64 20 77 69 74 68 20 00 00
64	0x10821C	gUnk_08108218	asm/data/data_080F9EB8.s	27 73 20 73 74 61 72 74 21 05 00 00 0c 0d 0a 81 40 00 00 00 20 43 6c 65 61 72 65 64 20 77 69 74 68 20 00 00
65	0xEDFD0	gFoodInfo	fomt.map	19 01 00 00 dc b9 0e 08 10 ba 0e 08 00 0a ff 00 41 00 00 00 1c ba 0e 08 64 ba 0e 08 00 00 fe 00 d8 00 00 00
65	0xF07EC	gUnk_080F0770	asm/data/data_080F0348.s	3d 00 00 00 3e 00 00 00 3f 00 00 00 40 00 00 00 41 00 00 00 42 00 00 00 43 00 00 00 44 00 00 00 45 00 00 00
65	0xF0F44	gUnk_080F0E88	asm/data/data_080F0348.s	3d 00 00 00 3e 00 00 00 3f 00 00 00 40 00 00 00 41 00 00 00 42 00 00 00 43 00 00 00 44 00 00 00 45 00 00 00
65	0xF0FA8	gUnk_080F0F78	asm/data/data_080F0348.s	3d 00 00 00 3e 00 00 00 3f 00 00 00 40 00 00 00 41 00 00 00 42 00 00 00 43 00 00 00 44 00 00 00 45 00 00 00
65	0xF38E0	gUnk_080F35E4	asm/data/data_080F1A80.s	0c 03 00 00 b8 3b 0f 08 00 00 00 00 b8 3b 0f 08 41 00 00 00 e8 3b 0f 08 5f 00 00 00 f4 3b 0f 08 8c 00 00 00
65	0xFDE38	gUnk_080FDDD8	asm/data/data_080F9EB8.s	3e 00 00 00 2c 01 00 00 3f 00 00 00 c8 00 00 00 41 00 00 00 f4 01 00 00 49 27 6d 20 61 66 72 61 69 64 20 79
65	0xFDFB4	gUnk_080FDFA4	asm/data/data_080F9EB8.s	3f 00 00 00 64 00 00 00 40 00 00 00 64 00 00 00 41 00 00 00 32 00 00 00 42 00 00 00 32 00 00 00 43 00 00 00
65	0xFE904	gUnk_080FE8FC	asm/data/data_080F9EB8.s	61 6c 6c 6f 63 00 00 00 40 00 00 00 f4 01 00 00 41 00 00 00 58 02 00 00 42 00 00 00 bc 02 00 00 43 00 00 00
65	0x102C8C	gUnk_0810110C	asm/data/data_080F9EB8.s	00 01 03 00 00 02 01 00 00 04 03 00 00 00 00 00 41 00 00 00 71 00 01 00 2a 00 01 fe 75 00 05 fe 7e 00 05 fe
65	0x1043AC	gUnk_08104258	asm/data/data_080F9EB8.s	68 00 00 00 48 42 10 08 2a 00 00 00 50 42 10 08 41 00 00 00 62 61 64 5f 61 6c 6c 6f 63 00 00 00 0e 00 00 00
66	0xF07F0	gUnk_080F0770	asm/data/data_080F0348.s	3e 00 00 00 3f 00 00 00 40 00 00 00 41 00 00 00 42 00 00 00 43 00 00 00 44 00 00 00 45 00 00 00 01 02 03 04
66	0xF0F48	gUnk_080F0E88	asm/data/data_080F0348.s	3e 00 00 00 3f 00 00 00 40 00 00 00 41 00 00 00 42 00 00 00 43 00 00 00 44 00 00 00 45 00 00 00 46 00 00 00
66	0xF0FAC	gUnk_080F0F78	asm/data/data_080F0348.s	3e 00 00 00 3f 00 00 00 40 00 00 00 41 00 00 00 42 00 00 00 43 00 00 00 44 00 00 00 45 00 00 00 4a 00 00 00
66	0xF55F4	gUnk_080F5540	asm/data/data_080F1A80.s	c0 03 00 00 8c 56 0f 08 00 00 00 00 8c 56 0f 08 42 00 00 00 e0 56 0f 08 5d 00 00 00 ec 56 0f 08 98 00 00 00
66	0xFDFBC	gUnk_080FDFA4	asm/data/data_080F9EB8.s	40 00 00 00 64 00 00 00 41 00 00 00 32 00 00 00 42 00 00 00 32 00 00 00 43 00 00 00 32 00 00 00 44 00 00 00
66	0xFE4B4	gUnk_080FE484	asm/data/data_080F9EB8.s	3b 00 00 00 e8 03 00 00 40 00 00 00 96 00 00 00 42 00 00 00 f4 01 00 00 43 00 00 00 2c 01 00 00 44 00 00 00
66	0xFE90C	gUnk_080FE8FC	asm/data/data_080F9EB8.s	40 00 00 00 f4 01 00 00 41 00 00 00 58 02 00 00 42 00 00 00 bc 02 00 00 43 00 00 00 20 03 00 00 44 00 00 00
66	0x101A4C	gUnk_0810110C	asm/data/data_080F9EB8.s	00 00 00 00 00 00 00 00 10 00 42 00 00 00 11 00 42 00 00 00 10 00 00 00 00 00 00 00 12 00 42 00 00 00 00 00
66	0x101C6C	gUnk_0810110C	asm/data/data_080F9EB8.s	a3 00 06 00 3e 00 02 ff 3f 00 02 ff 46 00 02 ff 42 00 00 00 56 00 02 00 64 00 01 00 76 00 01 00 98 00 01 00
66	0x101D70	gUnk_0810110C	asm/data/data_080F9EB8.s	a3 00 06 00 3e 00 02 ff 3f 00 02 ff 46 00 02 ff 42 00 00 00 56 00 02 00 64 00 01 00 76 00 01 00 98 00 01 00
66	0x10266C	gUnk_0810110C	asm/data/data_080F9EB8.s	00 01 03 00 00 04 03 00 00 00 00 00 00 02 01 02 42 00 00 00 02 00 07 ff 05 00 03 ff 07 00 07 ff 08 00 06 ff
66	0x102B90	gUnk_0810110C	asm/data/data_080F9EB8.s	2a 00 02 ff 3f 00 01 ff 00 00 00 00 41 00 44 00 42 00 00 00 01 00 02 00 02 00 07 00 06 00 05 fe 07 00 07 00
66	0x102CB8	gUnk_0810110C	asm/data/data_080F9EB8.s	80 00 01 00 00 01 01 00 00 00 00 00 00 02 41 00 42 00 00 00 10 00 04 ff 11 00 04 ff 12 00 04 ff 13 00 05 ff
66	0x1031B8	gUnk_0810110C	asm/data/data_080F9EB8.s	20 00 01 00 00 04 01 00 00 00 00 00 00 02 43 00 42 00 00 00 01 00 03 ff 02 00 06 ff 03 00 03 ff 05 00 04 ff
69	0xEE760	gFoodInfo	fomt.map	f3 00 00 00 b8 db 0e 08 f0 db 0e 08 00 05 ff 00 45 00 00 00 fc db 0e 08 34 dc 0e 08 00 08 ff 00 58 00 00 00
69	0xF07FC	gUnk_080F0770	asm/data/data_080F0348.s	41 00 00 00 42 00 00 00 43 00 00 00 44 00 00 00 45 00 00 00 01 02 03 04 05 08 09 01 02 03 04 08 08 08 00 00
69	0xF0F54	gUnk_080F0E88	asm/data/data_080F0348.s	41 00 00 00 42 00 00 00 43 00 00 00 44 00 00 00 45 00 00 00 46 00 00 00 47 00 00 00 48 00 00 00 49 00 00 00
69	0xF0FB8	gUnk_080F0F78	asm/data/data_080F0348.s	41 00 00 00 42 00 00 00 43 00 00 00 44 00 00 00 45 00 00 00 4a 00 00 00 58 00 00 00 59 00 00 00 5a 00 00 00
69	0xFDFD4	gUnk_080FDFA4	asm/data/data_080F9EB8.s	43 00 00 00 32 00 00 00 44 00 00 00 64 00 00 00 45 00 00 00 64 00 00 00 00 00 00 00 00 00 00 00 54 68 61 6e
69	0xFE4CC	gUnk_080FE484	asm/data/data_080F9EB8.s	43 00 00 00 2c 01 00 00 44 00 00 00 58 02 00 00 45 00 00 00 90 01 00 00 59 6f 75 20 63 61 6e 27 74 20 68 6f
69	0xFE924	gUnk_080FE8FC	asm/data/data_080F9EB8.s	43 00 00 00 20 03 00 00 44 00 00 00 84 03 00 00 45 00 00 00 e8 03 00 00 46 00 00 00 4c 04 00 00 47 00 00 00
69	0x103274	gUnk_0810110C	asm/data/data_080F9EB8.s	2e 00 c4 14 02 00 05 00 42 00 02 00 00 00 00 00 45 00 00 00 98 00 00 00 71 00 01 00 42 00 01 00 00 00 00 00
72	0xF0298	gArticleInfo	fomt.map	10 fa 0e 08 34 00 00 00 1c fa 0e 08 50 fa 0e 08 48 00 00 00 58 fa 0e 08 ac fa 0e 08 49 01 00 00 b4 fa 0e 08
72	0xF0F60	gUnk_080F0E88	asm/data/data_080F0348.s	44 00 00 00 45 00 00 00 46 00 00 00 47 00 00 00 48 00 00 00 49 00 00 00 4a 00 00 00 58 00 00 00 59 00 00 00
72	0xFD83C	gUnk_080FD550	asm/data/data_080F9EB8.s	4e 42 00 00 48 00 58 00 b0 00 e0 00 4e 3a 00 00 48 00 00 00 88 00 58 00 4e 32 00 00 b0 00 70 00 a8 01 b0 00
72	0xFE93C	gUnk_080FE8FC	asm/data/data_080F9EB8.s	46 00 00 00 4c 04 00 00 47 00 00 00 b0 04 00 00 48 00 00 00 14 05 00 00 49 00 00 00 78 05 00 00 0a 00 00 00
72	0xFEDC8	gUnk_080FED8C	asm/data/data_080F9EB8.s	a4 ec 0f 08 d0 07 00 00 01 00 00 00 a4 ec 0f 08 48 00 00 00 a4 ec 0f 08 08 07 00 00 01 00 00 00 a4 ec 0f 08
72	0x105648	gUnk_0810563C	asm/data/data_080F9EB8.s	63 00 00 00 00 00 00 00 21 00 00 00 2a 00 00 00 48 00 00 00 44 00 00 00 00 00 00 00 00 00 00 00 35 00 00 00
72	0x10752C	gUnk_0810752C	asm/data/data_080F9EB8.s	63 00 00 00 62 61 64 5f 61 6c 6c 6f 63 00 00 00 48 00 00 00 60 00 00 00 78 00 00 00 90 00 00 00 a8 00 00 00
72	0x107540	gUnk_08107540	asm/data/data_080F9EB8.s	60 00 00 00 78 00 00 00 90 00 00 00 a8 00 00 00 48 00 00 00 5e 00 00 00 60 00 00 00 5e 00 00 00 78 00 00 00
76	0xF0130	gArticleInfo	fomt.map	d0 f2 0e 08 ac 01 00 00 d8 f2 0e 08 1c f3 0e 08 4c 00 00 00 28 f3 0e 08 68 f3 0e 08 0e 01 00 00 74 f3 0e 08
76	0xF5A48	gUnk_080F59CC	asm/data/data_080F1A80.s	00 00 00 00 88 5b 0f 08 3f 00 00 00 94 5b 0f 08 4c 00 00 00 a0 5b 0f 08 f6 00 00 00 ac 5b 0f 08 06 01 00 00
76	0xF5AA0	gUnk_080F59CC	asm/data/data_080F1A80.s	00 00 00 00 88 5b 0f 08 3f 00 00 00 94 5b 0f 08 4c 00 00 00 a0 5b 0f 08 f4 00 00 00 ac 5b 0f 08 04 01 00 00
76	0xFE310	gUnk_080FE2D8	asm/data/data_080F9EB8.s	01 00 00 00 64 00 00 00 ec ff ff ff 00 00 00 00 4c 00 00 00 2c 01 00 00 bc e2 0f 08 00 00 00 00 14 00 00 00
76	0x104264	gUnk_08104258	asm/data/data_080F9EB8.s	64 00 00 00 08 41 10 08 00 00 00 00 28 41 10 08 4c 00 00 00 30 41 10 08 6e 00 00 00 38 41 10 08 0d 29 00 00
76	0x10434C	gUnk_08104258	asm/data/data_080F9EB8.s	75 00 00 00 f8 41 10 08 4f 00 00 00 fc 41 10 08 4c 00 00 00 04 42 10 08 20 24 00 00 10 42 10 08 4c 00 00 00
76	0x10435C	gUnk_08104258	asm/data/data_080F9EB8.s	4c 00 00 00 04 42 10 08 20 24 00 00 10 42 10 08 4c 00 00 00 18 42 10 08 4c 00 00 00 1c 42 10 08 4c 00 00 00
76	0x104364	gUnk_08104258	asm/data/data_080F9EB8.s	20 24 00 00 10 42 10 08 4c 00 00 00 18 42 10 08 4c 00 00 00 1c 42 10 08 4c 00 00 00 08 41 10 08 00 00 00 00
76	0x10436C	gUnk_08104258	asm/data/data_080F9EB8.s	4c 00 00 00 18 42 10 08 4c 00 00 00 1c 42 10 08 4c 00 00 00 08 41 10 08 00 00 00 00 20 42 10 08 3c 00 00 00
77	0xFCB14	gUnk_080FC6E8	asm/data/data_080F9EB8.s	73 65 0d 0a 54 69 6d 65 3a 20 39 41 4d 2d 36 50 4d 00 00 00 5a 61 63 6b 27 73 20 48 6f 75 73 65 0d 0a 54 68
77	0x1124A4	gUnk_0810828C	asm/data/data_080F9EB8.s	48 6f 75 72 73 3a 00 00 20 31 30 41 4d 2d 34 50 4d 00 00 00 81 45 43 6c 6f 73 65 64 3a 00 00 00 20 54 68 75
77	0x1136F0	gUnk_0810828C	asm/data/data_080F9EB8.s	6e 73 69 6f 6e 73 2e 00 20 31 31 41 4d 2d 34 50 4d 00 00 00 20 53 61 74 75 72 64 61 79 73 00 00 81 99 4c 75
77	0x1144CC	gUnk_0810828C	asm/data/data_080F9EB8.s	69 63 6b 65 6e 73 2e 00 20 31 30 41 4d 2d 33 50 4d 00 00 00 20 4d 6f 6e 64 61 79 00 81 99 46 6f 64 64 65 72
78	0xEE0E0	gFoodInfo	fomt.map	7c 01 00 00 9c be 0e 08 d4 be 0e 08 00 02 ff 00 4e 00 00 00 dc be 0e 08 10 bf 0e 08 00 01 01 00 3b 01 00 00
78	0x1042FC	gUnk_08104258	asm/data/data_080F9EB8.s	78 00 00 00 b0 41 10 08 3e 5e 00 00 b8 41 10 08 4e 00 00 00 c0 41 10 08 40 50 00 00 c8 41 10 08 52 00 00 00
79	0xF010C	gArticleInfo	fomt.map	1c f2 0e 08 7b 00 00 00 28 f2 0e 08 5c f2 0e 08 4f 00 00 00 64 f2 0e 08 94 f2 0e 08 d7 01 00 00 9c f2 0e 08
79	0xF30D8	gUnk_080F3010	asm/data/data_080F1A80.s	00 00 00 00 20 31 0f 08 3c 00 00 00 98 31 0f 08 4f 00 00 00 a4 31 0f 08 f0 00 00 00 b0 31 0f 08 03 01 00 00
79	0x104344	gUnk_08104258	asm/data/data_080F9EB8.s	0a 00 00 00 f0 41 10 08 75 00 00 00 f8 41 10 08 4f 00 00 00 fc 41 10 08 4c 00 00 00 04 42 10 08 20 24 00 00
88	0xEE770	gFoodInfo	fomt.map	45 00 00 00 fc db 0e 08 34 dc 0e 08 00 08 ff 00 58 00 00 00 44 dc 0e 08 88 dc 0e 08 00 14 fe 00 70 00 00 00
88	0xF0F6C	gUnk_080F0E88	asm/data/data_080F0348.s	47 00 00 00 48 00 00 00 49 00 00 00 4a 00 00 00 58 00 00 00 59 00 00 00 5a 00 00 00 2c 00 00 00 36 00 00 00
88	0xF0FC0	gUnk_080F0F78	asm/data/data_080F0348.s	43 00 00 00 44 00 00 00 45 00 00 00 4a 00 00 00 58 00 00 00 59 00 00 00 5a 00 00 00 66 01 6a 01 6e 01 72 01
88	0xF11D4	gUnk_080F11BC	asm/data/data_080F0348.s	54 00 00 00 55 00 00 00 56 00 00 00 57 00 00 00 58 00 00 00 59 00 00 00 5a 00 00 00 39 00 00 00 53 00 00 00
88	0xF9F24	gUnk_080F9EF4	asm/data/data_080F9EB8.s	82 53 00 82 54 00 82 55 00 82 56 00 82 57 00 82 58 00 00 00 81 40 00 00 81 7c 00 00 62 61 64 5f 61 6c 6c 6f
89	0xEDD90	gFoodInfo	fomt.map	84 00 00 00 b4 b0 0e 08 dc b0 0e 08 00 04 ff 00 59 00 00 00 e4 b0 0e 08 08 b1 0e 08 00 03 ff 00 b7 01 00 00
89	0xF0F70	gUnk_080F0E88	asm/data/data_080F0348.s	48 00 00 00 49 00 00 00 4a 00 00 00 58 00 00 00 59 00 00 00 5a 00 00 00 2c 00 00 00 36 00 00 00 37 00 00 00
89	0xF0FC4	gUnk_080F0F78	asm/data/data_080F0348.s	44 00 00 00 45 00 00 00 4a 00 00 00 58 00 00 00 59 00 00 00 5a 00 00 00 66 01 6a 01 6e 01 72 01 76 01 7a 01
89	0xF11D8	gUnk_080F11BC	asm/data/data_080F0348.s	55 00 00 00 56 00 00 00 57 00 00 00 58 00 00 00 59 00 00 00 5a 00 00 00 39 00 00 00 53 00 00 00 5b 00 00 00
89	0x10432C	gUnk_08104258	asm/data/data_080F9EB8.s	2f 00 00 00 e0 41 10 08 45 59 00 00 e4 41 10 08 59 00 00 00 e8 41 10 08 0a 00 00 00 f0 41 10 08 75 00 00 00
89	0x116B48	gUnk_0810828C	asm/data/data_080F9EB8.s	4b 61 72 65 6e 00 00 00 48 20 41 20 50 20 50 20 59 00 00 00 20 20 20 42 20 49 20 52 20 54 20 48 20 44 20 41
90	0xEADEC	gToolInfo	fomt.map	40 a6 0e 08 86 00 00 00 50 a6 0e 08 74 a6 0e 08 5a 00 00 00 84 a6 0e 08 a4 a6 0e 08 b8 01 00 00 b8 a6 0e 08
90	0xF0F74	gUnk_080F0E88	asm/data/data_080F0348.s	49 00 00 00 4a 00 00 00 58 00 00 00 59 00 00 00 5a 00 00 00 2c 00 00 00 36 00 00 00 37 00 00 00 38 00 00 00
90	0xF0FC8	gUnk_080F0F78	asm/data/data_080F0348.s	45 00 00 00 4a 00 00 00 58 00 00 00 59 00 00 00 5a 00 00 00 66 01 6a 01 6e 01 72 01 76 01 7a 01 7e 01 1a 00
90	0xF11DC	gUnk_080F11BC	asm/data/data_080F0348.s	56 00 00 00 57 00 00 00 58 00 00 00 59 00 00 00 5a 00 00 00 39 00 00 00 53 00 00 00 5b 00 00 00 5c 00 00 00
90	0xF4EA4	gUnk_080F4D74	asm/data/data_080F1A80.s	00 00 00 00 2c 51 0f 08 3f 00 00 00 68 51 0f 08 5a 00 00 00 74 51 0f 08 94 00 00 00 80 51 0f 08 f0 00 00 00
90	0xFA730	gUnk_080FA728	asm/data/data_080F9EB8.s	fa 00 00 00 00 00 00 00 fa 00 00 00 00 00 00 00 5a 00 00 00 00 00 00 00 fa 00 00 00 96 00 00 00 fa 00 00 00
90	0x103FD0	gUnk_08103F98	asm/data/data_080F9EB8.s	19 50 00 00 00 19 50 00 00 00 19 5a 00 00 00 19 5a 00 00 00 19 63 00 00 00 19 63 0a 00 00 00 63 63 00 32 00
90	0x107D14	gUnk_08107CFC	asm/data/data_080F9EB8.s	c8 00 00 00 72 00 00 00 cd 00 00 00 30 00 00 00 5a 00 00 00 92 00 00 00 24 00 00 00 7d 00 00 00 78 00 00 00
90	0x107D84	gUnk_08107D6C	asm/data/data_080F9EB8.s	c8 00 00 00 72 00 00 00 cd 00 00 00 30 00 00 00 5a 00 00 00 92 00 00 00 24 00 00 00 7d 00 00 00 78 00 00 00
91	0xEAD50	gToolInfo	fomt.map	70 a3 0e 08 9b 00 00 00 84 a3 0e 08 a8 a3 0e 08 5b 00 00 00 bc a3 0e 08 f0 a3 0e 08 92 01 00 00 08 a4 0e 08
91	0xF11E8	gUnk_080F11E0	asm/data/data_080F0348.s	59 00 00 00 5a 00 00 00 39 00 00 00 53 00 00 00 5b 00 00 00 5c 00 00 00 5d 00 00 00 5e 00 00 00 5f 00 00 00
91	0xF1AD0		asm/data/data_080F1A80.s	00 00 00 00 04 1d 0f 08 3c 00 00 00 1c 1d 0f 08 5b 00 00 00 38 1c 0f 08 8b 00 00 00 44 1c 0f 08 f2 00 00 00
91	0xFFB90	gUnk_080FFB90	asm/data/data_080F9EB8.s	00 00 00 00 53 65 6c 6c 20 53 68 65 65 70 00 00 5b 00 00 00 60 fb 0f 08 14 00 00 00 60 fb 0f 08 00 00 00 00
91	0x104384	gUnk_08104258	asm/data/data_080F9EB8.s	00 00 00 00 20 42 10 08 3c 00 00 00 28 42 10 08 5b 00 00 00 30 42 10 08 10 00 00 00 38 42 10 08 3a 00 00 00
92	0xEDF00	gFoodInfo	fomt.map	29 01 00 00 68 b6 0e 08 a0 b6 0e 08 00 05 ff 00 5c 00 00 00 ac b6 0e 08 dc b6 0e 08 00 06 ff 00 5d 00 00 00
92	0xF11EC	gUnk_080F11E0	asm/data/data_080F0348.s	5a 00 00 00 39 00 00 00 53 00 00 00 5b 00 00 00 5c 00 00 00 5d 00 00 00 5e 00 00 00 5f 00 00 00 60 00 00 00
92	0xFD988	gUnk_080FD988	asm/data/data_080F9EB8.s	53 65 6c 6c 20 43 68 69 63 6b 65 6e 00 00 00 00 5c 00 00 00 64 d9 0f 08 0a 00 00 00 64 d9 0f 08 00 00 00 00
93	0xEDF10	gFoodInfo	fomt.map	5c 00 00 00 ac b6 0e 08 dc b6 0e 08 00 06 ff 00 5d 00 00 00 e8 b6 0e 08 18 b7 0e 08 00 07 ff 00 5e 00 00 00
93	0xF11F0	gUnk_080F11E0	asm/data/data_080F0348.s	39 00 00 00 53 00 00 00 5b 00 00 00 5c 00 00 00 5d 00 00 00 5e 00 00 00 5f 00 00 00 60 00 00 00 61 00 00 00
93	0xF55FC	gUnk_080F5540	asm/data/data_080F1A80.s	00 00 00 00 8c 56 0f 08 42 00 00 00 e0 56 0f 08 5d 00 00 00 ec 56 0f 08 98 00 00 00 f8 56 0f 08 f3 00 00 00
97	0xED244	gToolInfo	fomt.map	20 61 20 67 69 66 74 2e 00 00 00 00 50 69 7a 7a 61 00 00 00 50 69 7a 7a 61 0d 0a 53 61 76 6f 72 79 20 49 74
97	0xEDF50	gFoodInfo	fomt.map	60 00 00 00 9c b7 0e 08 cc b7 0e 08 00 0a fc 00 61 00 00 00 d8 b7 0e 08 08 b8 0e 08 00 02 fe 00 08 00 00 00
97	0xF1200	gUnk_080F11E0	asm/data/data_080F0348.s	5d 00 00 00 5e 00 00 00 5f 00 00 00 60 00 00 00 61 00 00 00 62 00 00 00 63 00 00 00 64 00 00 00 65 00 00 00
97	0xFC234	gUnk_080FC082	asm/data/data_080F9EB8.s	6f 00 00 00 41 6e 6b 6f 20 4b 69 74 61 6d 75 72 61 00 00 00 4d 41 73 61 6b 69 20 47 61 6d 6f 75 00 00 00 00
97	0xFC288	gUnk_080FC082	asm/data/data_080F9EB8.s	4a 75 6e 69 63 68 69 20 4b 75 74 73 75 7a 61 77 61 00 00 00 54 6f 6d 69 6f 20 4b 61 6e 61 7a 61 77 61 00 00
97	0xFC340	gUnk_080FC082	asm/data/data_080F9EB8.s	65 72 00 00 54 61 6b 65 73 68 69 20 4f 67 75 72 61 00 00 00 54 65 73 74 20 50 6c 61 79 00 00 00 44 69 67 69
97	0xFC3C0	gUnk_080FC082	asm/data/data_080F9EB8.s	53 68 69 6e 69 63 68 69 20 48 61 79 61 6b 61 77 61 00 00 00 53 68 75 6e 6f 73 75 6b 65 20 4f 7a 61 6b 69 00
97	0xFC424	gUnk_080FC082	asm/data/data_080F9EB8.s	00 00 00 00 59 61 73 75 68 69 72 6f 20 57 61 64 61 00 00 00 55 2e 53 2e 20 45 78 65 63 75 74 69 76 65 20 50
97	0x102D70	gUnk_0810110C	asm/data/data_080F9EB8.s	00 00 00 00 00 04 03 00 00 00 00 00 02 02 43 00 61 00 00 00 02 00 07 00 06 00 08 ff 07 00 07 ff 08 00 06 ff
97	0x104168	gUnk_08104122	asm/data/data_080F9EB8.s	00 00 00 00 44 75 6b 65 00 00 00 00 4d 61 6e 6e 61 00 00 00 42 61 73 69 6c 00 00 00 41 6e 6e 61 00 00 00 00
97	0x1041AC	gUnk_08104122	asm/data/data_080F9EB8.s	53 74 75 00 4a 65 66 66 00 00 00 00 53 61 73 68 61 00 00 00 4b 61 72 65 6e 00 00 00 44 6f 63 74 6f 72 00 00
97	0x104214	gUnk_08104122	asm/data/data_080F9EB8.s	48 2e 20 47 6f 64 64 65 73 73 00 00 4b 61 70 70 61 00 00 00 4c 6f 75 00 4c 75 00 00 53 74 61 69 64 00 00 00
97	0x10AFAC	gUnk_0810828C	asm/data/data_080F9EB8.s	72 61 74 69 6f 6e 20 6f 66 20 53 74 61 6d 69 6e 61 00 00 00 61 6e 64 20 46 61 74 69 67 75 65 00 50 6f 77 65
97	0x10B840	gUnk_0810828C	asm/data/data_080F9EB8.s	46 61 74 69 67 75 65 00 81 9a 53 74 61 6d 69 6e 61 00 00 00 4e 65 63 65 73 73 61 72 79 20 66 6f 72 20 75 73
97	0x10CC84	gUnk_0810828C	asm/data/data_080F9EB8.s	20 77 68 65 6e 20 79 6f 75 20 74 68 69 6e 6b 20 61 00 00 00 67 69 72 6c 20 69 73 20 72 65 61 64 79 20 66 6f
97	0x10D6D0	gUnk_0810828C	asm/data/data_080F9EB8.s	77 69 6c 6c 20 73 68 61 6b 65 20 77 68 65 6e 20 61 00 00 00 66 69 73 68 20 74 61 6b 65 73 20 74 68 65 20 62
97	0x10D8BC	gUnk_0810828C	asm/data/data_080F9EB8.s	61 6c 20 54 6f 77 6e 2e 00 00 00 00 81 45 53 65 61 00 00 00 59 6f 75 20 63 61 6e 20 65 6e 6a 6f 79 20 66 69
97	0x1107C8	gUnk_0810828C	asm/data/data_080F9EB8.s	49 6e 74 72 6f 64 75 63 69 6e 67 20 46 6c 6f 72 61 00 00 00 46 6c 6f 72 61 20 6c 69 76 65 73 20 77 69 74 68
97	0x1107FC	gUnk_0810828C	asm/data/data_080F9EB8.s	6f 67 69 73 74 20 43 61 72 74 65 72 20 69 6e 20 61 00 00 00 74 65 6e 74 2e 20 00 00 3c 32 35 31 3e 00 00 00
97	0x110940	gUnk_0810828C	asm/data/data_080F9EB8.s	49 6e 74 72 6f 64 75 63 69 6e 67 20 56 65 73 74 61 00 00 00 56 65 73 74 61 20 72 75 6e 73 20 74 68 65 20 66
97	0x110BE4	gUnk_0810828C	asm/data/data_080F9EB8.s	49 6e 74 72 6f 64 75 63 69 6e 67 20 43 65 6c 69 61 00 00 00 43 65 6c 69 61 20 77 6f 72 6b 73 20 6f 6e 20 56
97	0x111860	gUnk_0810828C	asm/data/data_080F9EB8.s	61 20 52 69 63 65 00 00 20 20 54 65 6d 70 75 72 61 00 00 00 b0 17 11 08 bc 17 11 08 fc 84 10 08 c8 14 11 08
97	0x115198	gUnk_0810828C	asm/data/data_080F9EB8.s	6f 00 00 00 41 6e 6b 6f 20 4b 69 74 61 6d 75 72 61 00 00 00 4d 41 73 61 6b 69 20 47 61 6d 6f 75 00 00 00 00
97	0x1151EC	gUnk_0810828C	asm/data/data_080F9EB8.s	4a 75 6e 69 63 68 69 20 4b 75 74 73 75 7a 61 77 61 00 00 00 54 6f 6d 69 6f 20 4b 61 6e 61 7a 61 77 61 00 00
97	0x1152A4	gUnk_0810828C	asm/data/data_080F9EB8.s	65 72 00 00 54 61 6b 65 73 68 69 20 4f 67 75 72 61 00 00 00 54 65 73 74 20 50 6c 61 79 00 00 00 44 69 67 69
97	0x115324	gUnk_0810828C	asm/data/data_080F9EB8.s	53 68 69 6e 69 63 68 69 20 48 61 79 61 6b 61 77 61 00 00 00 53 68 75 6e 6f 73 75 6b 65 20 4f 7a 61 6b 69 00
97	0x115388	gUnk_0810828C	asm/data/data_080F9EB8.s	00 00 00 00 59 61 73 75 68 69 72 6f 20 57 61 64 61 00 00 00 55 2e 53 2e 20 45 78 65 63 75 74 69 76 65 20 50
97	0x1162E8	gUnk_0810828C	asm/data/data_080F9EB8.s	20 20 20 42 61 73 69 6c 20 61 6e 64 20 41 6e 6e 61 00 00 00 78 62 11 08 18 5a 11 08 90 62 11 08 a8 62 11 08
97	0x11733C	gUnk_0810828C	asm/data/data_080F9EB8.s	00 00 00 00 57 65 20 6e 6f 77 20 68 61 76 65 20 61 00 00 00 42 6c 75 65 20 46 65 61 74 68 65 72 20 69 6e 20
105	0xECFA4	gToolInfo	fomt.map	20 61 73 20 61 20 67 69 66 74 2e 00 53 75 73 68 69 00 00 00 53 75 73 68 69 0d 0a 4d 61 64 65 20 77 69 74 68
105	0xFC274	gUnk_080FC082	asm/data/data_080F9EB8.s	48 69 64 65 79 75 6b 69 20 4d 69 7a 75 74 61 6e 69 00 00 00 4a 75 6e 69 63 68 69 20 4b 75 74 73 75 7a 61 77
105	0xFC388	gUnk_080FC082	asm/data/data_080F9EB8.s	53 65 74 73 75 6b 6f 20 4d 69 79 61 6b 6f 73 68 69 00 00 00 54 6f 6d 6f 6d 69 20 59 61 6d 61 74 61 74 65 00
105	0x1151D8	gUnk_0810828C	asm/data/data_080F9EB8.s	48 69 64 65 79 75 6b 69 20 4d 69 7a 75 74 61 6e 69 00 00 00 4a 75 6e 69 63 68 69 20 4b 75 74 73 75 7a 61 77
105	0x1152EC	gUnk_0810828C	asm/data/data_080F9EB8.s	53 65 74 73 75 6b 6f 20 4d 69 79 61 6b 6f 73 68 69 00 00 00 54 6f 6d 6f 6d 69 20 59 61 6d 61 74 61 74 65 00
105	0x115F48	gUnk_0810828C	asm/data/data_080F9EB8.s	20 20 20 4b 61 69 20 61 6e 64 20 50 6f 70 75 72 69 00 00 00 f4 5e 11 08 fc 84 10 08 18 5a 11 08 10 5f 11 08
105	0x1168D4	gUnk_0810828C	asm/data/data_080F9EB8.s	20 20 20 20 20 20 20 20 20 20 20 20 20 45 6c 6c 69 00 00 00 8c 68 11 08 fc 84 10 08 18 5a 11 08 a4 68 11 08
106	0xF4078	gUnk_080F3FD8	asm/data/data_080F1A80.s	00 00 00 00 c8 40 0f 08 3c 00 00 00 d4 40 0f 08 6a 00 00 00 10 41 0f 08 83 00 00 00 1c 41 0f 08 f3 00 00 00
107	0xE86E8	gUnk_080E86C0	asm/data/data_080E8610.s	6f 6e 73 00 31 00 00 00 32 00 00 00 43 6c 6f 63 6b 00 00 00 59 65 73 00 4e 6f 00 00 46 61 63 65 00 00 00 00
107	0xEE590	gFoodInfo	fomt.map	a5 01 00 00 6c d4 0e 08 b4 d4 0e 08 00 0f fb 00 6b 00 00 00 bc d4 0e 08 f4 d4 0e 08 00 1e fb 00 68 00 00 00
107	0xEF634	gFoodInfo	fomt.map	4d 61 72 79 27 73 20 47 72 65 61 74 20 42 6f 6f 6b 00 00 00 4d 61 72 79 27 73 20 47 72 65 61 74 20 42 6f 6f
107	0xF44DC	gUnk_080F43DC	asm/data/data_080F1A80.s	3c 00 00 00 80 47 0f 08 5f 00 00 00 8c 47 0f 08 6b 00 00 00 98 47 0f 08 f0 00 00 00 a4 47 0f 08 fd 00 00 00
107	0xF4564	gUnk_080F43DC	asm/data/data_080F1A80.s	3c 00 00 00 80 47 0f 08 5f 00 00 00 8c 47 0f 08 6b 00 00 00 98 47 0f 08 f0 00 00 00 a4 47 0f 08 fd 00 00 00
107	0x104284	gUnk_08104258	asm/data/data_080F9EB8.s	0d 29 00 00 40 41 10 08 44 00 00 00 48 41 10 08 6b 00 00 00 4c 41 10 08 2c 00 00 00 54 41 10 08 1b 00 00 00
107	0x10981C	gUnk_0810828C	asm/data/data_080F9EB8.s	20 49 74 65 6d 20 69 6e 20 52 75 63 6b 73 61 63 6b 00 00 00 81 a8 50 72 65 73 73 20 74 68 65 20 42 20 42 75
107	0x1125D0	gUnk_0810828C	asm/data/data_080F9EB8.s	20 69 6e 20 79 6f 75 72 20 52 75 63 6b 73 61 63 6b 00 00 00 20 28 6e 6f 20 6e 65 65 64 20 74 6f 20 62 65 20
107	0x116838	gUnk_0810828C	asm/data/data_080F9EB8.s	2c 20 62 75 74 20 79 6f 75 20 63 61 6e 20 61 73 6b 00 00 00 6d 65 20 66 6f 72 20 61 6e 79 74 68 69 6e 67 2e
108	0xEBE98	gToolInfo	fomt.map	61 69 6e 2e 00 00 00 00 52 69 63 65 20 42 61 6c 6c 00 00 00 52 69 63 65 20 42 61 6c 6c 0d 0a 4d 61 79 20 62
108	0xEDA84	gToolInfo	fomt.map	54 6f 61 73 74 65 64 20 52 69 63 65 20 42 61 6c 6c 00 00 00 54 6f 61 73 74 65 64 20 52 69 63 65 20 42 61 6c
108	0xEF060	gFoodInfo	fomt.map	65 73 74 20 47 6f 64 64 65 73 73 20 4a 65 77 65 6c 00 00 00 48 61 72 76 65 73 74 20 47 6f 64 64 65 73 73 20
108	0xEF594	gFoodInfo	fomt.map	50 6f 70 75 72 69 27 73 20 4d 75 64 20 42 61 6c 6c 00 00 00 50 6f 70 75 72 69 27 73 20 4d 75 64 20 42 61 6c
108	0xEFFB0	gArticleInfo	fomt.map	48 eb 0e 08 0b 01 00 00 54 eb 0e 08 90 eb 0e 08 6c 00 00 00 98 eb 0e 08 cc eb 0e 08 9b 01 00 00 d4 eb 0e 08
108	0xF1BA0		asm/data/data_080F1A80.s	00 00 00 00 04 1d 0f 08 3c 00 00 00 28 1d 0f 08 6c 00 00 00 a4 1c 0f 08 75 00 00 00 b0 1c 0f 08 f0 00 00 00
108	0xF73F8	gUnk_080F7294	asm/data/data_080F1A80.s	3f 00 00 00 3c 75 0f 08 62 00 00 00 cc 75 0f 08 6c 00 00 00 d8 75 0f 08 f1 00 00 00 e4 75 0f 08 fc 00 00 00
108	0xFD028	gUnk_080FCE14	asm/data/data_080F9EB8.s	20 6f 66 20 4d 6f 74 68 65 72 27 73 20 48 69 6c 6c 00 00 00 4d 6f 74 68 65 72 27 73 20 48 69 6c 6c 0d 0a 54
108	0xFD07C	gUnk_080FCE14	asm/data/data_080F9EB8.s	67 2e 00 00 4d 6f 74 68 65 72 27 73 20 48 69 6c 6c 00 00 00 f0 c6 0f 08 f0 c6 0f 08 00 00 00 00 68 01 90 00
108	0x104170	gUnk_08104122	asm/data/data_080F9EB8.s	00 00 00 00 4d 61 6e 6e 61 00 00 00 42 61 73 69 6c 00 00 00 41 6e 6e 61 00 00 00 00 4d 61 72 79 00 00 00 00
108	0x1086BC	gUnk_0810828C	asm/data/data_080F9EB8.s	20 74 68 65 69 72 20 66 61 63 65 73 20 77 69 6c 6c 00 00 00 74 75 72 6e 20 72 65 64 2c 20 61 6e 64 20 74 68
108	0x109160	gUnk_0810828C	asm/data/data_080F9EB8.s	65 20 52 61 63 69 6e 67 20 46 65 73 74 69 76 61 6c 00 00 00 69 73 20 68 65 6c 64 20 74 68 65 20 31 38 74 68
108	0x10A688	gUnk_0810828C	asm/data/data_080F9EB8.s	70 73 20 77 69 6c 6c 20 67 72 6f 77 20 77 65 6c 6c 00 00 00 69 66 20 79 6f 75 20 67 69 76 65 20 74 68 65 6d
108	0x10A79C	gUnk_0810828C	asm/data/data_080F9EB8.s	2c 20 62 75 74 20 6f 74 68 65 72 73 20 77 69 6c 6c 00 00 00 72 69 70 65 6e 20 61 67 61 69 6e 20 69 66 20 79
108	0x10C604	gUnk_0810828C	asm/data/data_080F9EB8.s	6f 70 70 65 72 20 41 78 65 2c 20 79 6f 75 27 6c 6c 00 00 00 62 65 20 61 62 6c 65 20 74 6f 20 63 68 6f 70 20
108	0x10F544	gUnk_0810828C	asm/data/data_080F9EB8.s	49 6e 74 72 6f 64 75 63 69 6e 67 20 44 61 72 79 6c 00 00 00 41 20 73 63 69 65 6e 74 69 73 74 20 77 68 6f 20
108	0x1117DC	gUnk_0810828C	asm/data/data_080F9EB8.s	67 00 00 00 20 20 4d 69 6c 6b 00 00 20 20 4f 69 6c 00 00 00 20 20 46 72 79 69 6e 67 20 50 61 6e 00 00 00 00
108	0x113018	gUnk_0810828C	asm/data/data_080F9EB8.s	61 6c 6c 00 81 99 42 72 65 61 64 00 81 99 4f 69 6c 00 00 00 81 99 46 6c 6f 75 72 00 81 99 43 75 72 72 79 20
108	0x115E8C	gUnk_0810828C	asm/data/data_080F9EB8.s	74 68 69 6e 67 73 20 69 6e 20 4d 69 6e 65 72 61 6c 00 00 00 54 6f 77 6e 3f 20 54 68 69 6e 67 73 20 61 72 65
108	0x1164A8	gUnk_0810828C	asm/data/data_080F9EB8.s	69 6e 20 6d 61 6b 69 6e 67 20 4d 69 6e 65 72 61 6c 00 00 00 54 6f 77 6e 20 61 20 68 61 70 70 69 65 72 20 61
111	0xEADB0	gToolInfo	fomt.map	4c a5 0e 08 c2 01 00 00 5c a5 0e 08 80 a5 0e 08 6f 00 00 00 8c a5 0e 08 ac a5 0e 08 40 01 00 00 b8 a5 0e 08
111	0xEFAF8	gFoodInfo	fomt.map	72 20 77 6f 6d 65 6e 2e 00 00 00 00 50 68 6f 74 6f 00 00 00 50 68 6f 74 6f 0d 0a 41 20 70 68 6f 74 6f 20 66
111	0xFC0DC	gUnk_080FC082	asm/data/data_080F9EB8.s	00 00 00 00 52 79 6f 75 20 46 75 6b 75 74 6f 79 6f 00 00 00 44 61 69 73 75 6b 65 20 4b 6f 6e 64 6f 68 00 00
111	0xFC224	gUnk_080FC082	asm/data/data_080F9EB8.s	67 67 65 72 73 00 00 00 52 69 65 20 4d 75 72 61 6f 00 00 00 41 6e 6b 6f 20 4b 69 74 61 6d 75 72 61 00 00 00
111	0xFC2D0	gUnk_080FC082	asm/data/data_080F9EB8.s	00 00 00 00 48 69 73 61 73 68 69 20 55 72 61 6e 6f 00 00 00 50 72 6f 6d 6f 74 69 6f 6e 00 00 00 54 61 6b 75
111	0x10791C	gUnk_081078BD	asm/data/data_080F9EB8.s	68 61 6d 75 73 00 00 00 00 00 00 00 42 72 75 6e 6f 00 00 00 00 00 00 00 00 53 68 61 72 70 79 00 00 00 00 00
111	0x109E88	gUnk_0810828C	asm/data/data_080F9EB8.s	68 65 20 43 6f 6e 74 72 6f 6c 20 50 61 64 20 74 6f 00 00 00 73 63 72 6f 6c 6c 20 73 6c 6f 77 65 72 2e 00 00
111	0x10C7F0	gUnk_0810828C	asm/data/data_080F9EB8.s	79 6f 75 27 6c 6c 20 62 65 20 61 62 6c 65 20 74 6f 00 00 00 73 6d 61 73 68 20 68 75 67 65 20 53 74 6f 6e 65
111	0x10CAB8	gUnk_0810828C	asm/data/data_080F9EB8.s	75 20 68 61 76 65 20 74 69 6c 6c 65 64 2c 20 73 6f 00 00 00 62 65 20 63 61 72 65 66 75 6c 20 6e 6f 74 20 74
111	0x111A10	gUnk_0810828C	asm/data/data_080F9EB8.s	20 20 53 65 61 73 6f 6e 69 6e 67 3a 20 4d 69 73 6f 00 00 00 81 99 46 69 73 68 20 53 74 69 63 6b 73 00 00 00
111	0x112000	gUnk_0810828C	asm/data/data_080F9EB8.s	75 20 77 69 6c 6c 20 62 65 20 61 62 6c 65 20 74 6f 00 00 00 62 75 79 20 55 74 65 6e 73 69 6c 73 20 6f 6e 20
111	0x115040	gUnk_0810828C	asm/data/data_080F9EB8.s	00 00 00 00 52 79 6f 75 20 46 75 6b 75 74 6f 79 6f 00 00 00 44 61 69 73 75 6b 65 20 4b 6f 6e 64 6f 68 00 00
111	0x115188	gUnk_0810828C	asm/data/data_080F9EB8.s	67 67 65 72 73 00 00 00 52 69 65 20 4d 75 72 61 6f 00 00 00 41 6e 6b 6f 20 4b 69 74 61 6d 75 72 61 00 00 00
111	0x115234	gUnk_0810828C	asm/data/data_080F9EB8.s	00 00 00 00 48 69 73 61 73 68 69 20 55 72 61 6e 6f 00 00 00 50 72 6f 6d 6f 74 69 6f 6e 00 00 00 54 61 6b 75
112	0xEC2F8	gToolInfo	fomt.map	20 67 69 66 74 2e 00 00 4d 69 73 6f 20 53 6f 75 70 00 00 00 4d 69 73 6f 20 53 6f 75 70 0d 0a 41 20 64 65 6c
112	0xEE780	gFoodInfo	fomt.map	58 00 00 00 44 dc 0e 08 88 dc 0e 08 00 14 fe 00 70 00 00 00 98 dc 0e 08 4d 6f 6f 6e 20 44 72 6f 70 20 47 72
112	0xF1A04	gUnk_080F19CC	asm/data/data_080F0348.s	73 61 63 6b 00 00 00 00 57 6f 72 6c 64 20 4d 61 70 00 00 00 46 61 72 6d 20 4d 61 70 00 00 00 00 45 61 72 6e
112	0xFFB74	gUnk_080FFB60	asm/data/data_080F9EB8.s	42 75 79 20 43 6f 77 00 42 75 79 20 53 68 65 65 70 00 00 00 53 65 6c 6c 20 43 6f 77 00 00 00 00 53 65 6c 6c
112	0x100D0C	gUnk_08100BD7	asm/data/data_080F9EB8.s	20 41 6c 73 6f 20 73 6c 69 67 68 74 6c 79 20 75 70 00 00 00 00 00 00 00 00 00 46 52 3a 20 53 6c 69 67 68 74
112	0x100D24	gUnk_08100BD7	asm/data/data_080F9EB8.s	00 00 46 52 3a 20 53 6c 69 67 68 74 6c 79 20 75 70 00 00 00 00 00 00 00 00 00 00 00 00 00 00 46 52 3a 20 41
112	0x10B8C8	gUnk_0810828C	asm/data/data_080F9EB8.s	74 61 6d 69 6e 61 3a 00 20 20 81 45 53 6c 65 65 70 00 00 00 20 20 81 45 45 6e 74 65 72 20 48 6f 74 20 53 70
112	0x115638	gUnk_0810828C	asm/data/data_080F9EB8.s	6f 6c 73 00 4f 70 65 6e 20 54 6f 77 6e 20 4d 61 70 00 00 00 50 72 65 73 73 20 53 74 61 72 74 20 77 68 69 6c
112	0x115678	gUnk_0810828C	asm/data/data_080F9EB8.s	6e 2e 00 00 4f 70 65 6e 20 46 61 72 6d 20 4d 61 70 00 00 00 50 72 65 73 73 20 53 65 6c 65 63 74 20 77 68 69
113	0xEDD00	gFoodInfo	fomt.map	5b 01 00 00 0c af 0e 08 30 af 0e 08 00 04 ff 00 71 00 00 00 3c af 0e 08 64 af 0e 08 00 05 fe 00 ae 01 00 00
113	0xF20FC	gUnk_080F1FC0	asm/data/data_080F1A80.s	3c 00 00 00 20 24 0f 08 62 00 00 00 2c 24 0f 08 71 00 00 00 38 24 0f 08 f0 00 00 00 44 24 0f 08 00 01 00 00
113	0xFE348	gUnk_080FE2D8	asm/data/data_080F9EB8.s	00 00 00 00 32 00 00 00 fd ff ff ff 00 00 00 00 71 00 00 00 fa 00 00 00 bc e2 0f 08 00 00 00 00 28 00 00 00
113	0x1025C0	gUnk_0810110C	asm/data/data_080F9EB8.s	0b 00 00 00 01 00 02 00 00 00 00 00 00 02 0d 00 71 00 00 00 10 00 03 ff 11 00 03 ff 12 00 03 ff 13 00 04 ff
113	0x103418	gUnk_0810110C	asm/data/data_080F9EB8.s	00 00 00 00 01 00 01 00 00 00 00 00 00 02 43 00 71 00 00 00 3e 00 05 fe 10 00 02 ff 11 00 02 ff 12 00 02 ff
114	0xE8678	gUnk_080E862C	asm/data/data_080E8610.s	62 61 64 5f 61 6c 6c 6f 63 00 00 00 45 72 72 6f 72 00 00 00 4e 2f 41 20 00 00 00 00 d8 a1 74 08 b4 a5 74 08
114	0xE86A4	gUnk_080E8684	asm/data/data_080E8610.s	62 61 64 5f 61 6c 6c 6f 63 00 00 00 45 72 72 6f 72 00 00 00 44 69 61 72 79 00 00 00 53 61 76 65 00 00 00 00
114	0xE8930	gUnk_080E8914	asm/data/data_080E8610.s	62 61 64 5f 61 6c 6c 6f 63 00 00 00 45 72 72 6f 72 00 00 00 59 6f 75 72 20 20 00 00 46 61 72 6d 27 73 00 00
114	0xE9D98	(0x4)	fomt.map	00 00 00 00 43 6f 70 70 65 72 20 48 61 6d 6d 65 72 00 00 00 43 6f 70 70 65 72 20 48 61 6d 6d 65 72 0d 0a 53
114	0xE9DF4	(0x4)	fomt.map	00 00 00 00 53 69 6c 76 65 72 20 48 61 6d 6d 65 72 00 00 00 53 69 6c 76 65 72 20 48 61 6d 6d 65 72 0d 0a 6c
114	0xE9EE8	(0x4)	fomt.map	64 73 2e 00 43 75 72 73 65 64 20 48 61 6d 6d 65 72 00 00 00 43 75 72 73 65 64 20 48 61 6d 6d 65 72 0d 0a 4f
114	0xE9F80	(0x4)	fomt.map	00 00 00 00 4d 79 74 68 69 63 20 48 61 6d 6d 65 72 00 00 00 4d 79 74 68 69 63 20 48 61 6d 6d 65 72 0d 0a 53
114	0xEA9E0	(0x4)	fomt.map	20 67 69 72 6c 2e 00 00 50 65 64 6f 6d 65 74 65 72 00 00 00 50 65 64 6f 6d 65 74 65 72 0d 0a 00 54 65 6c 65
114	0xEAD80	gToolInfo	fomt.map	74 a4 0e 08 5c 01 00 00 84 a4 0e 08 a8 a4 0e 08 72 00 00 00 b8 a4 0e 08 dc a4 0e 08 b1 01 00 00 f0 a4 0e 08
114	0xEBD14	gToolInfo	fomt.map	75 63 6b 2e 00 00 00 00 42 6f 64 69 67 69 7a 65 72 00 00 00 42 6f 64 69 67 69 7a 65 72 0d 0a 48 65 6c 70 73
114	0xEFD54	gFoodInfo	fomt.map	2e 00 00 00 47 6f 6c 64 65 6e 20 4c 75 6d 62 65 72 00 00 00 47 6f 6c 64 65 6e 20 4c 75 6d 62 65 72 0d 0a 43
114	0xEFDA4	gFoodInfo	fomt.map	00 00 00 00 41 6e 69 6d 61 6c 20 46 6f 64 64 65 72 00 00 00 41 6e 69 6d 61 6c 20 46 6f 64 64 65 72 0d 0a 46
114	0xF0508	gUnk_080F04EE	asm/data/data_080F0348.s	6d 65 72 00 46 61 6c 6c 20 20 00 57 69 6e 74 65 72 00 00 00 96 b3 00 53 75 6e 2e 00 4d 6f 6e 2e 00 54 75 65
114	0xF0550	gUnk_080F050F	asm/data/data_080F0348.s	62 61 64 5f 61 6c 6c 6f 63 00 00 00 45 72 72 6f 72 00 00 00 4e 2f 41 20 00 00 00 00 62 61 64 5f 61 6c 6c 6f
114	0xF05B4	gUnk_080F058C	asm/data/data_080F0348.s	63 00 00 00 4e 2f 41 20 00 00 00 00 45 72 72 6f 72 00 00 00 43 72 6f 70 73 00 00 00 41 6e 69 6d 61 6c 73 00
114	0xF06CC	gUnk_080F06B4	asm/data/data_080F0348.s	6c 6c 20 70 72 61 79 20 66 6f 72 20 74 68 65 69 72 00 00 00 65 76 65 72 6c 61 73 74 69 6e 67 20 70 65 61 63
114	0xF06F4	gUnk_080F06D0	asm/data/data_080F0348.s	62 61 64 5f 61 6c 6c 6f 63 00 00 00 45 72 72 6f 72 00 00 00 4e 2f 41 20 00 0f 04 1e 04 26 04 00 d1 00 79 00
114	0xF082C	gUnk_080F0770	asm/data/data_080F0348.s	62 61 64 5f 61 6c 6c 6f 63 00 00 00 45 72 72 6f 72 00 00 00 4e 2f 41 20 00 00 00 00 0a 01 02 00 1e 01 02 00
114	0xF0E7C	gUnk_080F0E34	asm/data/data_080F0348.s	62 61 64 5f 61 6c 6c 6f 63 00 00 00 45 72 72 6f 72 00 00 00 4e 2f 41 20 00 00 00 00 01 00 00 00 02 00 00 00
114	0xF1324	gUnk_080F1230	asm/data/data_080F0348.s	62 61 64 5f 61 6c 6c 6f 63 00 00 00 45 72 72 6f 72 00 00 00 fd ff d5 ff fd ff d5 ff fd ff d5 ff fd ff d5 ff
114	0xF1438	gUnk_080F1328	asm/data/data_080F0348.s	62 61 64 5f 61 6c 6c 6f 63 00 00 00 45 72 72 6f 72 00 00 00 14 01 03 00 32 01 03 00 14 03 03 00 0a 03 03 00
114	0xF1510	gUnk_080F14F0	asm/data/data_080F0348.s	62 61 64 5f 61 6c 6c 6f 63 00 00 00 45 72 72 6f 72 00 00 00 32 00 0c 00 14 00 08 00 14 00 04 00 0a 00 00 00
114	0xF1534	gUnk_080F14F0	asm/data/data_080F0348.s	62 61 64 5f 61 6c 6c 6f 63 00 00 00 45 72 72 6f 72 00 00 00 0a 01 02 00 32 01 02 00 1e 01 02 00 0a 01 02 00
114	0xF19A4	gUnk_080F19A0	asm/data/data_080F0348.s	62 61 64 5f 61 6c 6c 6f 63 00 00 00 45 72 72 6f 72 00 00 00 4e 2f 41 20 00 00 27 04 23 04 00 00 62 61 64 5f
114	0xF9EA8	(0x4)	fomt.map	62 61 64 5f 61 6c 6c 6f 63 00 00 00 45 72 72 6f 72 00 00 00 62 61 64 5f 61 6c 6c 6f 63 00 00 00 45 72 72 6f
114	0xF9EBC		asm/data/data_080F9EB8.s	62 61 64 5f 61 6c 6c 6f 63 00 00 00 45 72 72 6f 72 00 00 00 4e 2f 41 20 00 64 50 32 1e 50 3c 1e 0a 50 32 14
114	0xFCA2C	gUnk_080FC6E8	asm/data/data_080F9EB8.s	61 79 73 00 44 75 6b 65 27 73 20 43 65 6c 6c 61 72 00 00 00 44 6f 75 67 27 73 20 49 6e 6e 2e 20 44 6f 75 67
114	0xFCAB0	gUnk_080FC6E8	asm/data/data_080F9EB8.s	50 4d 0d 0a 43 6c 6f 73 65 64 3a 20 4e 65 76 65 72 00 00 00 48 61 72 76 65 73 74 20 53 70 72 69 74 65 73 27
114	0xFECBC	gUnk_080FEC44	asm/data/data_080F9EB8.s	20 4d 61 79 6f 6e 6e 61 69 73 65 20 4d 61 6b 65 72 00 00 00 43 6f 73 74 20 74 6f 20 6d 61 6b 65 20 74 68 69
114	0xFED08	gUnk_080FEC44	asm/data/data_080F9EB8.s	4d 61 6b 65 20 43 68 65 65 73 65 20 4d 61 6b 65 72 00 00 00 4d 61 6b 65 20 59 61 72 6e 20 4d 61 6b 65 72 00
114	0xFF370	gUnk_080FF2EC	asm/data/data_080F9EB8.s	65 72 00 00 47 6f 6c 64 65 6e 20 4c 75 6d 62 65 72 00 00 00 48 6f 75 73 65 20 45 78 74 65 6e 73 69 6f 6e 00
114	0xFF5B4	gUnk_080FF2EC	asm/data/data_080F9EB8.s	53 71 2e 20 57 69 6e 64 6f 77 20 77 2f 20 53 63 72 00 00 00 47 6f 6c 64 20 20 20 20 32 35 2c 30 30 30 47 0d
114	0x1074E0	gUnk_08107458	asm/data/data_080F9EB8.s	62 61 64 5f 61 6c 6c 6f 63 00 00 00 45 72 72 6f 72 00 00 00 4e 2f 41 20 00 00 00 00 62 61 64 5f 61 6c 6c 6f
114	0x107944	gUnk_081078BD	asm/data/data_080F9EB8.s	7a 7a 00 00 00 00 00 00 00 00 00 4a 75 6e 69 6f 72 00 00 00 00 00 00 00 42 79 72 6f 6e 00 00 00 00 00 00 00
114	0x107D08	gUnk_08107CFC	asm/data/data_080F9EB8.s	21 05 00 00 4b 00 00 00 28 00 00 00 c8 00 00 00 72 00 00 00 cd 00 00 00 30 00 00 00 5a 00 00 00 92 00 00 00
114	0x107D78	gUnk_08107D6C	asm/data/data_080F9EB8.s	22 02 00 00 4b 00 00 00 28 00 00 00 c8 00 00 00 72 00 00 00 cd 00 00 00 30 00 00 00 5a 00 00 00 92 00 00 00
114	0x109548	gUnk_0810828C	asm/data/data_080F9EB8.s	6b 20 69 73 20 74 6f 20 6b 65 65 70 20 79 6f 75 72 00 00 00 43 68 69 63 6b 65 6e 27 73 20 61 66 66 65 63 74
114	0x10A768	gUnk_0810828C	asm/data/data_080F9EB8.s	70 73 20 77 69 6c 6c 20 64 69 73 61 70 70 65 61 72 00 00 00 65 6e 74 69 72 65 6c 79 20 6f 6e 63 65 20 79 6f
114	0x10B2DC	gUnk_0810828C	asm/data/data_080F9EB8.s	6f 69 63 65 73 20 77 69 6c 6c 20 61 70 70 65 61 72 00 00 00 69 6e 20 74 68 65 20 4d 65 73 73 61 67 65 20 57
114	0x10C3BC	gUnk_0810828C	asm/data/data_080F9EB8.s	67 20 6f 76 65 72 20 73 6f 69 6c 20 61 66 74 65 72 00 00 00 20 70 6c 61 6e 74 69 6e 67 20 62 75 74 20 62 65
114	0x10C7D4	gUnk_0810828C	asm/data/data_080F9EB8.s	61 64 65 20 74 6f 20 74 68 65 20 43 6f 70 70 65 72 00 00 00 48 61 6d 6d 65 72 2c 20 79 6f 75 27 6c 6c 20 62
114	0x10CCF4	gUnk_0810828C	asm/data/data_080F9EB8.s	65 6e 64 69 6e 67 20 6f 6e 20 68 6f 77 20 66 61 72 00 00 00 61 77 61 79 20 74 68 65 79 20 61 72 65 20 6f 72
114	0x10E1CC	gUnk_0810828C	asm/data/data_080F9EB8.s	61 73 20 79 6f 75 20 63 61 6e 2c 20 74 68 65 69 72 00 00 00 61 66 66 65 63 74 69 6f 6e 20 66 6f 72 20 79 6f
114	0x10F1C0	gUnk_0810828C	asm/data/data_080F9EB8.s	72 20 69 6e 20 66 72 6f 6e 74 20 6f 66 20 68 65 72 00 00 00 70 61 72 65 6e 74 73 2e 20 53 68 65 20 69 73 20
114	0x1136CC	gUnk_0810828C	asm/data/data_080F9EB8.s	6f 75 20 63 61 6e 20 62 75 79 20 4c 75 6d 62 65 72 00 00 00 20 6f 72 20 61 73 6b 20 66 6f 72 20 65 78 70 61
114	0x113AA0	gUnk_0810828C	asm/data/data_080F9EB8.s	73 20 79 6f 75 20 74 6f 20 63 61 72 65 20 66 6f 72 00 00 00 20 31 36 20 43 6f 77 73 20 61 6e 64 20 53 68 65
114	0x1145B4	gUnk_0810828C	asm/data/data_080F9EB8.s	20 63 61 6e 20 62 75 79 20 62 6f 74 68 2c 20 6f 72 00 00 00 20 6a 75 73 74 20 63 6f 77 73 20 6f 72 20 73 68
114	0x114728	gUnk_0810828C	asm/data/data_080F9EB8.s	20 71 75 61 6c 69 74 79 20 6f 66 20 74 68 65 69 72 00 00 00 20 6d 69 6c 6b 20 61 6e 64 20 77 6f 6f 6c 2e 00
115	0xE8750	gUnk_080E874C	asm/data/data_080E8610.s	fc 86 0e 08 ec 86 0e 08 f0 86 0e 08 59 65 61 72 73 00 00 00 20 00 00 00 20 44 61 79 00 00 00 00 20 28 00 00
115	0xEA524	(0x4)	fomt.map	00 00 00 00 43 61 62 62 61 67 65 20 53 65 65 64 73 00 00 00 43 61 62 62 61 67 65 20 53 65 65 64 73 0d 0a 50
115	0xEA5E4	(0x4)	fomt.map	2e 0d 0a 00 50 75 6d 70 6b 69 6e 20 53 65 65 64 73 00 00 00 50 75 6d 70 6b 69 6e 20 53 65 65 64 73 0d 0a 50
115	0xEA6EC	(0x4)	fomt.map	00 00 00 00 53 70 69 6e 61 63 68 20 53 65 65 64 73 00 00 00 53 70 69 6e 61 63 68 20 53 65 65 64 73 0d 0a 50
115	0xEBAC0	gToolInfo	fomt.map	74 69 67 75 65 2e 00 00 52 65 64 20 47 72 61 73 73 00 00 00 52 65 64 20 47 72 61 73 73 0d 0a 46 69 6e 64 20
115	0xED2C8	gToolInfo	fomt.map	66 74 2e 00 43 75 72 72 79 20 4e 6f 6f 64 6c 65 73 00 00 00 43 75 72 72 79 20 4e 6f 6f 64 6c 65 73 0d 0a 4d
115	0xED370	gToolInfo	fomt.map	2e 00 00 00 46 72 69 65 64 20 4e 6f 6f 64 6c 65 73 00 00 00 46 72 69 65 64 20 4e 6f 6f 64 6c 65 73 0d 0a 4d
115	0xED3C0	gToolInfo	fomt.map	42 75 63 6b 77 68 65 61 74 20 4e 6f 6f 64 6c 65 73 00 00 00 42 75 63 6b 77 68 65 61 74 20 4e 6f 6f 64 6c 65
115	0xED504	gToolInfo	fomt.map	43 68 6f 63 6f 6c 61 74 65 20 43 6f 6f 6b 69 65 73 00 00 00 43 68 6f 63 6f 6c 61 74 65 20 43 6f 6f 6b 69 65
115	0xEE1B0	gFoodInfo	fomt.map	8c 01 00 00 28 c2 0e 08 68 c2 0e 08 00 1e fe 00 73 00 00 00 74 c2 0e 08 b4 c2 0e 08 00 1e fe 00 ab 01 00 00
115	0xEF298	gFoodInfo	fomt.map	0a 63 61 6e 20 6d 61 6b 65 2e 00 00 57 65 65 64 73 00 00 00 57 65 65 64 73 0d 0a 47 72 6f 77 20 69 6e 20 53
115	0xEF4F4	gFoodInfo	fomt.map	61 72 62 61 67 65 2e 0d 0a 00 00 00 42 6f 6f 74 73 00 00 00 42 6f 6f 74 73 0d 0a 47 61 72 62 61 67 65 0d 0a
115	0xEFBE8	gFoodInfo	fomt.map	65 61 20 70 61 72 74 79 2e 00 00 00 44 72 65 73 73 00 00 00 44 72 65 73 73 0d 0a 53 75 72 65 20 74 6f 20 70
115	0xF05BC	gUnk_080F05B8	asm/data/data_080F0348.s	00 00 00 00 45 72 72 6f 72 00 00 00 43 72 6f 70 73 00 00 00 41 6e 69 6d 61 6c 73 00 55 73 65 66 75 6c 20 54
115	0xFAE98	gUnk_080FAE6A	asm/data/data_080F9EB8.s	75 00 72 00 20 00 6d 00 65 00 64 00 61 00 6c 00 73 00 00 00 52 61 63 65 20 20 57 69 6e 6e 69 6e 67 20 54 69
115	0xFB0CC	gUnk_080FB000	asm/data/data_080F9EB8.s	74 65 00 00 00 00 00 00 04 00 00 00 44 72 65 73 73 00 00 00 00 00 00 00 00 00 00 00 fa 00 00 00 50 65 72 66
115	0xFB1D4	gUnk_080FB1A6	asm/data/data_080F9EB8.s	75 00 72 00 20 00 6d 00 65 00 64 00 61 00 6c 00 73 00 00 00 62 61 64 5f 61 6c 6c 6f 63 00 00 00 f4 19 74 08
115	0xFC128	gUnk_080FC082	asm/data/data_080F9EB8.s	20 54 61 6b 65 64 61 00 44 65 73 69 67 6e 65 72 73 00 00 00 54 75 79 6f 73 68 69 20 59 61 6d 61 75 65 00 00
115	0xFC218	gUnk_080FC082	asm/data/data_080F9EB8.s	75 6e 20 4a 79 6f 00 00 44 65 62 75 67 67 65 72 73 00 00 00 52 69 65 20 4d 75 72 61 6f 00 00 00 41 6e 6b 6f
115	0xFE32C	gUnk_080FE2D8	asm/data/data_080F9EB8.s	00 00 00 00 14 00 00 00 e2 ff ff ff 00 00 00 00 73 00 00 00 2c 01 00 00 bc e2 0f 08 00 00 00 00 32 00 00 00
115	0xFED6C	gUnk_080FEC44	asm/data/data_080F9EB8.s	6c 63 00 00 4d 61 6b 65 20 45 61 72 72 69 6e 67 73 00 00 00 4d 61 6b 65 20 42 72 61 63 65 6c 65 74 00 00 00
115	0xFF40C	gUnk_080FF2EC	asm/data/data_080F9EB8.s	75 6d 62 65 72 20 20 37 30 30 20 70 69 65 63 65 73 00 00 00 41 64 64 20 61 20 42 61 74 68 74 75 62 00 00 00
115	0xFF4BC	gUnk_080FF2EC	asm/data/data_080F9EB8.s	75 6d 62 65 72 20 20 34 32 30 20 70 69 65 63 65 73 00 00 00 52 65 6d 6f 64 65 6c 20 42 61 72 6e 00 00 00 00
115	0x1000B8	gUnk_081000B4	asm/data/data_080F9EB8.s	59 65 73 00 4e 6f 00 00 00 00 00 00 54 6f 6f 6c 73 00 00 00 49 74 65 6d 73 00 00 00 62 61 64 5f 61 6c 6c 6f
115	0x1000C0	gUnk_081000BC	asm/data/data_080F9EB8.s	00 00 00 00 54 6f 6f 6c 73 00 00 00 49 74 65 6d 73 00 00 00 62 61 64 5f 61 6c 6c 6f 63 00 00 00 00 00 00 00
115	0x10012C	gUnk_08100128	asm/data/data_080F9EB8.s	00 00 00 00 59 65 73 00 4e 6f 00 00 49 74 65 6d 73 00 00 00 53 68 65 6c 66 00 00 00 62 61 64 5f 61 6c 6c 6f
115	0x10014C	gUnk_08100148	asm/data/data_080F9EB8.s	61 6c 6c 6f 63 00 00 00 00 00 00 00 54 6f 6f 6c 73 00 00 00 54 6f 6f 6c 20 42 6f 78 00 00 00 00 62 61 64 5f
115	0x100454	gUnk_08100450	asm/data/data_080F9EB8.s	6f 6f 72 20 64 6f 67 21 05 00 00 00 54 6f 6f 6c 73 00 00 00 49 74 65 6d 73 00 00 00 49 20 73 75 67 67 65 73
115	0x10045C	gUnk_08100458	asm/data/data_080F9EB8.s	05 00 00 00 54 6f 6f 6c 73 00 00 00 49 74 65 6d 73 00 00 00 49 20 73 75 67 67 65 73 74 20 77 72 61 70 70 69
115	0x1037E8	gUnk_081036D4	asm/data/data_080F9EB8.s	46 69 73 68 20 42 6f 6e 65 73 00 00 42 6f 6f 74 73 00 00 00 52 6f 63 6b 20 54 72 6f 75 74 00 00 53 63 61 64
115	0x103894	gUnk_081036D4	asm/data/data_080F9EB8.s	65 72 20 43 61 72 70 00 4b 65 6c 70 20 42 61 73 73 00 00 00 42 69 67 68 65 61 64 00 53 61 6c 6d 6f 6e 00 00
115	0x104E18	gUnk_08104E14	asm/data/data_080F9EB8.s	63 00 00 00 48 6f 72 73 65 27 73 00 43 6f 77 27 73 00 00 00 53 68 65 65 70 27 73 00 43 68 69 63 6b 65 6e 27
115	0x104E2C	gUnk_08104E24	asm/data/data_080F9EB8.s	53 68 65 65 70 27 73 00 43 68 69 63 6b 65 6e 27 73 00 00 00 43 68 69 6c 64 27 73 00 59 6f 75 72 00 00 00 00
115	0x1078E8	gUnk_081078BD	asm/data/data_080F9EB8.s	65 6f 77 6f 6c 66 00 00 00 00 00 00 42 6f 6e 65 73 00 00 00 00 00 00 00 00 53 61 72 67 65 00 00 00 00 00 00
115	0x107910	gUnk_081078BD	asm/data/data_080F9EB8.s	77 6b 65 79 65 00 00 00 00 00 00 53 68 61 6d 75 73 00 00 00 00 00 00 00 42 72 75 6e 6f 00 00 00 00 00 00 00
115	0x1087D4	gUnk_0810828C	asm/data/data_080F9EB8.s	20 74 61 6b 65 20 61 20 66 65 77 20 74 72 69 65 73 00 00 00 75 6e 74 69 6c 20 79 6f 75 20 67 65 74 20 74 68
115	0x10893C	gUnk_0810828C	asm/data/data_080F9EB8.s	67 61 6d 65 2c 20 74 68 65 20 53 70 72 69 74 65 73 00 00 00 66 65 65 64 20 79 6f 75 72 20 43 68 69 63 6b 65
115	0x108D98	gUnk_0810828C	asm/data/data_080F9EB8.s	65 74 20 74 6f 20 74 68 65 20 67 61 6d 65 20 69 73 00 00 00 6d 65 6d 6f 72 69 7a 69 6e 67 20 74 68 65 20 65
115	0x1093BC	gUnk_0810828C	asm/data/data_080F9EB8.s	65 6e 20 46 65 73 74 69 76 61 6c 20 48 69 6e 74 73 00 00 00 54 68 65 20 43 68 69 63 6b 65 6e 20 46 65 73 74
115	0x109DE0	gUnk_0810828C	asm/data/data_080F9EB8.s	79 20 57 69 6e 64 6f 77 20 43 6f 6e 74 72 6f 6c 73 00 00 00 81 45 4d 6f 76 65 20 70 61 67 65 73 20 77 69 74
115	0x109F48	gUnk_0810828C	asm/data/data_080F9EB8.s	54 6f 77 6e 20 4d 61 70 20 43 6f 6e 74 72 6f 6c 73 00 00 00 81 45 43 6f 6e 74 72 6f 6c 20 50 61 64 00 00 00
115	0x10A108	gUnk_0810828C	asm/data/data_080F9EB8.s	46 61 72 6d 20 4d 61 70 20 43 6f 6e 74 72 6f 6c 73 00 00 00 4d 6f 76 65 20 74 68 65 20 73 63 72 65 65 6e 2e
115	0x10A3BC	gUnk_0810828C	asm/data/data_080F9EB8.s	00 00 00 00 52 61 69 73 69 6e 67 20 43 72 6f 70 73 00 00 00 42 65 66 6f 72 65 20 70 6c 61 6e 74 69 6e 67 20
115	0x10A4A4	gUnk_0810828C	asm/data/data_080F9EB8.s	6b 20 6f 66 20 53 65 65 64 73 20 63 6f 76 65 72 73 00 00 00 61 20 33 78 33 20 61 72 65 61 20 61 72 6f 75 6e
115	0x10A5B0	gUnk_0810828C	asm/data/data_080F9EB8.s	20 20 4d 6f 6f 6e 20 44 72 6f 70 20 47 72 61 73 73 00 00 00 20 20 54 6f 79 20 46 6c 6f 77 65 72 00 00 00 00
115	0x10A658	gUnk_0810828C	asm/data/data_080F9EB8.s	68 00 00 00 20 20 4d 61 67 69 63 20 47 72 61 73 73 00 00 00 57 69 6e 74 65 72 00 00 20 20 4e 6f 74 68 69 6e
115	0x10AA30	gUnk_0810828C	asm/data/data_080F9EB8.s	81 99 4d 6f 6f 6e 20 44 72 6f 70 20 47 72 61 73 73 00 00 00 44 61 79 73 3a 20 20 32 20 20 20 20 20 32 20 20
115	0x10ABE4	gUnk_0810828C	asm/data/data_080F9EB8.s	81 99 4d 61 67 69 63 20 52 65 64 20 47 72 61 73 73 00 00 00 44 61 79 73 3a 20 33 20 20 20 32 20 20 20 20 32
115	0x10ADFC	gUnk_0810828C	asm/data/data_080F9EB8.s	2c ac 10 08 48 ac 10 08 00 00 00 00 4d 69 6e 65 73 00 00 00 81 99 20 4e 65 63 65 73 73 61 72 79 20 54 6f 6f
115	0x10AE88	gUnk_0810828C	asm/data/data_080F9EB8.s	69 6e 73 00 20 20 42 6c 61 63 6b 20 47 72 61 73 73 00 00 00 20 20 50 6f 77 65 72 20 42 65 72 72 69 65 73 00
115	0x10B85C	gUnk_0810828C	asm/data/data_080F9EB8.s	79 20 66 6f 72 20 75 73 69 6e 67 20 49 74 65 6d 73 00 00 00 65 71 75 69 70 70 65 64 2e 20 41 6d 6f 75 6e 74
115	0x10B9F4	gUnk_0810828C	asm/data/data_080F9EB8.s	20 68 61 6e 64 6c 69 6e 67 20 6f 62 6a 65 63 74 73 00 00 00 77 69 6c 6c 20 6e 6f 74 20 64 65 70 6c 65 74 65
115	0x10C2A4	gUnk_0810828C	asm/data/data_080F9EB8.s	81 45 43 75 74 20 6f 74 68 65 72 20 63 72 6f 70 73 00 00 00 41 74 20 66 69 72 73 74 2c 20 79 6f 75 20 63 61
115	0x10C540	gUnk_0810828C	asm/data/data_080F9EB8.s	61 6e 63 68 65 73 20 61 6e 64 20 53 74 75 6d 70 73 00 00 00 41 74 20 66 69 72 73 74 2c 20 79 6f 75 20 63 61
115	0x10D87C	gUnk_0810828C	asm/data/data_080F9EB8.s	46 69 73 68 69 6e 67 20 4c 6f 63 61 74 69 6f 6e 73 00 00 00 54 68 65 72 65 20 61 72 65 20 6d 61 6e 79 20 6c
115	0x10DEF4	gUnk_0810828C	asm/data/data_080F9EB8.s	81 9a 52 61 69 73 69 6e 67 20 41 6e 69 6d 61 6c 73 00 00 00 49 74 20 74 61 6b 65 73 20 6c 6f 74 73 20 6f 66
115	0x10E3BC	gUnk_0810828C	asm/data/data_080F9EB8.s	20 74 68 65 6d 20 61 73 20 6f 66 74 65 6e 20 61 73 00 00 00 70 6f 73 73 69 62 6c 65 20 77 68 65 6e 20 74 68
115	0x10ED14	gUnk_0810828C	asm/data/data_080F9EB8.s	49 6e 74 72 6f 64 75 63 69 6e 67 20 43 68 72 69 73 00 00 00 42 65 66 6f 72 65 20 6d 61 72 72 79 69 6e 67 20
115	0x10EE60	gUnk_0810828C	asm/data/data_080F9EB8.s	6f 6e 6c 79 20 73 6f 6e 2c 20 48 75 67 68 20 69 73 00 00 00 72 65 62 65 6c 6c 69 6f 75 73 20 62 75 74 20 6c
115	0x110274	gUnk_0810828C	asm/data/data_080F9EB8.s	2c 20 62 75 74 20 68 69 73 20 70 61 72 65 6e 74 73 00 00 00 64 6f 6e 27 74 20 73 65 65 6d 20 74 6f 20 6d 69
115	0x111A20	gUnk_0810828C	asm/data/data_080F9EB8.s	6f 00 00 00 81 99 46 69 73 68 20 53 74 69 63 6b 73 00 00 00 20 20 4d 65 64 69 75 6d 20 6f 72 20 4c 61 72 67
115	0x111A58	gUnk_0810828C	asm/data/data_080F9EB8.s	00 00 00 00 20 20 41 6e 79 20 47 72 61 73 73 65 73 00 00 00 81 99 42 6f 64 69 67 69 7a 65 72 00 20 20 4f 72
115	0x111A88	gUnk_0810828C	asm/data/data_080F9EB8.s	20 20 52 65 64 20 4d 61 67 69 63 20 47 72 61 73 73 00 00 00 d4 19 11 08 e4 19 11 08 fc 84 10 08 c8 14 11 08
115	0x111BFC	gUnk_0810828C	asm/data/data_080F9EB8.s	75 69 74 2c 20 4d 69 6c 2c 20 47 72 61 73 73 65 73 00 00 00 81 99 58 20 45 67 67 73 00 00 00 00 20 20 52 65
115	0x111CC4	gUnk_0810828C	asm/data/data_080F9EB8.s	6b 69 6e 64 73 20 6f 66 20 66 61 69 6c 75 72 65 73 00 00 00 20 20 42 6f 64 69 67 69 7a 65 72 20 58 4c 00 00
115	0x1124D0	gUnk_0810828C	asm/data/data_080F9EB8.s	81 99 55 70 67 72 61 64 69 6e 67 20 54 6f 6f 6c 73 00 00 00 81 45 57 68 65 6e 20 79 6f 75 20 75 70 67 72 61
115	0x1140B0	gUnk_0810828C	asm/data/data_080F9EB8.s	67 20 61 6e 64 20 6e 69 67 68 74 20 6d 65 6e 75 73 00 00 00 20 61 72 65 20 64 69 66 66 65 72 65 6e 74 2e 00
115	0x114350	gUnk_0810828C	asm/data/data_080F9EB8.s	72 69 63 65 20 66 6f 72 20 43 68 69 63 6b 65 6e 73 00 00 00 20 69 73 20 35 30 30 47 2c 20 62 75 74 20 74 68
115	0x114948	gUnk_0810828C	asm/data/data_080F9EB8.s	20 66 75 6c 6c 79 20 67 72 6f 77 6e 20 44 6f 67 73 00 00 00 20 59 6f 75 20 63 61 6e 20 6f 6e 6c 79 20 62 75
115	0x11508C	gUnk_0810828C	asm/data/data_080F9EB8.s	20 54 61 6b 65 64 61 00 44 65 73 69 67 6e 65 72 73 00 00 00 54 75 79 6f 73 68 69 20 59 61 6d 61 75 65 00 00
115	0x11517C	gUnk_0810828C	asm/data/data_080F9EB8.s	75 6e 20 4a 79 6f 00 00 44 65 62 75 67 67 65 72 73 00 00 00 52 69 65 20 4d 75 72 61 6f 00 00 00 41 6e 6b 6f
123	0xF0100	gArticleInfo	fomt.map	dc f1 0e 08 37 01 00 00 e8 f1 0e 08 1c f2 0e 08 7b 00 00 00 28 f2 0e 08 5c f2 0e 08 4f 00 00 00 64 f2 0e 08
134	0xEADE0	gToolInfo	fomt.map	0c a6 0e 08 4f 01 00 00 1c a6 0e 08 40 a6 0e 08 86 00 00 00 50 a6 0e 08 74 a6 0e 08 5a 00 00 00 84 a6 0e 08
136	0xF01CC	gArticleInfo	fomt.map	24 f6 0e 08 15 01 00 00 38 f6 0e 08 74 f6 0e 08 88 00 00 00 88 f6 0e 08 d0 f6 0e 08 69 01 00 00 d8 f6 0e 08
136	0xFD924	gUnk_080FD920	asm/data/data_080F9EB8.s	62 61 64 5f 61 6c 6c 6f 63 00 00 00 02 00 00 00 88 00 00 00 03 00 00 00 04 00 00 00 05 00 00 00 06 00 00 00
142	0xEE6B0	gFoodInfo	fomt.map	91 00 00 00 0c d9 0e 08 5c d9 0e 08 00 f6 0a 00 8e 00 00 00 0c d9 0e 08 6c d9 0e 08 00 f6 0a 00 8d 00 00 00
142	0xF86E8	gUnk_080F8678	asm/data/data_080F1A80.s	00 00 00 00 90 87 0f 08 78 00 00 00 a8 87 0f 08 8e 00 00 00 9c 87 0f 08 c3 00 00 00 b4 87 0f 08 a4 01 00 00
142	0xF8740	gUnk_080F8678	asm/data/data_080F1A80.s	00 00 00 00 90 87 0f 08 78 00 00 00 a8 87 0f 08 8e 00 00 00 9c 87 0f 08 c3 00 00 00 b4 87 0f 08 a4 01 00 00
142	0x102F24	gUnk_0810110C	asm/data/data_080F9EB8.s	00 08 02 00 00 00 00 00 43 00 8e 00 00 00 84 00 8e 00 00 00 01 00 01 00 05 00 01 ff 08 00 03 ff 0b 00 03 00
142	0x1030A4	gUnk_0810110C	asm/data/data_080F9EB8.s	00 08 05 00 00 00 00 00 4b 00 8e 00 00 00 88 00 8e 00 00 00 01 00 01 00 05 00 01 ff 08 00 03 ff 0b 00 03 00
142	0x107D30	gUnk_08107CFC	asm/data/data_080F9EB8.s	7d 00 00 00 78 00 00 00 16 00 00 00 78 00 00 00 8e 00 00 00 3a 00 00 00 50 00 00 00 a1 09 b4 07 c2 08 30 02
142	0x107DA0	gUnk_08107D6C	asm/data/data_080F9EB8.s	7d 00 00 00 78 00 00 00 16 00 00 00 78 00 00 00 8e 00 00 00 3a 00 00 00 50 00 00 00 62 61 64 5f 61 6c 6c 6f
143	0xEE690	gFoodInfo	fomt.map	8c 00 00 00 0c d9 0e 08 3c d9 0e 08 01 f6 0a 00 8f 00 00 00 0c d9 0e 08 4c d9 0e 08 00 f6 0a 00 91 00 00 00
153	0xEAD38	gToolInfo	fomt.map	c4 a2 0e 08 9a 00 00 00 d8 a2 0e 08 18 a3 0e 08 99 00 00 00 2c a3 0e 08 70 a3 0e 08 9b 00 00 00 84 a3 0e 08
153	0x1070DC	gUnk_081070DC	asm/data/data_080F9EB8.s	24 af 6e 08 00 00 00 00 00 00 00 00 00 00 00 00 99 00 00 00 40 47 6e 08 99 00 00 00 40 85 6e 08 9f 00 00 00
153	0x1070E4	gUnk_081070E4	asm/data/data_080F9EB8.s	00 00 00 00 00 00 00 00 99 00 00 00 40 47 6e 08 99 00 00 00 40 85 6e 08 9f 00 00 00 74 30 6e 08 9f 00 00 00
165	0xEAEAC	gToolInfo	fomt.map	d8 a9 0e 08 48 01 00 00 e4 a9 0e 08 f0 a9 0e 08 a5 00 00 00 00 aa 0e 08 38 aa 0e 08 d0 00 00 00 4c aa 0e 08
166	0xF031C	gArticleInfo	fomt.map	48 fd 0e 08 d2 00 00 00 58 fd 0e 08 98 fd 0e 08 a6 00 00 00 a8 fd 0e 08 e8 fd 0e 08 e7 00 00 00 f8 fd 0e 08
167	0xF016C	gArticleInfo	fomt.map	38 f4 0e 08 54 01 00 00 48 f4 0e 08 88 f4 0e 08 a7 00 00 00 98 f4 0e 08 cc f4 0e 08 57 00 00 00 d8 f4 0e 08
167	0xF23B4	gUnk_080F1FC0	asm/data/data_080F1A80.s	00 00 00 00 14 24 0f 08 78 00 00 00 68 24 0f 08 a7 00 00 00 c8 24 0f 08 ba 00 00 00 d4 24 0f 08 f0 00 00 00
168	0xEE610	gFoodInfo	fomt.map	bf 01 00 00 a4 d6 0e 08 d4 d6 0e 08 00 1e fe 00 a8 00 00 00 e4 d6 0e 08 24 d7 0e 08 00 1e f8 00 61 01 00 00
168	0xF1688	gUnk_080F1684	asm/data/data_080F0348.s	99 19 00 00 33 33 00 00 cc 4c 00 00 00 00 03 00 a8 00 00 00 01 00 04 00 c8 00 00 00 02 00 05 00 f0 00 00 00
168	0xF4B40	gUnk_080F49C0	asm/data/data_080F1A80.s	13 00 b0 04 f0 02 00 00 00 00 00 00 00 00 18 01 a8 00 00 00 80 4c 0f 08 13 00 18 01 a8 00 00 00 18 4d 0f 08
168	0xF4B4C	gUnk_080F49C0	asm/data/data_080F1A80.s	00 00 18 01 a8 00 00 00 80 4c 0f 08 13 00 18 01 a8 00 00 00 18 4d 0f 08 05 00 c8 00 a0 00 05 00 40 4d 0f 08
168	0x10753C	gUnk_0810752C	asm/data/data_080F9EB8.s	48 00 00 00 60 00 00 00 78 00 00 00 90 00 00 00 a8 00 00 00 48 00 00 00 5e 00 00 00 60 00 00 00 5e 00 00 00
168	0x107560	gUnk_08107540	asm/data/data_080F9EB8.s	78 00 00 00 5e 00 00 00 90 00 00 00 5e 00 00 00 a8 00 00 00 5e 00 00 00 30 00 00 00 04 00 00 00 00 00 00 00
171	0x1070FC	gUnk_081070FC	asm/data/data_080F9EB8.s	9f 00 00 00 74 30 6e 08 9f 00 00 00 64 6f 6e 08 ab 00 00 00 40 68 6e 08 ab 00 00 00 b8 a5 6e 08 00 00 00 00
171	0x107104	gUnk_08107104	asm/data/data_080F9EB8.s	9f 00 00 00 64 6f 6e 08 ab 00 00 00 40 68 6e 08 ab 00 00 00 b8 a5 6e 08 00 00 00 00 b8 b7 6e 08 3d 00 00 00
172	0x1056F0	gUnk_0810563C	asm/data/data_080F9EB8.s	06 00 00 00 07 00 00 00 20 00 00 00 3a 00 00 00 ac 00 00 00 3f 00 00 00 03 00 00 00 62 61 64 5f 61 6c 6c 6f
176	0xF7050	gUnk_080F6FF8	asm/data/data_080F1A80.s	79 00 00 00 f4 70 0f 08 9c 00 00 00 00 71 0f 08 b0 00 00 00 0c 71 0f 08 2c 01 00 00 18 71 0f 08 31 01 00 00
176	0x103610	gUnk_0810110C	asm/data/data_080F9EB8.s	38 00 0a e7 00 00 00 00 ac 00 ad 00 ae 00 af 00 b0 00 00 00 a1 00 a2 00 a3 00 e2 00 e3 00 00 00 15 00 1c 00
177	0x29F0D8	gUnk_080FFFFC	fomt.map	5d 70 86 5d 20 87 e3 5e 78 9f 82 b2 0a f0 29 08 b1 00 00 00 04 00 0a 80 60 9d 13 08 7c e5 29 08 22 ea 29 08
177	0x2A01C8	gUnk_080FFFFC	fomt.map	b0 b0 b0 b0 b0 b0 b0 b0 b0 b0 b0 b2 b3 01 2a 08 b1 00 00 00 08 00 0a 80 60 9d 13 08 e8 fa 29 08 4b fb 29 08
177	0x2A3E2C	gUnk_080FFFFC	fomt.map	3e 70 98 40 74 98 41 78 98 42 98 b2 ec 3d 2a 08 b1 00 00 00 08 00 0a 80 60 9d 13 08 54 36 2a 08 21 37 2a 08
177	0x2A5850	gUnk_080FFFFC	fomt.map	a8 a8 a8 a8 a8 a8 a8 a8 a8 a8 a8 b2 85 57 2a 08 b1 00 00 00 05 00 0a 80 60 9d 13 08 30 51 2a 08 0b 52 2a 08
177	0x2A6340	gUnk_080FFFFC	fomt.map	aa 61 2a 08 a8 81 ce 55 97 b0 b0 b2 0e 60 2a 08 b1 00 00 00 03 00 0a 80 60 9d 13 08 08 5b 2a 08 d0 5d 2a 08
177	0x2A7A68	gUnk_080FFFFC	fomt.map	e7 30 64 98 35 98 ef 2e a0 ef a0 b2 f9 79 2a 08 b1 00 00 00 03 00 0a 80 60 9d 13 08 b4 75 2a 08 d3 76 2a 08
177	0x2A9924	gUnk_080FFFFC	fomt.map	48 58 b0 b0 b0 b0 b0 b0 b0 b0 b0 b2 d2 98 2a 08 b1 00 00 00 06 00 0a 80 60 9d 13 08 80 91 2a 08 d8 93 2a 08
177	0x2AAB5C	gUnk_080FFFFC	fomt.map	0f 82 b0 b0 b0 a8 78 90 d5 40 88 b2 6f a9 2a 08 b1 00 00 00 06 00 0a c1 60 9d 13 08 64 a3 2a 08 90 a4 2a 08
177	0x2AB034	gUnk_080FFFFC	fomt.map	78 82 3b 70 95 b3 f0 af 2a 08 98 b2 47 ae 2a 08 b1 00 00 00 03 00 0a 9e 60 9d 13 08 80 ab 2a 08 d6 ac 2a 08
177	0x2AB4F0	gUnk_080FFFFC	fomt.map	7f 86 86 86 86 86 86 86 86 86 86 86 86 86 86 86 b1 00 00 00 01 00 40 80 60 a3 13 08 d4 b4 2a 08 bc 00 bb 4b
177	0x2AB578	gUnk_080FFFFC	fomt.map	bd 4f be 7f c0 40 ed 3c 7f 86 86 86 86 86 86 86 b1 00 00 00 01 00 40 80 60 a3 13 08 64 b5 2a 08 bc 00 bb 4b
177	0x2AB5D8	gUnk_080FFFFC	fomt.map	bc 00 bb 4b bd 52 be 7f c0 40 df 3c 7f 86 86 84 b1 00 00 00 01 00 40 80 60 a3 13 08 c8 b5 2a 08 bc 00 bb 4b
177	0x2AB7D4	gUnk_080FFFFC	fomt.map	7f 86 86 86 86 86 86 86 86 86 86 86 86 86 86 83 b1 00 00 00 01 00 40 80 60 a3 13 08 b8 b7 2a 08 bc 00 bb 4b
177	0x2AB834	gUnk_080FFFFC	fomt.map	bd 5c be 64 c0 40 d9 3c 7f 86 86 86 3c 6c 86 84 b1 00 00 00 01 00 40 80 60 a3 13 08 20 b8 2a 08 bc 00 bb 28
177	0x2AB97C	gUnk_080FFFFC	fomt.map	bc 00 bb 4b bd 71 be 7f c0 40 e1 3c 7f 86 86 86 b1 00 00 00 01 00 40 80 60 a3 13 08 6c b9 2a 08 bc 00 bb 4b
177	0x2AB9F0	gUnk_080FFFFC	fomt.map	4b 44 97 87 dc 49 28 8a de 4d 87 87 dc 48 18 8d b1 00 00 00 02 00 40 80 60 a3 13 08 8c b9 2a 08 c2 b9 2a 08
177	0x2ABB64	gUnk_080FFFFC	fomt.map	3c 8f 9e ce 40 83 cf 40 24 a0 83 89 ce 42 a4 40 b1 00 00 00 02 00 40 80 60 a3 13 08 0c bb 2a 08 36 bb 2a 08
177	0x2ABC04	gUnk_080FFFFC	fomt.map	60 eb 40 5c eb 45 40 eb 49 48 eb 4c eb 51 5c 9c b1 00 00 00 01 00 40 80 60 a3 13 08 d0 bb 2a 08 be 7f bc 00
177	0x2ABD70	gUnk_080FFFFC	fomt.map	bc 00 bd 67 95 be 7f 9b 81 d5 30 7f 87 d9 37 8b b1 00 00 00 03 00 40 80 60 a3 13 08 14 bc 2a 08 bc bc 2a 08
177	0x2ABDEC	gUnk_080FFFFC	fomt.map	bc 00 bb 4b bd 77 be 7f c0 40 d3 3e 7f 86 f0 a1 b1 00 00 00 01 00 40 80 60 a3 13 08 dc bd 2a 08 bc 00 bb 4b
177	0x2ABE9C	gUnk_080FFFFC	fomt.map	5b 4c 86 5d 44 86 d5 5f 48 86 61 86 d8 63 54 89 b1 00 00 00 02 00 40 80 60 a3 13 08 58 be 2a 08 7b be 2a 08
177	0x2ABF68	gUnk_080FFFFC	fomt.map	bd 0d be 7f c0 40 e7 3c 7f 86 86 86 85 be 00 81 b1 00 00 00 01 00 40 00 60 a3 13 08 54 bf 2a 08 bc 00 bb 3c
201	0xF0340	gArticleInfo	fomt.map	34 fe 0e 08 0f 01 00 00 3c fe 0e 08 94 fe 0e 08 c9 00 00 00 9c fe 0e 08 3c 00 00 00 50 00 01 00 3c 00 02 00
205	0xEE2C0	gFoodInfo	fomt.map	4d 01 00 00 5c c7 0e 08 98 c7 0e 08 00 1e fe 00 cd 00 00 00 a8 c7 0e 08 e8 c7 0e 08 00 14 f9 00 4c 01 00 00
205	0x107D0C	gUnk_08107CFC	asm/data/data_080F9EB8.s	4b 00 00 00 28 00 00 00 c8 00 00 00 72 00 00 00 cd 00 00 00 30 00 00 00 5a 00 00 00 92 00 00 00 24 00 00 00
205	0x107D7C	gUnk_08107D6C	asm/data/data_080F9EB8.s	4b 00 00 00 28 00 00 00 c8 00 00 00 72 00 00 00 cd 00 00 00 30 00 00 00 5a 00 00 00 92 00 00 00 24 00 00 00
206	0xEE1E0	gFoodInfo	fomt.map	2a 01 00 00 fc c2 0e 08 38 c3 0e 08 00 28 ff 00 ce 00 00 00 44 c3 0e 08 80 c3 0e 08 00 28 ff 00 84 01 00 00
222	0xEAE70	gToolInfo	fomt.map	a4 a8 0e 08 26 01 00 00 ac a8 0e 08 dc a8 0e 08 de 00 00 00 e4 a8 0e 08 14 a9 0e 08 3b 00 00 00 1c a9 0e 08
228	0xEAC78	gToolInfo	fomt.map	dc 9e 0e 08 e5 00 00 00 ec 9e 0e 08 28 9f 0e 08 e4 00 00 00 38 9f 0e 08 74 9f 0e 08 e6 00 00 00 84 9f 0e 08
237	0xEAB94	gToolInfo	fomt.map	78 99 0e 08 ec 00 00 00 84 99 0e 08 c8 99 0e 08 ed 00 00 00 d4 99 0e 08 14 9a 0e 08 ee 00 00 00 24 9a 0e 08
237	0x195AC4	gUnk_080FFFFC	fomt.map	fe ff 00 00 00 fc f8 00 1b 09 d5 e9 00 0e 08 f5 ed 00 00 00 00 00 fb 1b 1a f5 f0 fd 00 00 00 00 00 f2 f6 f8
237	0x260C84	gUnk_080FFFFC	fomt.map	00 06 00 00 03 13 00 00 fd 00 f2 03 00 fd 00 fa ed 00 00 00 06 0b 00 00 ed e9 fa fd 03 00 03 00 00 00 00 00
238	0xEABA0	gToolInfo	fomt.map	c8 99 0e 08 ed 00 00 00 d4 99 0e 08 14 9a 0e 08 ee 00 00 00 24 9a 0e 08 64 9a 0e 08 f0 00 00 00 70 9a 0e 08
238	0x19A7C4	gUnk_080FFFFC	fomt.map	f5 f2 ef fa 13 14 fb f0 f9 fb f4 ef f2 08 07 ee ee 00 00 00 00 00 00 00 ff 04 04 00 11 09 e8 ed 00 01 f3 dc
238	0x19F6A8	gUnk_080FFFFC	fomt.map	e8 09 1d 23 2b 17 f3 a7 81 85 82 8a a9 b7 bb c9 ee 00 00 00 02 11 1a 1d 1d 19 20 34 3a 37 37 49 56 4e 2e 0a
250	0xF1BB8		asm/data/data_080F1A80.s	75 00 00 00 b0 1c 0f 08 f0 00 00 00 bc 1c 0f 08 fa 00 00 00 c8 1c 0f 08 29 01 00 00 2c 1c 0f 08 a4 01 00 00
250	0xF2364	gUnk_080F1FC0	asm/data/data_080F1A80.s	00 00 00 00 14 24 0f 08 f0 00 00 00 28 25 0f 08 fa 00 00 00 10 25 0f 08 2c 01 00 00 1c 25 0f 08 36 01 00 00
250	0xF5F3C	gUnk_080F5D94	asm/data/data_080F1A80.s	00 00 00 00 68 60 0f 08 f0 00 00 00 bc 60 0f 08 fa 00 00 00 c8 60 0f 08 2c 01 00 00 f8 60 0f 08 36 01 00 00
250	0xF78B0	gUnk_080F77FC	asm/data/data_080F1A80.s	6e 00 00 00 00 7a 0f 08 f0 00 00 00 0c 7a 0f 08 fa 00 00 00 18 7a 0f 08 1f 01 00 00 7c 79 0f 08 a7 01 00 00
250	0xFA720	gUnk_080FA71C	asm/data/data_080F9EB8.s	62 61 64 5f 61 6c 6c 6f 63 00 00 00 00 00 00 00 fa 00 00 00 00 00 00 00 fa 00 00 00 00 00 00 00 5a 00 00 00
250	0xFA728	gUnk_080FA728	asm/data/data_080F9EB8.s	63 00 00 00 00 00 00 00 fa 00 00 00 00 00 00 00 fa 00 00 00 00 00 00 00 5a 00 00 00 00 00 00 00 fa 00 00 00
250	0xFA738	gUnk_080FA728	asm/data/data_080F9EB8.s	fa 00 00 00 00 00 00 00 5a 00 00 00 00 00 00 00 fa 00 00 00 96 00 00 00 fa 00 00 00 00 00 00 00 fa 00 00 00
250	0xFA740	gUnk_080FA728	asm/data/data_080F9EB8.s	5a 00 00 00 00 00 00 00 fa 00 00 00 96 00 00 00 fa 00 00 00 00 00 00 00 fa 00 00 00 64 00 00 00 95 00 00 00
250	0xFA748	gUnk_080FA728	asm/data/data_080F9EB8.s	fa 00 00 00 96 00 00 00 fa 00 00 00 00 00 00 00 fa 00 00 00 64 00 00 00 95 00 00 00 00 00 00 00 fa 00 00 00
250	0xFA758	gUnk_080FA728	asm/data/data_080F9EB8.s	fa 00 00 00 64 00 00 00 95 00 00 00 00 00 00 00 fa 00 00 00 00 00 00 00 46 00 00 00 00 00 00 00 fa 00 00 00
250	0xFA768	gUnk_080FA728	asm/data/data_080F9EB8.s	fa 00 00 00 00 00 00 00 46 00 00 00 00 00 00 00 fa 00 00 00 64 00 00 00 fa 00 00 00 00 00 00 00 fa 00 00 00
250	0xFA770	gUnk_080FA728	asm/data/data_080F9EB8.s	46 00 00 00 00 00 00 00 fa 00 00 00 64 00 00 00 fa 00 00 00 00 00 00 00 fa 00 00 00 00 00 00 00 fa 00 00 00
250	0xFA778	gUnk_080FA728	asm/data/data_080F9EB8.s	fa 00 00 00 64 00 00 00 fa 00 00 00 00 00 00 00 fa 00 00 00 00 00 00 00 fa 00 00 00 00 00 00 00 fa 00 00 00
250	0xFA780	gUnk_080FA728	asm/data/data_080F9EB8.s	fa 00 00 00 00 00 00 00 fa 00 00 00 00 00 00 00 fa 00 00 00 00 00 00 00 fa 00 00 00 62 61 64 5f 61 6c 6c 6f
250	0xFA788	gUnk_080FA728	asm/data/data_080F9EB8.s	fa 00 00 00 00 00 00 00 fa 00 00 00 00 00 00 00 fa 00 00 00 62 61 64 5f 61 6c 6c 6f 63 00 4d 69 64 6e 69 67
250	0xFB0D8	gUnk_080FB000	asm/data/data_080F9EB8.s	44 72 65 73 73 00 00 00 00 00 00 00 00 00 00 00 fa 00 00 00 50 65 72 66 75 6d 65 00 00 00 00 00 00 00 00 00
250	0xFE34C	gUnk_080FE2D8	asm/data/data_080F9EB8.s	32 00 00 00 fd ff ff ff 00 00 00 00 71 00 00 00 fa 00 00 00 bc e2 0f 08 00 00 00 00 28 00 00 00 fd ff ff ff
250	0xFE968	gUnk_080FE8FC	asm/data/data_080F9EB8.s	96 00 00 00 13 00 00 00 c8 00 00 00 14 00 00 00 fa 00 00 00 15 00 00 00 90 01 00 00 41 20 52 65 63 6f 72 64
250	0xFEB80	gUnk_080FEB60	asm/data/data_080F9EB8.s	01 00 00 00 00 00 00 00 01 00 00 00 63 00 00 00 fa 00 00 00 14 eb 0f 08 00 00 00 00 14 00 00 00 fd ff ff ff
250	0x144968	gUnk_080FFFFC	fomt.map	2e 28 23 21 14 06 08 12 1d 19 13 0d 0a 07 00 fd fa 00 00 00 f9 f3 ee e8 e5 e0 de dc d6 cd c1 bc bf be c4 cc
250	0x147588	gUnk_080FFFFC	fomt.map	f2 ff 08 12 1b 1b 16 0d 05 09 0e 08 06 02 f6 f2 fa 00 00 00 ff fb f0 f0 fc 02 00 02 03 fa ef ec ec f1 f8 ff
250	0x148820	gUnk_080FFFFC	fomt.map	06 0b 0e 0d 0b 06 04 00 01 02 02 00 00 ff fa f7 fa 00 00 00 00 fe f8 f7 f5 f7 fb ff 00 ff fb fd fa f9 fb 00
250	0x148A10	gUnk_080FFFFC	fomt.map	07 0c 0e 0c 0a 05 00 00 00 02 01 00 00 fc f8 f8 fa 00 00 00 ff fb f8 f5 f5 f6 fa fd ff fd fe fb f7 f7 fd 00
250	0x1657D4	gUnk_080FFFFC	fomt.map	37 30 23 19 08 f6 f5 ff 07 16 28 3e 3c 18 fd f9 fa 00 00 00 f4 d8 b9 b2 ba bd bd ca d8 e2 f7 06 13 1a 27 34
250	0x1687F0	gUnk_080FFFFC	fomt.map	02 00 fe f4 f1 ef ed ef f4 fb 00 ff fb f7 f2 f2 fa 00 00 00 00 00 00 00 00 06 0f 15 1a 15 0d 08 07 0a 0c 0a
250	0x168B94	gUnk_080FFFFC	fomt.map	10 0f 07 00 ff f8 f3 f5 f5 f8 fd fd f9 f4 ef f2 fa 00 00 00 00 f9 f9 fb 00 00 02 07 09 0b 0d 0b 0a 0b 0a 10
250	0x168F14	gUnk_080FFFFC	fomt.map	13 14 12 07 00 00 00 00 00 00 ff f8 f3 f0 f3 f6 fa 00 00 00 00 fc f7 f9 fe 00 00 00 00 01 03 03 01 03 07 0e
250	0x16D260	gUnk_080FFFFC	fomt.map	fc fb f9 f7 f5 f2 f0 ef ed ed ee ee ef f1 f3 f6 fa 00 00 00 00 00 00 00 00 02 06 08 0b 0d 0e 0f 0f 0d 0f 11
250	0x1736CC	gUnk_080FFFFC	fomt.map	f9 00 01 00 00 00 00 f8 f9 01 03 00 00 00 00 f7 fa 00 00 00 00 00 00 fd f6 fe 02 02 00 ff 02 04 00 00 00 00
250	0x190880	gUnk_080FFFFC	fomt.map	00 00 00 00 00 fd fc 00 00 01 05 01 ff fd fa f0 fa 00 00 00 00 00 01 00 00 00 00 00 00 f5 f7 05 ff 00 00 02
250	0x1909E4	gUnk_080FFFFC	fomt.map	00 00 00 00 00 00 00 00 00 fe fd fd 00 00 00 ff fa 00 00 00 fe 00 00 ff 00 fe f4 fe 00 00 00 00 00 00 00 fe
250	0x190BC8	gUnk_080FFFFC	fomt.map	f4 fe 00 00 00 00 01 fc fc 00 00 00 00 01 00 fe fa 00 00 00 02 03 00 00 ff 00 fc f8 00 fe fc 00 00 00 fb fd
250	0x190CC0	gUnk_080FFFFC	fomt.map	fc 00 00 00 00 00 00 fe fd ff 00 ff 00 00 00 f9 fa 00 00 00 00 00 00 00 00 ff fe 00 00 00 00 00 ff 00 00 04
250	0x190EDC	gUnk_080FFFFC	fomt.map	00 00 00 03 03 00 00 00 00 01 01 00 00 00 fd f9 fa 00 00 00 00 00 00 00 00 00 01 fe fe 00 00 00 00 00 fa f6
250	0x191268	gUnk_080FFFFC	fomt.map	08 01 00 04 05 fd fa 00 00 ff fe fb fa 00 00 ff fa 00 00 00 00 00 00 00 fe fa ff 00 00 00 00 00 ff 00 fb f5
250	0x1912E4	gUnk_080FFFFC	fomt.map	00 00 00 fb 00 00 06 05 00 00 00 fa fc 00 00 ff fa 00 00 00 05 01 00 fe ff 00 00 00 fc 00 00 ff fe 00 ff 00
250	0x1915E8	gUnk_080FFFFC	fomt.map	00 00 00 00 00 00 00 00 00 00 00 00 01 ff f3 f4 fa 00 00 00 00 00 00 fa fb 00 00 00 00 00 f6 f6 ff f9 ff 00
250	0x192DC8	gUnk_080FFFFC	fomt.map	f4 00 fc fe 0c 03 f0 f0 f8 ea e4 f7 02 00 01 fb fa 00 00 00 fe f7 fb 00 00 00 00 00 fd fc 01 ff fd 00 00 fd
250	0x193FD4	gUnk_080FFFFC	fomt.map	f8 0e 0f 00 00 00 01 05 01 fa fe fb f8 00 01 fd fa 00 00 00 0c 0f 05 00 00 fd ea f1 00 00 00 00 fd fa 00 f8
250	0x194840	gUnk_080FFFFC	fomt.map	ff 00 fd 02 01 ee f0 01 fc fe fc ee fe 05 e6 df fa 00 00 00 00 03 07 ff 00 00 00 05 07 ff fd ee ea f9 00 00
250	0x194BD4	gUnk_080FFFFC	fomt.map	de ef f5 f6 ff 03 0c fb f8 00 00 00 04 0c 02 f8 fa 00 00 00 ff f2 fb 00 00 ff f3 00 03 00 ff f2 fd 00 e1 ec
250	0x1956C0	gUnk_080FFFFC	fomt.map	01 f5 ed fc f4 ea fb 03 f6 f6 05 0a 00 f4 ed f4 fa 00 00 00 01 00 00 f6 eb f2 00 00 06 03 fd f9 f8 ff 00 ff
250	0x197A94	gUnk_080FFFFC	fomt.map	fd 02 00 00 00 f7 00 07 fe f6 f7 fe 0b 05 fd ff fa 00 00 00 fd fd 01 10 08 ff 00 fe e5 f7 10 02 ff ff ed ec
250	0x198788	gUnk_080FFFFC	fomt.map	00 07 07 f6 e8 ea f8 ff fb fa 0f 0c ee fa 00 ee fa 00 00 00 00 ff 00 00 07 16 09 fa ea df dd f3 f7 fa fe f4
250	0x199078	gUnk_080FFFFC	fomt.map	00 03 ff fa f9 09 0b 00 00 fb e8 e8 ed ff 1a 0a fa 00 00 00 f8 f8 00 00 00 01 f8 f9 f9 01 0d 01 00 00 00 fd
250	0x199B64	gUnk_080FFFFC	fomt.map	00 02 fb e2 ef 01 0e 1b 07 fa f5 f9 f3 f6 00 fe fa 00 00 00 00 00 00 02 00 02 00 e6 00 12 f7 c4 d4 19 0a f8
250	0x199E68	gUnk_080FFFFC	fomt.map	e6 f9 fd e5 f2 03 f0 d5 eb 1a 1a fb 00 00 00 f9 fa 00 00 00 ff 00 00 00 01 01 00 f9 00 09 ff 01 f7 f0 f0 fb
250	0x19A294	gUnk_080FFFFC	fomt.map	00 01 f8 f7 fc ff 00 f8 f4 00 00 00 00 00 00 ff fa 00 00 00 00 00 00 fe f4 0b 16 01 00 f8 f6 f7 f9 01 fa ee
250	0x19A5EC	gUnk_080FFFFC	fomt.map	08 00 00 f7 f0 fc 00 00 03 00 02 01 03 07 f3 e4 fa 00 00 00 00 00 f4 fe f9 e5 fb 18 14 fe ff 00 f2 f2 f7 00
250	0x19BD9C	gUnk_080FFFFC	fomt.map	ea df df ea f6 00 00 00 fc ef e0 df e5 e7 eb ef fa 00 00 00 00 05 17 2b 35 38 3b 41 46 43 41 36 2a 25 26 21
250	0x19BEFC	gUnk_080FFFFC	fomt.map	d2 be b1 b5 b6 ba ba be cc dc ec ec e9 e7 e4 e7 fa 00 00 00 04 0d 0f 0c 02 00 00 fd f2 ed f2 f4 f2 ef ee f0
250	0x1B38B4	gUnk_080FFFFC	fomt.map	05 07 01 fd 01 06 03 06 04 00 00 00 02 00 00 fd fa 00 00 00 00 fd 02 06 00 00 01 02 04 04 00 04 00 00 00 00
250	0x1B3C64	gUnk_080FFFFC	fomt.map	00 00 00 00 00 01 08 04 00 00 01 00 02 ff 00 f8 fa 00 00 00 00 01 09 00 00 00 00 00 00 fe 00 fe fb fa 01 00
250	0x1B40BC	gUnk_080FFFFC	fomt.map	01 05 fe fd 00 01 01 00 00 00 01 01 02 ff 00 f6 fa 00 00 00 02 00 ff fd fd 03 01 00 00 03 02 07 05 07 06 00
250	0x1B8EA8	gUnk_080FFFFC	fomt.map	00 fc 02 01 00 05 f2 fb 03 00 01 fc 01 00 00 fc fa 00 00 00 00 01 00 00 00 03 00 00 05 03 02 02 ff 01 00 fc
250	0x1B8F3C	gUnk_080FFFFC	fomt.map	05 00 00 fd 03 00 fd 00 00 00 00 00 00 00 fc fc fa 00 00 00 fe 00 03 00 00 00 09 05 03 00 00 00 00 00 fe 00
250	0x1B8F78	gUnk_080FFFFC	fomt.map	00 04 09 00 00 f8 00 01 00 00 fb fc 00 ff fd 00 fa 00 00 00 02 00 00 01 02 00 00 00 01 fe fc 00 00 ff fd fa
250	0x1BECFC	gUnk_080FFFFC	fomt.map	02 f5 dd ce f0 05 09 20 22 05 fa fe f5 e4 f3 f9 fa 00 00 00 0c 15 eb db f7 00 00 00 f7 03 0f 0c 02 fd 06 03
250	0x1C1B58	gUnk_080FFFFC	fomt.map	03 fa 04 00 ff 00 10 f8 e9 00 03 f8 fa f6 ee f0 fa 00 00 00 02 0f 17 0b f7 ff 1a f9 f5 03 fb fa f4 ef 06 0b
250	0x1C47C4	gUnk_080FFFFC	fomt.map	fb 03 19 12 09 03 fd ff 02 f9 fc fb fc f6 f3 01 fa 00 00 00 00 fe f6 f0 f1 fd 03 03 05 05 08 00 00 02 01 f1
250	0x1CA630	gUnk_080FFFFC	fomt.map	f2 e8 e4 ee ff 00 00 fe 00 f9 fd f7 00 0b 03 ff fa 00 00 00 05 05 03 08 ff 00 ff fb fa fb ff 06 ff 0d 0b 09
250	0x1CB3A8	gUnk_080FFFFC	fomt.map	00 ff 00 00 fe fe 00 fe ff 00 00 00 fc fb fa ff fa 00 00 00 00 00 00 00 02 01 00 02 07 02 06 fb fa 00 00 00
250	0x1CB3B8	gUnk_080FFFFC	fomt.map	fa 00 00 00 00 00 00 00 02 01 00 02 07 02 06 fb fa 00 00 00 08 0a 01 05 05 03 00 00 00 00 02 01 04 05 06 05
250	0x1F6388	gUnk_080FFFFC	fomt.map	c3 c3 c6 ca cc d0 d9 e6 ea f1 fd 00 fb 00 00 f9 fa 00 00 00 05 08 05 04 00 ff fa f9 f5 fd 00 01 0b 17 1e 23
250	0x1F8ECC	gUnk_080FFFFC	fomt.map	05 00 00 ff ff ff 00 fb fa fa f2 ed ec e9 ec f2 fa 00 00 00 00 00 05 0a 06 01 00 00 00 00 00 00 00 00 00 01
250	0x2007AC	gUnk_080FFFFC	fomt.map	12 12 19 19 19 15 0a 03 00 00 00 fd fd eb f2 f6 fa 00 00 00 03 03 0a 0e 19 15 0e 12 0a 00 00 00 00 fd fa ee
250	0x203F50	gUnk_080FFFFC	fomt.map	06 02 02 06 02 02 00 00 fa f3 f0 e9 e9 ec ec f3 fa 00 00 00 00 00 00 00 fe fa fa fa fe fe 00 00 00 00 00 00
250	0x203FD0	gUnk_080FFFFC	fomt.map	00 02 00 00 00 00 fa fa f7 fa fe fe f7 fa fa fa fa 00 00 00 00 00 02 00 02 00 00 02 02 00 00 00 00 00 00 00
250	0x204098	gUnk_080FFFFC	fomt.map	f7 f7 f7 fa fa fa f7 fe fe fa fe fe fa fa 00 00 fa 00 00 00 00 fe fe fe 00 00 fe 00 00 00 00 00 00 00 00 00
250	0x2040B4	gUnk_080FFFFC	fomt.map	00 00 00 00 00 00 00 00 00 00 00 00 00 00 00 00 fa 00 00 00 00 00 00 00 00 00 00 00 00 00 00 00 00 00 fe 00
250	0x204D50	gUnk_080FFFFC	fomt.map	00 00 00 f8 f4 ec e1 da d2 d1 d9 e7 ec ee ec f4 fa 00 00 00 00 00 04 08 00 06 10 12 10 06 02 04 00 00 00 fe
250	0x204DDC	gUnk_080FFFFC	fomt.map	00 0a 18 1d 21 1d 1d 14 0c 04 00 00 fe 00 00 fe fa 00 00 00 00 00 00 00 00 00 00 00 00 fc f4 f2 f4 f4 fc 00
250	0x204F90	gUnk_080FFFFC	fomt.map	00 00 00 00 00 00 00 00 fc f6 f4 f0 f0 f0 f2 f4 fa 00 00 00 00 00 00 04 06 06 04 00 00 00 00 00 fe fc fc fc
250	0x207C2C	gUnk_080FFFFC	fomt.map	00 00 ff fc 00 01 04 01 00 00 00 00 00 00 00 fc fa 00 00 00 01 06 0a 13 19 19 19 19 17 13 11 09 00 00 00 00
250	0x207DA4	gUnk_080FFFFC	fomt.map	fc fc fc 00 00 04 09 0a 0a 06 00 00 ff f7 f6 f7 fa 00 00 00 01 01 06 01 00 00 ff ff ff ff ff 00 00 00 00 00
250	0x208A88	gUnk_080FFFFC	fomt.map	00 00 fa f2 f6 f7 ff 00 00 00 00 00 00 fc fc fa fa 00 00 00 01 01 00 00 00 ff 00 00 00 01 06 09 06 00 00 00
250	0x20AE78	gUnk_080FFFFC	fomt.map	02 25 02 02 00 17 48 22 00 00 00 00 00 00 00 f0 fa 00 00 00 de f0 e9 00 f0 e9 00 02 00 00 00 00 00 00 00 00
250	0x20B880	gUnk_080FFFFC	fomt.map	00 00 06 02 00 fe fa 00 17 10 00 00 00 00 00 00 fa 00 00 00 00 00 fa 00 fa e9 00 e9 00 00 02 00 00 00 00 00
250	0x20DA80	gUnk_080FFFFC	fomt.map	ff 00 f5 e4 ed fd fe f7 00 21 31 18 02 fc f5 f4 fa 00 00 00 00 00 00 00 01 00 00 04 15 1c 11 03 00 fd f5 ef
250	0x212550	gUnk_080FFFFC	fomt.map	f6 f1 f6 fc 00 00 00 04 06 08 07 04 00 fa f2 f4 fa 00 00 00 02 05 08 07 04 00 fc f4 f2 f7 fd 00 00 01 03 06
250	0x2127E0	gUnk_080FFFFC	fomt.map	fb f6 f8 fd 00 00 00 02 03 01 03 01 00 fe f7 f6 fa 00 00 00 01 03 02 02 02 00 00 f9 f5 f7 fe 00 00 01 02 03
250	0x217918	gUnk_080FFFFC	fomt.map	03 01 00 f6 f9 06 09 00 00 fe f4 f6 00 0c 0a fb fa 00 00 00 fe f6 02 11 09 fc f6 f8 fd 02 0b 0e 00 ef ef fa
250	0x21FF5C	gUnk_080FFFFC	fomt.map	0d 07 06 06 00 00 00 00 00 00 00 ff fa f9 f7 f9 fa 00 00 00 02 0e 13 18 14 0f 06 00 ff fe fa fa fa f9 fa fa
250	0x22F818	gUnk_080FFFFC	fomt.map	ee f0 f0 f7 00 ff f2 e7 ee f7 ff 00 ff f9 f2 f2 fa 00 00 00 00 00 00 00 00 03 07 08 09 0c 0d 09 07 06 0d 0d
250	0x231960	gUnk_080FFFFC	fomt.map	00 00 fe fe 0d 0c fa f2 fe 00 fd 02 0a fe eb ec fa 00 00 00 fb ee eb f6 06 0d 02 f7 fa 00 00 05 06 02 fa fb
250	0x23CA48	gUnk_080FFFFC	fomt.map	f3 f8 0a 1c 0a de 95 b5 2b 49 32 0e 1e 2d 18 fb fa 00 00 00 ff 00 0c 11 00 f3 f3 00 1b 13 ef a9 9b 00 48 3d
250	0x24D9A4	gUnk_080FFFFC	fomt.map	a9 c7 f3 19 39 57 66 51 03 bf a1 9a c5 dc fd 28 fa 00 00 00 00 00 00 00 00 40 a4 00 00 00 00 00 2a 54 00 00
250	0x26062C	gUnk_080FFFFC	fomt.map	00 03 03 03 00 fd 00 00 00 00 00 03 00 03 03 00 fa 00 00 00 06 03 00 00 00 00 00 03 03 03 00 fd 00 00 00 03
250	0x261C00	gUnk_080FFFFC	fomt.map	00 00 00 00 03 00 00 00 00 00 03 00 00 00 03 00 fa 00 00 00 00 00 00 00 00 00 00 00 00 00 00 00 00 00 00 00
250	0x263108	gUnk_080FFFFC	fomt.map	00 00 00 00 00 00 00 00 00 00 00 00 fd fd f6 fd fa 00 00 00 00 00 03 03 03 06 03 06 0a 0a 11 06 06 00 00 00
250	0x263564	gUnk_080FFFFC	fomt.map	00 00 03 03 03 03 00 00 00 03 00 00 00 00 00 00 fa 00 00 00 00 00 00 00 00 fd fa fd fd fd 00 fd fd fd 00 00
250	0x2637F0	gUnk_080FFFFC	fomt.map	0d 06 06 03 00 00 00 00 00 00 00 00 00 00 fa fd fa 00 00 00 00 00 00 06 06 0a 06 06 03 00 03 00 00 00 03 03
250	0x263C14	gUnk_080FFFFC	fomt.map	ec fd 00 00 00 00 00 00 00 00 00 00 00 fd f6 f3 fa 00 00 00 fd 00 fd fd 00 00 00 00 03 0d 14 18 0d 0a 11 0a
250	0x263FEC	gUnk_080FFFFC	fomt.map	03 03 03 06 0a 06 0a 03 00 00 00 00 00 00 00 00 fa 00 00 00 00 00 fa 00 fd 00 fd fd 00 fd fd 00 fd 00 00 00
250	0x264220	gUnk_080FFFFC	fomt.map	00 00 00 00 00 00 00 00 00 00 fd fd 00 f6 fa 00 fa 00 00 00 00 00 00 00 00 00 00 00 03 0a 06 00 00 00 00 00
250	0x264354	gUnk_080FFFFC	fomt.map	06 00 00 00 00 fa f6 f3 f3 f3 f6 f6 f6 fa fd fa fa 00 00 00 00 00 00 00 00 00 00 00 00 00 00 03 00 00 00 03
250	0x2644A0	gUnk_080FFFFC	fomt.map	00 00 00 00 00 00 00 00 00 fd fa f6 ef f6 f6 fa fa 00 00 00 00 00 00 00 06 0a 0a 0d 0a 0a 0a 06 0a 0a 0a 00
250	0x264508	gUnk_080FFFFC	fomt.map	00 00 00 00 00 00 00 fd fd fa fa fd fd 00 fd 00 fa 00 00 00 fd fd fa f6 fa 00 fa 00 00 00 00 00 00 00 00 00
250	0x2666D8	gUnk_080FFFFC	fomt.map	14 11 0d 03 fb f3 f1 fd 06 03 0f 13 03 00 03 fc fa 00 00 00 02 04 0a 06 05 06 ff fb fd fe 00 01 09 10 0c 08
250	0x268C68	gUnk_080FFFFC	fomt.map	fe f2 e4 da da e3 f3 00 0e 17 17 0e 00 fa f2 f3 fa 00 00 00 fa f3 f3 fa 00 00 06 12 1c 2a 35 35 2c 1c 0e 06
250	0x268F58	gUnk_080FFFFC	fomt.map	e9 eb f2 f5 f5 f3 f0 f3 fa 00 02 06 00 00 fa f3 fa 00 00 00 00 f7 ee eb f0 fa 00 00 00 00 fa fa 00 00 04 0e
250	0x269840	gUnk_080FFFFC	fomt.map	d9 cf cb cd d4 de ec fc 02 06 02 00 f3 ec f0 f3 fa 00 00 00 00 00 00 02 06 06 0b 0b 09 06 02 00 02 02 02 04
250	0x269DDC	gUnk_080FFFFC	fomt.map	10 1b 20 1d 1c 15 0e 06 02 00 00 00 00 fc fa f7 fa 00 00 00 00 04 00 00 00 00 00 00 00 06 0b 06 00 f2 e4 dd
250	0x26A264	gUnk_080FFFFC	fomt.map	06 0b 09 04 00 00 00 00 00 00 00 fe fa f5 f3 f7 fa 00 00 00 fa f7 f7 fa 00 00 00 09 10 17 20 22 26 23 1d 1b
250	0x26A418	gUnk_080FFFFC	fomt.map	23 20 1d 19 12 0b 02 00 f2 e3 d4 cf cf d7 e0 ee fa 00 00 00 00 fe fe 00 00 06 06 06 00 00 00 00 09 10 12 0e
250	0x26A774	gUnk_080FFFFC	fomt.map	04 0d 15 17 10 06 00 fa f3 f3 f0 f0 ec f0 f2 f7 fa 00 00 00 00 06 06 06 06 02 00 00 00 04 06 04 00 00 fa f3
250	0x26A974	gUnk_080FFFFC	fomt.map	00 00 fa f5 ee e9 e5 e5 e9 ec ec ee e9 e9 e9 f2 fa 00 00 00 02 00 00 00 00 00 06 0d 0e 10 0d 0d 09 09 06 02
250	0x26AB70	gUnk_080FFFFC	fomt.map	04 00 00 f5 ec e7 e7 eb ee f0 ee ec eb eb ee f5 fa 00 00 00 00 00 00 00 00 00 00 06 06 09 0b 09 06 02 00 00
250	0x26ADCC	gUnk_080FFFFC	fomt.map	0b 09 02 00 fe fa fe 00 00 00 fe f5 ee eb ee f3 fa 00 00 00 00 04 00 00 00 00 00 00 00 00 00 00 00 00 00 02
250	0x26AEE8	gUnk_080FFFFC	fomt.map	00 00 00 00 02 04 06 06 06 02 00 00 fa f3 f3 f3 fa 00 00 00 00 00 00 00 00 02 04 02 00 00 fa f7 fa fa 00 00
250	0x26B748	gUnk_080FFFFC	fomt.map	04 04 06 02 02 00 00 00 00 00 00 fc fa f7 f5 f7 fa 00 00 00 00 00 00 fe 00 fe 00 00 00 00 00 00 00 fa fa fc
250	0x26B8F4	gUnk_080FFFFC	fomt.map	f7 f7 f7 fa fa f7 f5 eb e5 e0 dd e0 e4 eb f0 f5 fa 00 00 00 00 02 04 06 09 09 0d 0d 0e 0e 10 14 12 12 10 0e
250	0x26BD1C	gUnk_080FFFFC	fomt.map	00 00 00 00 00 fe f5 ee e7 e4 e5 e9 ee f2 f5 f7 fa 00 00 00 00 04 04 06 04 04 00 00 02 00 02 06 06 09 06 04
250	0x26C6FC	gUnk_080FFFFC	fomt.map	02 00 00 00 fe fe 00 00 fe fe fc f5 f2 ee f0 f5 fa 00 00 00 00 02 02 06 0b 0b 0b 0d 09 06 06 04 00 00 00 00
250	0x26D508	gUnk_080FFFFC	fomt.map	00 00 00 fe 00 00 00 00 00 00 00 00 fc fa fa fa fa 00 00 00 00 00 00 00 00 00 00 00 00 02 02 02 00 04 02 00
268	0x1B1C84	gUnk_080FFFFC	fomt.map	fd 01 fe f3 e3 dd e0 e6 f9 12 22 1b 0e 0a 0b 0e 0c 01 00 00 00 fb e9 de dc df ed fd 11 1a 17 12 0f 12 0d 06
268	0x1BAF7C	gUnk_080FFFFC	fomt.map	00 06 00 00 02 02 0a 03 01 fe fd fe 00 00 04 0e 0c 01 00 00 fd fb ff 01 00 00 00 00 01 03 00 00 00 fe f4 f9
271	0xF0334	gArticleInfo	fomt.map	e8 fd 0e 08 e7 00 00 00 f8 fd 0e 08 34 fe 0e 08 0f 01 00 00 3c fe 0e 08 94 fe 0e 08 c9 00 00 00 9c fe 0e 08
271	0x1B8F04	gUnk_080FFFFC	fomt.map	ff 00 fe f8 00 02 fc f8 fe 00 00 02 00 02 04 05 0f 01 00 00 00 ff 03 00 03 00 00 02 00 00 00 00 ff f5 03 06
272	0xEFEF0	gArticleInfo	fomt.map	d0 e7 0e 08 51 01 00 00 e0 e7 0e 08 18 e8 0e 08 10 01 00 00 2c e8 0e 08 64 e8 0e 08 12 01 00 00 74 e8 0e 08
272	0x2481B4	gUnk_080FFFFC	fomt.map	dc c8 d1 ed f7 ff 17 20 1d 11 f4 df df ec 03 14 10 01 00 00 01 ed dc e0 fa 19 26 21 13 00 fd fa e9 d5 dc 00
273	0xA9CB8	func_080A95A4	fomt.map	00 2b 01 d0 54 46 a2 88 18 1c 5f f7 d7 f8 c1 e0 11 01 00 00 0c a9 8a 46 00 20 0c 90 88 80 0e a9 0e 90 88 80
273	0x1BD504	gUnk_080FFFFC	fomt.map	03 12 1b 25 04 fa fa f2 e1 ec fe 00 00 00 ff 0c 11 01 00 00 f6 f0 f9 f4 f9 03 0c 10 11 03 09 10 05 fc 00 00
273	0x231414	gUnk_080FFFFC	fomt.map	05 12 12 08 ff fb 03 16 1f 0d fe 00 00 00 00 0d 11 01 00 00 00 03 1e 2e 1e e3 c4 f1 1a 2c 0f f4 e0 ba d9 1e
273	0x23234C	gUnk_080FFFFC	fomt.map	ec bf 9c 8f 92 a1 c9 f8 24 39 42 2d 20 20 1d 22 11 01 00 00 00 0a 1d 28 18 00 db a3 85 81 9a b4 d9 0b 48 66
284	0xEDE40	gFoodInfo	fomt.map	83 00 00 00 14 b3 0e 08 58 b3 0e 08 00 01 ff 00 1c 01 00 00 68 b3 0e 08 a0 b3 0e 08 00 02 ff 00 1d 01 00 00
292	0xEDEC0	gFoodInfo	fomt.map	25 01 00 00 58 b5 0e 08 90 b5 0e 08 01 04 fe 00 24 01 00 00 9c b5 0e 08 d4 b5 0e 08 01 05 fd 00 23 01 00 00
293	0xEDEB0	gFoodInfo	fomt.map	28 01 00 00 14 b5 0e 08 4c b5 0e 08 01 03 fe 00 25 01 00 00 58 b5 0e 08 90 b5 0e 08 01 04 fe 00 24 01 00 00
293	0xF2114	gUnk_080F1FC0	asm/data/data_080F1A80.s	f0 00 00 00 44 24 0f 08 00 01 00 00 50 24 0f 08 25 01 00 00 14 24 0f 08 0c 03 00 00 5c 24 0f 08 00 00 00 00
300	0xEE240	gFoodInfo	fomt.map	cb 01 00 00 c4 c4 0e 08 0c c5 0e 08 01 32 e2 00 2c 01 00 00 18 c5 0e 08 5c c5 0e 08 01 1e f1 00 cb 00 00 00
300	0xF2214	gUnk_080F1FC0	asm/data/data_080F1A80.s	0c 03 00 00 5c 24 0f 08 00 00 00 00 ec 24 0f 08 2c 01 00 00 f8 24 0f 08 d0 02 00 00 ec 24 0f 08 48 03 00 00
300	0xF2254	gUnk_080F1FC0	asm/data/data_080F1A80.s	48 03 00 00 04 25 0f 08 00 00 00 00 ec 24 0f 08 2c 01 00 00 f8 24 0f 08 d0 02 00 00 ec 24 0f 08 48 03 00 00
300	0xF2274	gUnk_080F1FC0	asm/data/data_080F1A80.s	48 03 00 00 04 25 0f 08 00 00 00 00 ec 24 0f 08 2c 01 00 00 f8 24 0f 08 d0 02 00 00 ec 24 0f 08 48 03 00 00
300	0xF22B4	gUnk_080F1FC0	asm/data/data_080F1A80.s	48 03 00 00 04 25 0f 08 00 00 00 00 ec 24 0f 08 2c 01 00 00 f8 24 0f 08 d0 02 00 00 ec 24 0f 08 48 03 00 00
300	0xF22D4	gUnk_080F1FC0	asm/data/data_080F1A80.s	48 03 00 00 04 25 0f 08 00 00 00 00 ec 24 0f 08 2c 01 00 00 f8 24 0f 08 d0 02 00 00 ec 24 0f 08 48 03 00 00
300	0xF22F4	gUnk_080F1FC0	asm/data/data_080F1A80.s	48 03 00 00 04 25 0f 08 00 00 00 00 ec 24 0f 08 2c 01 00 00 f8 24 0f 08 d0 02 00 00 ec 24 0f 08 48 03 00 00
300	0xF2314	gUnk_080F1FC0	asm/data/data_080F1A80.s	48 03 00 00 04 25 0f 08 00 00 00 00 ec 24 0f 08 2c 01 00 00 f8 24 0f 08 d0 02 00 00 ec 24 0f 08 48 03 00 00
300	0xF2334	gUnk_080F1FC0	asm/data/data_080F1A80.s	48 03 00 00 04 25 0f 08 00 00 00 00 ec 24 0f 08 2c 01 00 00 f8 24 0f 08 d0 02 00 00 ec 24 0f 08 48 03 00 00
300	0xF236C	gUnk_080F1FC0	asm/data/data_080F1A80.s	f0 00 00 00 28 25 0f 08 fa 00 00 00 10 25 0f 08 2c 01 00 00 1c 25 0f 08 36 01 00 00 14 24 0f 08 00 00 00 00
300	0xF23FC	gUnk_080F1FC0	asm/data/data_080F1A80.s	0c 03 00 00 5c 24 0f 08 00 00 00 00 ec 24 0f 08 2c 01 00 00 f8 24 0f 08 d0 02 00 00 34 25 0f 08 00 00 00 00
300	0xF2848	gUnk_080F280C	asm/data/data_080F1A80.s	01 00 00 00 98 28 0f 08 00 00 00 00 a0 28 0f 08 2c 01 00 00 ac 28 0f 08 0c 03 00 00 a0 28 0f 08 00 00 00 00
300	0xF2860	gUnk_080F280C	asm/data/data_080F1A80.s	0c 03 00 00 a0 28 0f 08 00 00 00 00 a0 28 0f 08 2c 01 00 00 ac 28 0f 08 a5 01 00 00 b8 28 0f 08 d4 01 00 00
300	0xF2A34	gUnk_080F29C0	asm/data/data_080F1A80.s	48 03 00 00 88 2a 0f 08 00 00 00 00 7c 2a 0f 08 2c 01 00 00 88 2a 0f 08 d0 02 00 00 7c 2a 0f 08 48 03 00 00
300	0xF2A5C	gUnk_080F29C0	asm/data/data_080F1A80.s	00 00 00 00 88 2a 0f 08 00 00 00 00 94 2a 0f 08 2c 01 00 00 a0 2a 0f 08 d0 02 00 00 88 2a 0f 08 00 00 00 00
300	0xF3950	gUnk_080F35E4	asm/data/data_080F1A80.s	00 00 00 00 ac 3b 0f 08 00 00 00 00 30 3c 0f 08 2c 01 00 00 18 3c 0f 08 d0 02 00 00 30 3c 0f 08 48 03 00 00
300	0xF3990	gUnk_080F35E4	asm/data/data_080F1A80.s	48 03 00 00 24 3c 0f 08 00 00 00 00 30 3c 0f 08 2c 01 00 00 18 3c 0f 08 d0 02 00 00 30 3c 0f 08 48 03 00 00
300	0xF39B0	gUnk_080F35E4	asm/data/data_080F1A80.s	48 03 00 00 24 3c 0f 08 00 00 00 00 30 3c 0f 08 2c 01 00 00 18 3c 0f 08 d0 02 00 00 30 3c 0f 08 48 03 00 00
300	0xF39F0	gUnk_080F35E4	asm/data/data_080F1A80.s	48 03 00 00 24 3c 0f 08 00 00 00 00 30 3c 0f 08 2c 01 00 00 18 3c 0f 08 d0 02 00 00 30 3c 0f 08 48 03 00 00
300	0xF3A10	gUnk_080F35E4	asm/data/data_080F1A80.s	48 03 00 00 24 3c 0f 08 00 00 00 00 30 3c 0f 08 2c 01 00 00 18 3c 0f 08 d0 02 00 00 30 3c 0f 08 48 03 00 00
300	0xF3A30	gUnk_080F35E4	asm/data/data_080F1A80.s	48 03 00 00 24 3c 0f 08 00 00 00 00 30 3c 0f 08 2c 01 00 00 18 3c 0f 08 d0 02 00 00 30 3c 0f 08 48 03 00 00
300	0xF3A50	gUnk_080F35E4	asm/data/data_080F1A80.s	48 03 00 00 24 3c 0f 08 00 00 00 00 30 3c 0f 08 2c 01 00 00 18 3c 0f 08 d0 02 00 00 30 3c 0f 08 48 03 00 00
300	0xF3A70	gUnk_080F35E4	asm/data/data_080F1A80.s	48 03 00 00 24 3c 0f 08 00 00 00 00 30 3c 0f 08 2c 01 00 00 18 3c 0f 08 d0 02 00 00 30 3c 0f 08 48 03 00 00
300	0xF3AB0	gUnk_080F35E4	asm/data/data_080F1A80.s	48 03 00 00 24 3c 0f 08 00 00 00 00 30 3c 0f 08 2c 01 00 00 18 3c 0f 08 d0 02 00 00 60 3c 0f 08 00 00 00 00
300	0xF4624	gUnk_080F43DC	asm/data/data_080F1A80.s	be 00 00 00 68 47 0f 08 00 00 00 00 ec 47 0f 08 2c 01 00 00 d4 47 0f 08 d0 02 00 00 ec 47 0f 08 48 03 00 00
300	0xF4664	gUnk_080F43DC	asm/data/data_080F1A80.s	48 03 00 00 e0 47 0f 08 00 00 00 00 ec 47 0f 08 2c 01 00 00 d4 47 0f 08 d0 02 00 00 ec 47 0f 08 48 03 00 00
300	0xF46A4	gUnk_080F43DC	asm/data/data_080F1A80.s	48 03 00 00 e0 47 0f 08 00 00 00 00 ec 47 0f 08 2c 01 00 00 d4 47 0f 08 d0 02 00 00 ec 47 0f 08 48 03 00 00
300	0xF46C4	gUnk_080F43DC	asm/data/data_080F1A80.s	48 03 00 00 e0 47 0f 08 00 00 00 00 ec 47 0f 08 2c 01 00 00 d4 47 0f 08 d0 02 00 00 ec 47 0f 08 48 03 00 00
300	0xF46E4	gUnk_080F43DC	asm/data/data_080F1A80.s	48 03 00 00 e0 47 0f 08 00 00 00 00 ec 47 0f 08 2c 01 00 00 d4 47 0f 08 d0 02 00 00 ec 47 0f 08 48 03 00 00
300	0xF4704	gUnk_080F43DC	asm/data/data_080F1A80.s	48 03 00 00 e0 47 0f 08 00 00 00 00 ec 47 0f 08 2c 01 00 00 d4 47 0f 08 d0 02 00 00 ec 47 0f 08 48 03 00 00
300	0xF4744	gUnk_080F43DC	asm/data/data_080F1A80.s	48 03 00 00 e0 47 0f 08 00 00 00 00 ec 47 0f 08 2c 01 00 00 d4 47 0f 08 d0 02 00 00 04 48 0f 08 00 00 00 00
300	0xF4A68	gUnk_080F49C0	asm/data/data_080F1A80.s	92 00 00 00 38 4b 0f 08 f1 00 00 00 44 4b 0f 08 2c 01 00 00 5c 4b 0f 08 46 01 00 00 f0 4a 0f 08 a4 01 00 00
300	0xF5054	gUnk_080F4D74	asm/data/data_080F1A80.s	48 03 00 00 d4 51 0f 08 00 00 00 00 e0 51 0f 08 2c 01 00 00 c8 51 0f 08 d0 02 00 00 e0 51 0f 08 48 03 00 00
300	0xF5094	gUnk_080F4D74	asm/data/data_080F1A80.s	48 03 00 00 d4 51 0f 08 00 00 00 00 e0 51 0f 08 2c 01 00 00 c8 51 0f 08 d0 02 00 00 e0 51 0f 08 48 03 00 00
300	0xF50B4	gUnk_080F4D74	asm/data/data_080F1A80.s	48 03 00 00 d4 51 0f 08 00 00 00 00 e0 51 0f 08 2c 01 00 00 c8 51 0f 08 d0 02 00 00 e0 51 0f 08 48 03 00 00
300	0xF50D4	gUnk_080F4D74	asm/data/data_080F1A80.s	48 03 00 00 d4 51 0f 08 00 00 00 00 e0 51 0f 08 2c 01 00 00 c8 51 0f 08 d0 02 00 00 e0 51 0f 08 48 03 00 00
300	0xF5114	gUnk_080F4D74	asm/data/data_080F1A80.s	48 03 00 00 d4 51 0f 08 00 00 00 00 e0 51 0f 08 2c 01 00 00 c8 51 0f 08 d0 02 00 00 34 52 0f 08 00 00 00 00
300	0xF5F44	gUnk_080F5D94	asm/data/data_080F1A80.s	f0 00 00 00 bc 60 0f 08 fa 00 00 00 c8 60 0f 08 2c 01 00 00 f8 60 0f 08 36 01 00 00 68 60 0f 08 00 00 00 00
300	0xF5F84	gUnk_080F5D94	asm/data/data_080F1A80.s	48 03 00 00 e0 60 0f 08 00 00 00 00 ec 60 0f 08 2c 01 00 00 d4 60 0f 08 d0 02 00 00 ec 60 0f 08 48 03 00 00
300	0xF5FC4	gUnk_080F5D94	asm/data/data_080F1A80.s	48 03 00 00 e0 60 0f 08 00 00 00 00 ec 60 0f 08 2c 01 00 00 d4 60 0f 08 d0 02 00 00 ec 60 0f 08 48 03 00 00
300	0xF5FE4	gUnk_080F5D94	asm/data/data_080F1A80.s	48 03 00 00 e0 60 0f 08 00 00 00 00 ec 60 0f 08 2c 01 00 00 d4 60 0f 08 d0 02 00 00 ec 60 0f 08 48 03 00 00
300	0xF6004	gUnk_080F5D94	asm/data/data_080F1A80.s	48 03 00 00 e0 60 0f 08 00 00 00 00 ec 60 0f 08 2c 01 00 00 d4 60 0f 08 d0 02 00 00 ec 60 0f 08 48 03 00 00
300	0xF6044	gUnk_080F5D94	asm/data/data_080F1A80.s	48 03 00 00 e0 60 0f 08 00 00 00 00 ec 60 0f 08 2c 01 00 00 d4 60 0f 08 d0 02 00 00 04 61 0f 08 00 00 00 00
300	0xF7058	gUnk_080F6FF8	asm/data/data_080F1A80.s	9c 00 00 00 00 71 0f 08 b0 00 00 00 0c 71 0f 08 2c 01 00 00 18 71 0f 08 31 01 00 00 24 71 0f 08 a4 01 00 00
300	0xF822C	gUnk_080F81BC	asm/data/data_080F1A80.s	3c 00 00 00 6c 83 0f 08 3f 00 00 00 78 83 0f 08 2c 01 00 00 84 83 0f 08 2f 01 00 00 54 83 0f 08 a4 01 00 00
300	0xF828C	gUnk_080F81BC	asm/data/data_080F1A80.s	3c 00 00 00 6c 83 0f 08 3f 00 00 00 78 83 0f 08 2c 01 00 00 84 83 0f 08 2f 01 00 00 54 83 0f 08 a4 01 00 00
300	0xF82DC	gUnk_080F81BC	asm/data/data_080F1A80.s	3c 00 00 00 6c 83 0f 08 3f 00 00 00 78 83 0f 08 2c 01 00 00 84 83 0f 08 2f 01 00 00 54 83 0f 08 a4 01 00 00
300	0xFDE04	gUnk_080FDDD8	asm/data/data_080F9EB8.s	96 00 00 00 37 00 00 00 c8 00 00 00 38 00 00 00 2c 01 00 00 39 00 00 00 96 00 00 00 3a 00 00 00 f4 01 00 00
300	0xFDE24	gUnk_080FDDD8	asm/data/data_080F9EB8.s	f4 01 00 00 3c 00 00 00 78 00 00 00 3d 00 00 00 2c 01 00 00 3e 00 00 00 2c 01 00 00 3f 00 00 00 c8 00 00 00
300	0xFDE2C	gUnk_080FDDD8	asm/data/data_080F9EB8.s	78 00 00 00 3d 00 00 00 2c 01 00 00 3e 00 00 00 2c 01 00 00 3f 00 00 00 c8 00 00 00 41 00 00 00 f4 01 00 00
300	0xFE314	gUnk_080FE2D8	asm/data/data_080F9EB8.s	64 00 00 00 ec ff ff ff 00 00 00 00 4c 00 00 00 2c 01 00 00 bc e2 0f 08 00 00 00 00 14 00 00 00 e2 ff ff ff
300	0xFE330	gUnk_080FE2D8	asm/data/data_080F9EB8.s	14 00 00 00 e2 ff ff ff 00 00 00 00 73 00 00 00 2c 01 00 00 bc e2 0f 08 00 00 00 00 32 00 00 00 fd ff ff ff
300	0xFE3A0	gUnk_080FE2D8	asm/data/data_080F9EB8.s	01 00 00 00 d8 ff ff ff 00 00 00 00 64 00 00 00 2c 01 00 00 bc e2 0f 08 00 00 00 00 03 00 00 00 e2 ff ff ff
300	0xFE4C0	gUnk_080FE484	asm/data/data_080F9EB8.s	96 00 00 00 42 00 00 00 f4 01 00 00 43 00 00 00 2c 01 00 00 44 00 00 00 58 02 00 00 45 00 00 00 90 01 00 00
300	0xFE744	gUnk_080FE740	asm/data/data_080F9EB8.s	62 61 64 5f 61 6c 6c 6f 63 00 00 00 3d 00 00 00 2c 01 00 00 3e 00 00 00 c8 00 00 00 49 27 64 20 62 65 20 67
300	0xFEB9C	gUnk_080FEB60	asm/data/data_080F9EB8.s	14 00 00 00 fd ff ff ff 00 00 00 00 a6 01 00 00 2c 01 00 00 18 eb 0f 08 01 00 00 00 28 00 00 00 fb ff ff ff
300	0xFEBD4	gUnk_080FEB60	asm/data/data_080F9EB8.s	1e 00 00 00 fd ff ff ff 00 00 00 00 f7 00 00 00 2c 01 00 00 3c eb 0f 08 01 00 00 00 01 00 00 00 ec ff ff ff
300	0xFF78C	gUnk_080FF6A8	asm/data/data_080F9EB8.s	00 00 00 00 78 f5 0f 08 a4 f5 0f 08 a8 61 00 00 2c 01 00 00 05 00 00 00 b8 f5 0f 08 dc f5 0f 08 a8 61 00 00
300	0xFF7A0	gUnk_080FF6A8	asm/data/data_080F9EB8.s	05 00 00 00 b8 f5 0f 08 dc f5 0f 08 a8 61 00 00 2c 01 00 00 06 00 00 00 b8 f5 0f 08 f0 f5 0f 08 a8 61 00 00
300	0xFF7B4	gUnk_080FF6A8	asm/data/data_080F9EB8.s	06 00 00 00 b8 f5 0f 08 f0 f5 0f 08 a8 61 00 00 2c 01 00 00 07 00 00 00 b8 f5 0f 08 00 f6 0f 08 20 4e 00 00
305	0xEAE28	gToolInfo	fomt.map	4c a7 0e 08 d7 00 00 00 58 a7 0e 08 84 a7 0e 08 31 01 00 00 94 a7 0e 08 c0 a7 0e 08 53 01 00 00 d0 a7 0e 08
305	0xF7060	gUnk_080F6FF8	asm/data/data_080F1A80.s	b0 00 00 00 0c 71 0f 08 2c 01 00 00 18 71 0f 08 31 01 00 00 24 71 0f 08 a4 01 00 00 30 71 0f 08 a9 01 00 00
306	0xEDFA0	gFoodInfo	fomt.map	35 01 00 00 e8 b8 0e 08 2c b9 0e 08 00 0a ff 00 32 01 00 00 38 b9 0e 08 78 b9 0e 08 00 ce 0a 00 f5 00 00 00
307	0x159F8	func_080159B0	fomt.map	08 dc 08 1c 34 38 86 42 11 d1 01 21 10 e0 00 00 33 01 00 00 01 2d 0a d1 53 48 81 42 07 dd 53 48 81 42 04 dc
307	0x15B50	func_080159B0	fomt.map	81 42 0b dc 08 1c 34 38 86 42 14 d1 01 21 13 e0 33 01 00 00 33 02 00 00 cc fe ff ff 01 2d 0a d1 52 48 81 42
307	0x15CAC	func_080159B0	fomt.map	81 42 0b dc 08 1c 34 38 86 42 14 d1 01 21 13 e0 33 01 00 00 33 02 00 00 cc fe ff ff 01 2d 0a d1 58 48 81 42
307	0x15E20	func_080159B0	fomt.map	fc d1 22 b0 08 bc 98 46 f0 bc 01 bc 00 47 00 00 33 01 00 00 33 02 00 00 cc fe ff ff 58 2e 00 00 f0 b5 57 46
307	0x161A0	func_08015E30	fomt.map	00 da 07 30 c2 10 06 23 e1 5e 00 29 02 e0 00 00 33 01 00 00 00 da 07 31 c9 10 20 a8 02 70 41 70 02 98 0b 28
307	0x16570	func_08015E30	fomt.map	c0 10 32 a9 0a 70 48 70 02 98 05 e0 cc fe ff ff 33 01 00 00 33 02 00 00 0b 28 0b d8 80 00 04 30 6a 46 12 18
307	0x1DBA4	func_0801DB58	fomt.map	81 42 09 dd 03 48 09 18 09 e0 00 00 ff 01 00 00 33 01 00 00 cc fe ff ff 11 1c 00 e0 09 21 68 46 04 23 c2 5e
307	0xF23D4	gUnk_080F1FC0	asm/data/data_080F1A80.s	f0 00 00 00 e0 24 0f 08 04 01 00 00 bc 24 0f 08 33 01 00 00 14 24 0f 08 0c 03 00 00 5c 24 0f 08 00 00 00 00
329	0xF02A4	gArticleInfo	fomt.map	50 fa 0e 08 48 00 00 00 58 fa 0e 08 ac fa 0e 08 49 01 00 00 b4 fa 0e 08 f4 fa 0e 08 4b 01 00 00 fc fa 0e 08
360	0xF01B4	gArticleInfo	fomt.map	84 f5 0e 08 59 01 00 00 98 f5 0e 08 cc f5 0e 08 68 01 00 00 dc f5 0e 08 24 f6 0e 08 15 01 00 00 38 f6 0e 08
360	0xF3920	gUnk_080F35E4	asm/data/data_080F1A80.s	00 00 00 00 c8 3a 0f 08 00 00 00 00 c8 3a 0f 08 68 01 00 00 00 3c 0f 08 72 01 00 00 0c 3c 0f 08 a4 01 00 00
360	0x117CF0	gUnk_08117BC8	asm/data/data_080F9EB8.s	00 00 00 00 00 00 aa 00 60 01 00 00 64 01 00 00 68 01 00 00 70 01 00 00 74 01 00 00 02 00 00 00 01 00 00 00
361	0xF01D8	gArticleInfo	fomt.map	74 f6 0e 08 88 00 00 00 88 f6 0e 08 d0 f6 0e 08 69 01 00 00 d8 f6 0e 08 fc f6 0e 08 6a 01 00 00 04 f7 0e 08
362	0xF01E4	gArticleInfo	fomt.map	d0 f6 0e 08 69 01 00 00 d8 f6 0e 08 fc f6 0e 08 6a 01 00 00 04 f7 0e 08 24 f7 0e 08 6b 01 00 00 2c f7 0e 08
370	0xF0244	gArticleInfo	fomt.map	28 f8 0e 08 71 01 00 00 30 f8 0e 08 54 f8 0e 08 72 01 00 00 60 f8 0e 08 80 f8 0e 08 73 01 00 00 8c f8 0e 08
370	0xF3928	gUnk_080F35E4	asm/data/data_080F1A80.s	00 00 00 00 c8 3a 0f 08 68 01 00 00 00 3c 0f 08 72 01 00 00 0c 3c 0f 08 a4 01 00 00 3c 3c 0f 08 ae 01 00 00
371	0x1B92C	sub_0801B464	fomt.map	04 49 40 18 00 68 87 46 38 10 00 00 4c 21 00 00 73 01 00 00 34 b9 01 08 c8 b8 01 08 ea b8 01 08 c8 b8 01 08
371	0x46A58	func_0804590C	fomt.map	18 70 10 1c 1f 22 06 23 fe f7 c2 fd 02 f0 cb fa 73 01 00 00 69 46 01 20 08 70 10 1c 71 21 13 22 ad e0 69 46
371	0x49F9C	func_08048FFC	fomt.map	00 90 01 aa 00 20 10 70 38 1c 1f 22 0e e1 00 00 73 01 00 00 01 21 00 91 01 a8 01 70 38 1c 71 21 13 22 03 e1
371	0xF0250	gArticleInfo	fomt.map	54 f8 0e 08 72 01 00 00 60 f8 0e 08 80 f8 0e 08 73 01 00 00 8c f8 0e 08 d0 f8 0e 08 74 01 00 00 dc f8 0e 08
372	0xF025C	gArticleInfo	fomt.map	80 f8 0e 08 73 01 00 00 8c f8 0e 08 d0 f8 0e 08 74 01 00 00 dc f8 0e 08 20 f9 0e 08 75 01 00 00 2c f9 0e 08
372	0x117CF8	gUnk_08117BC8	asm/data/data_080F9EB8.s	60 01 00 00 64 01 00 00 68 01 00 00 70 01 00 00 74 01 00 00 02 00 00 00 01 00 00 00 01 00 d4 03 01 00 d6 03
373	0xF0268	gArticleInfo	fomt.map	d0 f8 0e 08 74 01 00 00 dc f8 0e 08 20 f9 0e 08 75 01 00 00 2c f9 0e 08 70 f9 0e 08 76 01 00 00 7c f9 0e 08
374	0xF0274	gArticleInfo	fomt.map	20 f9 0e 08 75 01 00 00 2c f9 0e 08 70 f9 0e 08 76 01 00 00 7c f9 0e 08 c0 f9 0e 08 77 01 00 00 cc f9 0e 08
375	0xF0280	gArticleInfo	fomt.map	70 f9 0e 08 76 01 00 00 7c f9 0e 08 c0 f9 0e 08 77 01 00 00 cc f9 0e 08 10 fa 0e 08 34 00 00 00 1c fa 0e 08
376	0xEDFF0	gFoodInfo	fomt.map	d8 00 00 00 70 ba 0e 08 b8 ba 0e 08 00 f6 05 00 78 01 00 00 c4 ba 0e 08 00 bb 0e 08 00 fb fb 00 ea 01 00 00
378	0xEE5F0	gFoodInfo	fomt.map	67 00 00 00 0c d6 0e 08 4c d6 0e 08 01 32 ce 00 7a 01 00 00 5c d6 0e 08 9c d6 0e 08 00 07 ff 00 bf 01 00 00
379	0xEE140	gFoodInfo	fomt.map	66 00 00 00 18 c0 0e 08 50 c0 0e 08 00 02 fd 00 7b 01 00 00 64 c0 0e 08 ac c0 0e 08 00 02 fe 00 b3 01 00 00
380	0xEE0D0	gFoodInfo	fomt.map	dd 00 00 00 4c be 0e 08 90 be 0e 08 00 02 ff 00 7c 01 00 00 9c be 0e 08 d4 be 0e 08 00 02 ff 00 4e 00 00 00
381	0xEE650	gFoodInfo	fomt.map	77 00 00 00 c4 d7 0e 08 0c d8 0e 08 00 02 ff 00 7d 01 00 00 18 d8 0e 08 58 d8 0e 08 00 0a fe 00 86 01 00 00
389	0xEE710	gFoodInfo	fomt.map	9d 00 00 00 34 da 0e 08 74 da 0e 08 00 05 ff 00 85 01 00 00 88 da 0e 08 c8 da 0e 08 00 1e fe 00 bc 01 00 00
390	0xEE660	gFoodInfo	fomt.map	7d 01 00 00 18 d8 0e 08 58 d8 0e 08 00 0a fe 00 86 01 00 00 6c d8 0e 08 b0 d8 0e 08 00 64 ce 00 8a 00 00 00
399	0xEE4D0	gFoodInfo	fomt.map	74 00 00 00 10 d1 0e 08 54 d1 0e 08 00 1e fd 00 8f 01 00 00 5c d1 0e 08 98 d1 0e 08 00 1e ff 00 dc 00 00 00
401	0xFE2F4	gUnk_080FE2D8	asm/data/data_080F9EB8.s	01 00 00 00 01 00 00 00 00 00 00 00 01 00 00 00 91 01 00 00 f4 01 00 00 84 e2 0f 08 01 00 00 00 64 00 00 00
409	0xEAB4C	gToolInfo	fomt.map	a4 97 0e 08 97 01 00 00 b4 97 0e 08 f8 97 0e 08 99 01 00 00 08 98 0e 08 44 98 0e 08 98 01 00 00 54 98 0e 08
410	0xEAB64	gToolInfo	fomt.map	44 98 0e 08 98 01 00 00 54 98 0e 08 8c 98 0e 08 9a 01 00 00 9c 98 0e 08 e0 98 0e 08 ea 00 00 00 ec 98 0e 08
411	0xEFFBC	gArticleInfo	fomt.map	90 eb 0e 08 6c 00 00 00 98 eb 0e 08 cc eb 0e 08 9b 01 00 00 d4 eb 0e 08 08 ec 0e 08 d1 00 00 00 10 ec 0e 08
415	0xAB124	func_080AAFC8	fomt.map	53 e0 01 4a 51 e0 00 00 a3 01 00 00 00 4a 4c e0 9f 01 00 00 d1 22 52 00 47 e0 d2 22 52 00 44 e0 cf 22 52 00
416	0xF244C	gUnk_080F1FC0	asm/data/data_080F1A80.s	04 00 d8 03 a0 01 00 10 d8 25 0f 08 08 00 d8 03 a0 01 00 00 18 26 0f 08 05 00 2c 03 00 02 07 00 40 26 0f 08
422	0xF5AF0	gUnk_080F59CC	asm/data/data_080F1A80.s	f0 00 00 00 24 5c 0f 08 f7 00 00 00 b8 5b 0f 08 a6 01 00 00 c4 5b 0f 08 e0 01 00 00 d0 5b 0f 08 e6 01 00 00
422	0xFEB98	gUnk_080FEB60	asm/data/data_080F9EB8.s	00 00 00 00 14 00 00 00 fd ff ff ff 00 00 00 00 a6 01 00 00 2c 01 00 00 18 eb 0f 08 01 00 00 00 28 00 00 00
423	0xEDDB0	gFoodInfo	fomt.map	b7 01 00 00 18 b1 0e 08 44 b1 0e 08 00 03 ff 00 a7 01 00 00 4c b1 0e 08 70 b1 0e 08 00 03 ff 00 da 00 00 00
423	0xF1AF8		asm/data/data_080F1A80.s	23 01 00 00 5c 1c 0f 08 41 01 00 00 2c 1c 0f 08 a7 01 00 00 f8 1c 0f 08 ae 01 00 00 04 1d 0f 08 58 02 00 00
423	0xF3478	gUnk_080F3408	asm/data/data_080F1A80.s	f3 00 00 00 e0 34 0f 08 0e 01 00 00 ec 34 0f 08 a7 01 00 00 f8 34 0f 08 bb 01 00 00 04 35 0f 08 58 02 00 00
423	0xF34A0	gUnk_080F3408	asm/data/data_080F1A80.s	63 02 00 00 c8 34 0f 08 00 00 00 00 c8 34 0f 08 a7 01 00 00 1c 35 0f 08 c4 01 00 00 28 35 0f 08 5b 02 00 00
423	0xF4098	gUnk_080F3FD8	asm/data/data_080F1A80.s	f3 00 00 00 28 41 0f 08 1e 01 00 00 34 41 0f 08 a7 01 00 00 40 41 0f 08 c5 01 00 00 4c 41 0f 08 e7 01 00 00
423	0xF565C	gUnk_080F5540	asm/data/data_080F1A80.s	00 00 00 00 8c 56 0f 08 3c 00 00 00 98 56 0f 08 a7 01 00 00 1c 57 0f 08 bf 01 00 00 28 57 0f 08 58 02 00 00
423	0xF6464	gUnk_080F6370	asm/data/data_080F1A80.s	00 00 00 00 10 65 0f 08 3c 00 00 00 04 65 0f 08 a7 01 00 00 40 65 0f 08 ad 01 00 00 1c 65 0f 08 1c 02 00 00
423	0xF6768	gUnk_080F66C4	asm/data/data_080F1A80.s	00 00 00 00 48 68 0f 08 3c 00 00 00 54 68 0f 08 a7 01 00 00 9c 68 0f 08 d4 01 00 00 a8 68 0f 08 5b 02 00 00
423	0xF67B0	gUnk_080F66C4	asm/data/data_080F1A80.s	f0 00 00 00 c0 68 0f 08 0a 01 00 00 cc 68 0f 08 a7 01 00 00 d8 68 0f 08 e8 01 00 00 6c 68 0f 08 f1 01 00 00
423	0xF6808	gUnk_080F66C4	asm/data/data_080F1A80.s	f0 00 00 00 c0 68 0f 08 0a 01 00 00 cc 68 0f 08 a7 01 00 00 e4 68 0f 08 d1 01 00 00 f0 68 0f 08 66 02 00 00
423	0xF6BAC	gUnk_080F6B4C	asm/data/data_080F1A80.s	13 01 00 00 38 6c 0f 08 2a 01 00 00 44 6c 0f 08 a7 01 00 00 50 6c 0f 08 be 01 00 00 5c 6c 0f 08 e0 01 00 00
423	0xF6EAC	gUnk_080F6DE8	asm/data/data_080F1A80.s	b9 00 00 00 34 6f 0f 08 a4 01 00 00 4c 6f 0f 08 a7 01 00 00 58 6f 0f 08 58 02 00 00 64 6f 0f 08 5b 02 00 00
423	0xF74A0	gUnk_080F7294	asm/data/data_080F1A80.s	00 00 00 00 08 76 0f 08 3c 00 00 00 fc 75 0f 08 a7 01 00 00 14 76 0f 08 c1 01 00 00 cc 75 0f 08 cb 01 00 00
423	0xF74E8	gUnk_080F7294	asm/data/data_080F1A80.s	00 00 00 00 08 76 0f 08 3c 00 00 00 fc 75 0f 08 a7 01 00 00 14 76 0f 08 c1 01 00 00 20 76 0f 08 d1 01 00 00
423	0xF78C0	gUnk_080F77FC	asm/data/data_080F1A80.s	fa 00 00 00 18 7a 0f 08 1f 01 00 00 7c 79 0f 08 a7 01 00 00 88 79 0f 08 b7 01 00 00 94 79 0f 08 e5 01 00 00
423	0xF82A4	gUnk_080F81BC	asm/data/data_080F1A80.s	2f 01 00 00 54 83 0f 08 a4 01 00 00 6c 83 0f 08 a7 01 00 00 78 83 0f 08 58 02 00 00 84 83 0f 08 5b 02 00 00
430	0xEDD10	gFoodInfo	fomt.map	71 00 00 00 3c af 0e 08 64 af 0e 08 00 05 fe 00 ae 01 00 00 70 af 0e 08 98 af 0e 08 00 03 ff 00 54 00 00 00
430	0xF1B00		asm/data/data_080F1A80.s	41 01 00 00 2c 1c 0f 08 a7 01 00 00 f8 1c 0f 08 ae 01 00 00 04 1d 0f 08 58 02 00 00 10 1d 0f 08 5f 02 00 00
430	0xF3938	gUnk_080F35E4	asm/data/data_080F1A80.s	72 01 00 00 0c 3c 0f 08 a4 01 00 00 3c 3c 0f 08 ae 01 00 00 c8 3a 0f 08 00 00 00 00 ac 3b 0f 08 00 00 00 00
440	0xEADF8	gToolInfo	fomt.map	74 a6 0e 08 5a 00 00 00 84 a6 0e 08 a4 a6 0e 08 b8 01 00 00 b8 a6 0e 08 e0 a6 0e 08 a8 01 00 00 f0 a6 0e 08
440	0xF6434	gUnk_080F6370	asm/data/data_080F1A80.s	3c 00 00 00 04 65 0f 08 a4 01 00 00 58 65 0f 08 b8 01 00 00 64 65 0f 08 5b 02 00 00 70 65 0f 08 6f 02 00 00
440	0xF64CC	gUnk_080F6370	asm/data/data_080F1A80.s	3c 00 00 00 04 65 0f 08 a4 01 00 00 58 65 0f 08 b8 01 00 00 64 65 0f 08 60 02 00 00 7c 65 0f 08 8c 02 00 00
462	0xEAC90	gToolInfo	fomt.map	74 9f 0e 08 e6 00 00 00 84 9f 0e 08 cc 9f 0e 08 ce 01 00 00 dc 9f 0e 08 fc 9f 0e 08 cf 01 00 00 10 a0 0e 08
462	0xF2164	gUnk_080F1FC0	asm/data/data_080F1A80.s	a5 01 00 00 8c 24 0f 08 be 01 00 00 98 24 0f 08 ce 01 00 00 a4 24 0f 08 58 02 00 00 b0 24 0f 08 60 02 00 00
462	0xF4F84	gUnk_080F4D74	asm/data/data_080F1A80.s	aa 01 00 00 68 51 0f 08 c5 01 00 00 40 52 0f 08 ce 01 00 00 4c 52 0f 08 58 02 00 00 58 52 0f 08 62 02 00 00
519	0x37BB0	func_08037B80	fomt.map	04 48 60 61 20 1c 01 b0 70 bc 02 bc 08 47 00 00 07 02 00 00 18 72 0e 08 10 b5 81 b0 04 1c 06 4b 0a 20 00 90
519	0x37BD8	func_08037B80	fomt.map	1f fa 04 48 60 61 20 1c 01 b0 10 bc 02 bc 08 47 07 02 00 00 18 72 0e 08 10 b5 81 b0 04 1c 06 4b 0c 20 00 90
519	0x165520	gUnk_080FFFFC	fomt.map	9d c3 f0 03 0c 0e 0f 12 23 38 38 2d 2b 2c 17 04 07 02 00 00 14 33 37 27 13 00 e5 cf d0 df e9 e6 dc d2 b2 99
519	0x192B18	gUnk_080FFFFC	fomt.map	0d 08 ff 03 0a fa f1 ff 01 f5 e6 0b 07 ff 00 01 07 02 00 00 fc fd 01 0a 02 ff 04 08 ff f0 fd fe f2 ff 01 f8
519	0x1B0904	gUnk_080FFFFC	fomt.map	00 00 04 0a 03 fe f9 f5 f6 f4 f7 fa fd ff 08 0c 07 02 00 00 fe 00 01 01 ff fd fd 00 ff fe 00 00 00 00 00 00
519	0x1BB2EC	gUnk_080FFFFC	fomt.map	01 00 00 03 06 04 00 00 00 00 02 fd fd 00 fe 00 07 02 00 00 00 ff f8 f4 fb 00 00 03 04 03 02 00 00 00 00 06
519	0x1BB618	gUnk_080FFFFC	fomt.map	00 00 00 00 00 00 00 fa fb 01 06 08 01 00 fd 02 07 02 00 00 00 ff 00 00 fd fc 00 04 0e 06 f5 fa 00 00 ff f7
519	0x1C2630	gUnk_080FFFFC	fomt.map	03 02 03 03 04 02 00 00 00 00 00 00 06 08 04 02 07 02 00 00 ff fd fd 00 00 00 fe fe f9 ff 03 06 00 00 fc fa
519	0x1CAA44	gUnk_080FFFFC	fomt.map	ff 00 00 00 ff fd f4 f3 f7 fe 00 00 00 f8 fc 03 07 02 00 00 01 02 ff fd fe 00 fd 03 0a 07 07 0a 00 01 07 00
519	0x1CB260	gUnk_080FFFFC	fomt.map	00 00 00 00 00 00 fb 00 01 fd fc fd ff fe fd 05 07 02 00 00 00 01 0a 05 07 07 00 ff fa f7 f5 f9 fd fd 00 02
519	0x20DC94	gUnk_080FFFFC	fomt.map	00 ff fd ff 00 00 00 00 ff f4 eb ef fa 01 07 09 07 02 00 00 00 fd f8 f7 f8 fe 00 00 00 00 00 00 00 fe f9 f9
519	0x2178C4	gUnk_080FFFFC	fomt.map	00 05 08 06 f7 e8 f9 11 11 04 fc f3 f5 00 01 05 07 02 00 00 fd 01 f8 f0 02 10 09 00 f8 f6 01 07 06 00 fd fb
519	0x21FE80	gUnk_080FFFFC	fomt.map	ed f2 f2 f3 f9 fe 00 00 01 02 09 0d 0d 0e 0e 0d 07 02 00 00 00 fe fa f7 f3 f1 ed ed ec ed ed f1 f3 f9 f9 ff
519	0x220B94	gUnk_080FFFFC	fomt.map	d9 d4 d5 d5 de e6 f1 f9 00 00 01 02 07 09 07 0d 07 02 00 00 ff fa f7 f1 e5 e5 ff 27 5e 7d 71 38 f3 aa 80 80
519	0x222D10	gUnk_080FFFFC	fomt.map	f5 e8 d9 cf c4 bb b9 ba c2 c8 d4 e0 ee fb 02 09 07 02 00 00 fd f7 e9 d8 cf d1 dc e8 f2 f6 f6 f5 f6 fa 00 05
519	0x224100	gUnk_080FFFFC	fomt.map	c6 c4 c4 c8 d1 dd ef ff 02 0a 0b 0b 0a 0d 0d 0b 07 02 00 00 05 13 1f 28 28 27 22 22 23 24 27 23 1f 14 0f 0b
519	0x22C624	gUnk_080FFFFC	fomt.map	04 02 00 00 fe f5 ed f5 02 10 0b 04 f5 ed f9 04 07 02 00 00 00 fc f5 f7 f0 fc 00 04 1a 21 10 f9 e6 eb fc 00
519	0x265728	gUnk_080FFFFC	fomt.map	01 fe fb 00 02 05 06 08 00 fe ff 00 00 00 02 06 07 02 00 00 00 00 01 04 01 00 ff 02 05 03 00 00 00 ff 00 03
521	0x1963A8	gUnk_080FFFFC	fomt.map	f8 e2 e8 f0 fc 00 01 05 00 00 00 00 fd f2 05 0f 09 02 00 00 f7 f8 00 00 04 00 f7 fa 0b 03 f8 02 00 00 00 fc
521	0x197E6C	gUnk_080FFFFC	fomt.map	00 f3 f4 00 00 05 04 01 fd fb ff 01 00 00 ff 0a 09 02 00 00 ed ef 00 0f 0a d7 b9 cd e7 eb e9 ef fa 26 3e 27
521	0x1B8BF8	gUnk_080FFFFC	fomt.map	fe 00 07 ff fb ff ff 00 00 fd f6 fd fe 00 00 01 09 02 00 00 00 00 04 01 00 04 03 00 fe ff 00 00 fa fd 06 01
521	0x203C18	gUnk_080FFFFC	fomt.map	c2 b4 b0 ac b7 c6 cd e3 fe 00 06 1b 1d 22 17 14 09 02 00 00 fe 00 00 00 00 00 00 00 00 06 00 00 00 00 fe e3
521	0x20A5EC	gUnk_080FFFFC	fomt.map	fe d4 b1 f7 f7 e5 00 00 fe fe 00 14 14 02 02 09 09 02 00 00 00 00 02 00 00 00 00 00 f7 fe fe fe fe 00 00 00
521	0x268B50	gUnk_080FFFFC	fomt.map	f2 00 0d 14 17 17 22 31 3d 3d 2a 15 06 00 04 09 09 02 00 00 00 0b 17 19 09 fa e4 d4 d6 de e7 f0 f0 ec e4 da
521	0x269BD4	gUnk_080FFFFC	fomt.map	f5 f7 f3 f7 fa fe 00 02 06 04 06 0e 17 17 17 10 09 02 00 00 00 00 00 00 fa f2 e5 dd d4 d0 d7 e4 f2 00 06 12
521	0x26A148	gUnk_080FFFFC	fomt.map	fe fc fa f7 f7 fa fa 00 00 02 06 0d 14 15 15 12 09 02 00 00 00 00 00 fc f3 ee f2 fa 02 0e 1b 1c 17 0e 06 00
521	0x26AFFC	gUnk_080FFFFC	fomt.map	06 09 06 06 04 00 00 fc f7 f5 f5 fc 00 02 09 09 09 02 00 00 fe 00 00 02 06 02 00 00 fc 00 00 00 00 00 00 00
523	0x103748	gUnk_081036D4	asm/data/data_080F9EB8.s	1c 70 10 08 15 0e 00 00 34 70 10 08 4c 70 10 08 0b 02 00 00 a4 6f 10 08 bc 6f 10 08 25 02 00 00 d4 6f 10 08
523	0x1735F4	gUnk_080FFFFC	fomt.map	00 00 00 00 00 fa ef f3 ff 02 0e 14 02 f0 ef 00 0b 02 00 00 00 08 10 07 00 00 00 00 00 00 00 fd f0 f3 ff 0c
523	0x1C1D48	gUnk_080FFFFC	fomt.map	f7 e2 00 e7 f6 11 14 00 09 e8 e2 00 07 11 00 01 0b 02 00 00 00 00 ff f0 f7 0e 06 01 09 00 ed f0 00 ff 06 10
523	0x1C215C	gUnk_080FFFFC	fomt.map	04 06 02 fc 01 01 fc fe 00 f9 00 07 06 00 0a 0c 0b 02 00 00 fd 00 04 00 00 00 00 00 00 ff f8 00 0f 12 11 03
523	0x236030	gUnk_080FFFFC	fomt.map	0b 09 00 00 fe f7 f5 f0 f7 fe 00 00 02 07 0b 0b 0b 02 00 00 f9 f7 f7 f9 fc 00 00 00 04 07 0b 0b 02 00 00 fe
523	0x262868	gUnk_080FFFFC	fomt.map	13 11 0b 07 05 11 18 16 10 11 10 0e 10 11 09 0a 0b 02 00 00 00 00 01 00 00 00 00 00 00 00 00 00 00 00 00 00
523	0x26AA00	gUnk_080FFFFC	fomt.map	00 00 02 09 0d 14 19 22 23 27 26 22 20 1d 17 12 0b 02 00 00 00 00 00 fa f7 f7 fa fe 00 00 fc f5 eb e5 e5 eb
523	0x26ACF8	gUnk_080FFFFC	fomt.map	f3 fa fc fe fa fa fa fe 00 00 06 09 0d 0e 10 0e 0b 02 00 00 00 00 00 00 00 00 00 fe fa fe 00 00 00 00 fe f7
523	0x26AFA8	gUnk_080FFFFC	fomt.map	fe 00 fc fa f5 f0 ee f2 f7 fe 00 02 09 0d 12 0e 0b 02 00 00 06 09 0d 10 0b 06 00 00 fc fe 00 00 06 09 06 02
523	0x26C3E0	gUnk_080FFFFC	fomt.map	f7 f7 f5 fa fc 00 00 02 06 06 09 0d 0e 12 12 0e 0b 02 00 00 00 00 00 00 00 00 00 fc fa fe 00 00 00 00 00 00
524	0x12531C	gUnk_08117BC8	asm/data/data_080F9EB8.s	00 00 00 00 00 00 00 00 00 00 00 00 02 02 02 0c 0c 02 00 00 00 00 00 00 00 00 00 00 00 00 00 00 00 00 00 00
524	0x125370	gUnk_08117BC8	asm/data/data_080F9EB8.s	00 00 00 00 00 00 00 00 00 00 00 00 02 02 02 0c 0c 02 00 00 00 00 00 10 10 10 00 00 00 00 00 00 00 00 00 00
524	0x1A5B1C	gUnk_080FFFFC	fomt.map	35 0e e7 b9 a5 ad bd b0 af ca fa 07 00 e4 f2 06 0c 02 00 00 00 f3 e8 f5 00 00 eb c1 c1 e7 00 00 00 fd 06 0e
524	0x1BF144	gUnk_080FFFFC	fomt.map	f2 0f 00 f9 05 02 fc 09 00 e7 e3 ff f7 ec fb 01 0c 02 00 00 fe 0a 1c 10 08 03 09 fd 02 00 15 13 f4 f0 f0 f4
524	0x1C8EF8	gUnk_080FFFFC	fomt.map	e6 f8 03 f2 f2 fc f5 02 04 10 1b 04 04 ff f5 07 0c 02 00 00 00 fb f9 01 ee d9 ee f7 f1 f3 d2 dd ee e6 ea f1
524	0x1CAB58	gUnk_080FFFFC	fomt.map	fd 00 00 00 ff 00 ff 01 04 00 00 00 01 00 01 07 0c 02 00 00 00 02 fd ff 02 06 01 ff f4 f8 fe fc fc 00 ff fd
524	0x1E9DB8	gUnk_080FFFFC	fomt.map	fc 05 14 17 13 07 00 f6 ef f1 f8 05 0f 1d 20 17 0c 02 00 00 00 04 04 01 00 fb f2 f2 f6 f5 f8 ff 01 02 00 00
524	0x200600	gUnk_080FFFFC	fomt.map	00 fb fb f2 f8 f8 fe 00 00 02 02 0e 12 19 19 12 0c 02 00 00 00 00 00 f4 f4 fb f8 fb 00 00 00 00 00 00 02 00
525	0x125274	gUnk_08117BC8	asm/data/data_080F9EB8.s	00 00 00 00 00 00 00 00 00 00 00 00 02 02 02 0d 0d 02 00 00 00 00 00 00 00 00 00 00 00 00 00 00 00 00 00 00
525	0x1252C8	gUnk_08117BC8	asm/data/data_080F9EB8.s	00 00 00 00 00 00 00 00 00 00 00 00 02 02 02 0d 0d 02 00 00 00 00 00 00 00 00 00 00 00 00 00 00 00 00 00 00
525	0x1975F0	gUnk_080FFFFC	fomt.map	f8 f5 f9 f7 00 01 09 18 04 e1 da e3 e6 fa 00 07 0d 02 00 00 00 f6 ff 00 ff 02 14 1d 19 09 ff 01 f7 f1 f7 ee
525	0x1EC6DC	gUnk_080FFFFC	fomt.map	ea ef fa 00 02 00 06 11 0f 02 f3 e7 ed 00 0e 13 0d 02 00 00 fe f2 e8 f1 02 13 19 0c fd f3 f6 fb fa f9 ff 06
525	0x1FA42C	gUnk_080FFFFC	fomt.map	0f 17 1e 28 2f 2f 37 37 37 32 32 2b 25 21 1b 14 0d 02 00 00 fb fb f3 f1 ec f1 f1 f6 f6 f6 fe 00 00 02 05 0a
525	0x203BF0	gUnk_080FFFFC	fomt.map	d7 e5 fa 00 00 fe ec de d0 d4 de f7 00 02 09 09 0d 02 00 00 00 00 fa f3 f0 f3 ec e5 e5 f7 00 00 02 00 fa f7
525	0x221320	gUnk_080FFFFC	fomt.map	2b 22 1f 0e 01 f7 e1 d4 cd d9 ec 00 13 1f 1f 18 0d 02 00 00 00 02 0d 0f 14 14 13 07 00 f9 ec e5 e5 e6 ec f7
525	0x2324E4	gUnk_080FFFFC	fomt.map	f6 e6 d7 d7 df e6 f2 fa 03 0f 1d 20 23 23 22 1d 0d 02 00 00 fd f7 f7 fc ff 00 00 00 fc fa fd fd 00 00 00 05
525	0x2627DC	gUnk_080FFFFC	fomt.map	2a 38 43 3d 26 2a 3a 33 2d 2f 34 28 19 0f 0e 12 0d 02 00 00 00 fd e5 de e6 dc d1 dd e0 d5 d7 dc e5 ee eb e7
526	0x231308	gUnk_080FFFFC	fomt.map	fe fe 28 3a 22 0e 04 14 33 3c 25 06 05 12 18 19 0e 02 00 00 00 08 06 fe f6 f6 f1 f1 04 0c f9 e7 e8 f3 04 07
527	0xF1648	gUnk_080F1644	asm/data/data_080F0348.s	28 01 02 00 1e 01 02 00 1e 01 02 00 07 02 0b 02 0f 02 00 00 62 61 64 5f 61 6c 6c 6f 63 00 00 00 45 72 72 6f
527	0x1C04E0	gUnk_080FFFFC	fomt.map	02 20 0f ff 0d f1 d2 ed eb f6 0f 09 e0 ec 10 1c 0f 02 00 00 fe fc 00 04 e9 e3 f4 21 22 00 02 ff f5 02 12 00
528	0xF2434	gUnk_080F1FC0	asm/data/data_080F1A80.s	05 00 3c 02 e3 00 07 00 78 25 0f 08 08 00 b0 04 10 02 00 00 b8 25 0f 08 04 00 d8 03 a0 01 00 10 d8 25 0f 08
528	0xF3B6C	gUnk_080F35E4	asm/data/data_080F1A80.s	05 00 78 02 e8 01 05 00 cc 3d 0f 08 08 00 b0 04 10 02 00 00 00 00 00 00 00 00 f0 03 a8 01 00 04 0c 3e 0f 08
528	0xF4794	gUnk_080F43DC	asm/data/data_080F1A80.s	03 00 78 02 e8 01 05 00 70 48 0f 08 08 00 b0 04 10 02 00 00 00 00 00 00 00 00 08 04 b0 01 00 04 b0 48 0f 08
528	0xF83A4	gUnk_080F81BC	asm/data/data_080F1A80.s	05 00 e0 03 e8 00 07 00 b4 84 0f 08 0b 00 b0 04 10 02 00 00 00 00 00 00 00 00 90 03 3f 02 00 04 0c 85 0f 08
528	0xF87D4	gUnk_080F8678	asm/data/data_080F1A80.s	05 00 e0 01 a0 00 05 00 b4 88 0f 08 09 00 b0 04 10 02 00 00 fc 88 0f 08 02 00 b0 03 18 02 00 10 0c 89 0f 08
528	0x1C026C	gUnk_080FFFFC	fomt.map	e2 02 00 1c 24 00 f0 ec cd ed 14 02 01 05 ff fe 10 02 00 00 fb 09 25 2a 3c 18 dd ce ed ff d3 bf dd 0e 27 1a
529	0x195BE0	gUnk_080FFFFC	fomt.map	01 f6 08 11 00 01 08 00 f1 fa f6 f1 fe fe fc 05 11 02 00 00 fc 00 f8 fa 00 f3 fa 01 08 00 f2 00 ff e3 d3 f5
530	0x107344	gUnk_08107344	asm/data/data_080F9EB8.s	07 04 00 00 00 02 00 00 90 f0 6e 08 0c 00 00 00 12 02 00 00 8c ed 6e 08 08 00 00 00 01 00 00 00 00 00 00 00
530	0x250980	gUnk_080FFFFC	fomt.map	2d 23 10 05 fa f4 e9 e0 dd d3 d7 ed 07 20 31 28 12 02 00 00 00 fb f1 e7 e7 ed fa 05 18 1e 13 00 f2 f1 f4 f7
532	0x16534C	gUnk_080FFFFC	fomt.map	cc c8 cb d3 e9 08 34 41 2c 20 2c 31 32 43 4b 32 14 02 00 00 f7 f1 03 16 1c 15 05 ee cc b6 b3 c0 cd e1 e5 d5
532	0x24D87C	gUnk_080FFFFC	fomt.map	0d 0e 11 1b 1d 0c f2 d0 c7 c9 e8 02 12 21 14 0e 14 02 00 00 fe e9 f3 00 10 11 0e 05 00 ee d6 ce d7 fb 17 2e
550	0xF5014	gUnk_080F4D74	asm/data/data_080F1A80.s	ea 01 00 00 f8 51 0f 08 1c 02 00 00 04 52 0f 08 26 02 00 00 38 51 0f 08 00 00 00 00 38 51 0f 08 00 00 00 00
559	0x35BF8	func_08035BC8	fomt.map	20 1c 04 b0 10 bc 02 bc 08 47 00 00 c0 1f 0f 08 2f 02 00 00 e1 03 00 00 18 71 0e 08 f0 b5 47 46 80 b4 04 1c
559	0x35C48	func_08035C04	fomt.map	00 78 40 06 80 0f 01 28 0c d1 05 4f 26 e0 00 00 2f 02 00 00 33 02 00 00 d4 1c 00 00 6b 21 00 00 3f 02 00 00
561	0x4902C	func_08048FFC	fomt.map	04 f0 07 fd 88 00 03 49 40 18 00 68 87 46 00 00 31 02 00 00 34 90 04 08 24 9a 04 08 2e da 04 08 32 9b 04 08
568	0x12B5AC	gUnk_08117BC8	asm/data/data_080F9EB8.s	03 03 03 03 00 00 00 00 00 00 de 02 00 00 e0 02 38 02 00 00 ec 05 00 00 f4 05 00 00 01 00 00 00 01 00 d6 02
573	0x1FCF0	func_0801FB7C	fomt.map	92 00 80 18 02 49 40 18 00 21 01 70 70 47 00 00 3d 02 00 00 08 30 89 00 40 18 00 68 70 47 00 00 08 30 89 00
573	0xADB38	func_080ADAFC	fomt.map	92 00 80 18 02 49 40 18 00 21 01 70 70 47 00 00 3d 02 00 00 08 30 89 00 40 18 00 68 70 47 00 00 08 30 89 00
574	0x1A8B4	func_0801A13C	fomt.map	29 25 00 00 38 10 00 00 48 10 00 00 4c 10 00 00 3e 02 00 00 00 ff ff ff 00 00 ff ff 00 b5 05 29 01 d8 03 20
575	0x35C58	func_08035C04	fomt.map	2f 02 00 00 33 02 00 00 d4 1c 00 00 6b 21 00 00 3f 02 00 00 30 1c 6a f0 91 fb 00 28 16 d0 68 f0 37 ff 3b 28
576	0xF83BC	gUnk_080F81BC	asm/data/data_080F1A80.s	00 00 90 03 3f 02 00 04 0c 85 0f 08 0b 00 90 03 40 02 00 00 64 85 0f 08 05 00 2c 03 00 02 07 00 8c 85 0f 08
580	0xFF700	gUnk_080FF6A8	asm/data/data_080F9EB8.s	01 00 00 00 cc f3 0f 08 10 f4 0f 08 30 75 00 00 44 02 00 00 01 00 00 00 20 f4 0f 08 64 f4 0f 08 88 13 00 00
583	0x35CB0	func_08035C04	fomt.map	ff f7 4e fe 08 bc 98 46 f0 bc 01 bc 00 47 00 00 47 02 00 00 4b 02 00 00 30 b5 05 1c 0c 1c ff f7 1f f9 01 2c
587	0x35CB4	func_08035C04	fomt.map	08 bc 98 46 f0 bc 01 bc 00 47 00 00 47 02 00 00 4b 02 00 00 30 b5 05 1c 0c 1c ff f7 1f f9 01 2c 02 dd 28 1c
589	0x4592C	func_0804590C	fomt.map	03 f0 66 fb 88 00 03 49 40 18 00 68 87 46 00 00 4d 02 00 00 34 59 04 08 6c 62 04 08 96 62 04 08 a4 62 04 08
600	0xF1B08		asm/data/data_080F1A80.s	a7 01 00 00 f8 1c 0f 08 ae 01 00 00 04 1d 0f 08 58 02 00 00 10 1d 0f 08 5f 02 00 00 2c 1c 0f 08 0c 03 00 00
600	0xF1BD8		asm/data/data_080F1A80.s	a4 01 00 00 d4 1c 0f 08 b6 01 00 00 e0 1c 0f 08 58 02 00 00 ec 1c 0f 08 6a 02 00 00 2c 1c 0f 08 0c 03 00 00
600	0xF216C	gUnk_080F1FC0	asm/data/data_080F1A80.s	be 01 00 00 98 24 0f 08 ce 01 00 00 a4 24 0f 08 58 02 00 00 b0 24 0f 08 60 02 00 00 bc 24 0f 08 8f 02 00 00
600	0xF21AC	gUnk_080F1FC0	asm/data/data_080F1A80.s	e3 00 00 00 74 24 0f 08 fb 00 00 00 80 24 0f 08 58 02 00 00 8c 24 0f 08 71 02 00 00 bc 24 0f 08 a0 02 00 00
600	0xF21EC	gUnk_080F1FC0	asm/data/data_080F1A80.s	d3 01 00 00 c8 24 0f 08 e6 01 00 00 d4 24 0f 08 58 02 00 00 e0 24 0f 08 6c 02 00 00 bc 24 0f 08 9b 02 00 00
600	0xF2880	gUnk_080F280C	asm/data/data_080F1A80.s	d4 01 00 00 c4 28 0f 08 fb 01 00 00 d0 28 0f 08 58 02 00 00 dc 28 0f 08 80 02 00 00 e8 28 0f 08 af 02 00 00
600	0xF2B94	gUnk_080F2AF8	asm/data/data_080F1A80.s	a4 01 00 00 3c 2c 0f 08 ab 01 00 00 48 2c 0f 08 58 02 00 00 54 2c 0f 08 9b 02 00 00 0c 2c 0f 08 0f 03 00 00
600	0xF3488	gUnk_080F3408	asm/data/data_080F1A80.s	a7 01 00 00 f8 34 0f 08 bb 01 00 00 04 35 0f 08 58 02 00 00 10 35 0f 08 63 02 00 00 c8 34 0f 08 00 00 00 00
600	0xF3738	gUnk_080F35E4	asm/data/data_080F1A80.s	f6 00 00 00 c8 3a 0f 08 a4 01 00 00 f8 3a 0f 08 58 02 00 00 c8 3a 0f 08 0c 03 00 00 04 3b 0f 08 3a 03 00 00
600	0xF3790	gUnk_080F35E4	asm/data/data_080F1A80.s	f0 00 00 00 c8 3a 0f 08 a4 01 00 00 f8 3a 0f 08 58 02 00 00 c8 3a 0f 08 00 00 00 00 c8 3a 0f 08 78 00 00 00
600	0xF3808	gUnk_080F35E4	asm/data/data_080F1A80.s	d2 01 00 00 64 3b 0f 08 e0 01 00 00 70 3b 0f 08 58 02 00 00 7c 3b 0f 08 67 02 00 00 34 3b 0f 08 94 02 00 00
600	0xF3870	gUnk_080F35E4	asm/data/data_080F1A80.s	d2 01 00 00 88 3b 0f 08 e9 01 00 00 94 3b 0f 08 58 02 00 00 a0 3b 0f 08 6f 02 00 00 34 3b 0f 08 9c 02 00 00
600	0xF4038	gUnk_080F3FD8	asm/data/data_080F1A80.s	d2 01 00 00 e0 40 0f 08 d9 01 00 00 ec 40 0f 08 58 02 00 00 f8 40 0f 08 5f 02 00 00 04 41 0f 08 8c 02 00 00
600	0xF4060	gUnk_080F3FD8	asm/data/data_080F1A80.s	00 00 00 00 c8 40 0f 08 a4 01 00 00 58 41 0f 08 58 02 00 00 c8 40 0f 08 00 00 00 00 c8 40 0f 08 3c 00 00 00
600	0xF40B0	gUnk_080F3FD8	asm/data/data_080F1A80.s	c5 01 00 00 4c 41 0f 08 e7 01 00 00 64 41 0f 08 58 02 00 00 70 41 0f 08 68 02 00 00 c8 40 0f 08 00 00 00 00
600	0xF4504	gUnk_080F43DC	asm/data/data_080F1A80.s	1f 01 00 00 74 47 0f 08 a4 01 00 00 5c 47 0f 08 58 02 00 00 74 47 0f 08 0c 03 00 00 5c 47 0f 08 c0 03 00 00
600	0xF4534	gUnk_080F43DC	asm/data/data_080F1A80.s	f0 00 00 00 74 47 0f 08 a4 01 00 00 5c 47 0f 08 58 02 00 00 74 47 0f 08 0c 03 00 00 5c 47 0f 08 c0 03 00 00
600	0xF458C	gUnk_080F43DC	asm/data/data_080F1A80.s	1f 01 00 00 74 47 0f 08 a4 01 00 00 5c 47 0f 08 58 02 00 00 74 47 0f 08 0c 03 00 00 5c 47 0f 08 c0 03 00 00
600	0xF45BC	gUnk_080F43DC	asm/data/data_080F1A80.s	f0 00 00 00 74 47 0f 08 a4 01 00 00 5c 47 0f 08 58 02 00 00 74 47 0f 08 0c 03 00 00 5c 47 0f 08 c0 03 00 00
600	0xF4A18	gUnk_080F49C0	asm/data/data_080F1A80.s	f0 00 00 00 f0 4a 0f 08 a4 01 00 00 fc 4a 0f 08 58 02 00 00 f0 4a 0f 08 0c 03 00 00 08 4b 0f 08 36 03 00 00
600	0xF4A80	gUnk_080F49C0	asm/data/data_080F1A80.s	46 01 00 00 f0 4a 0f 08 a4 01 00 00 fc 4a 0f 08 58 02 00 00 f0 4a 0f 08 0c 03 00 00 08 4b 0f 08 36 03 00 00
600	0xF4AC0	gUnk_080F49C0	asm/data/data_080F1A80.s	f0 00 00 00 f0 4a 0f 08 a4 01 00 00 fc 4a 0f 08 58 02 00 00 f0 4a 0f 08 0c 03 00 00 08 4b 0f 08 36 03 00 00
600	0xF4F8C	gUnk_080F4D74	asm/data/data_080F1A80.s	c5 01 00 00 40 52 0f 08 ce 01 00 00 4c 52 0f 08 58 02 00 00 58 52 0f 08 62 02 00 00 98 51 0f 08 7c 02 00 00
600	0xF4FD4	gUnk_080F4D74	asm/data/data_080F1A80.s	bf 01 00 00 10 52 0f 08 cf 01 00 00 1c 52 0f 08 58 02 00 00 28 52 0f 08 68 02 00 00 98 51 0f 08 82 02 00 00
600	0xF5634	gUnk_080F5540	asm/data/data_080F1A80.s	aa 01 00 00 1c 57 0f 08 c2 01 00 00 28 57 0f 08 58 02 00 00 34 57 0f 08 70 02 00 00 98 56 0f 08 c0 03 00 00
600	0xF566C	gUnk_080F5540	asm/data/data_080F1A80.s	a7 01 00 00 1c 57 0f 08 bf 01 00 00 28 57 0f 08 58 02 00 00 34 57 0f 08 70 02 00 00 98 56 0f 08 c0 03 00 00
600	0xF5EA4	gUnk_080F5D94	asm/data/data_080F1A80.s	a4 01 00 00 8c 60 0f 08 b4 01 00 00 98 60 0f 08 58 02 00 00 a4 60 0f 08 68 02 00 00 80 60 0f 08 0c 03 00 00
600	0xF5F04	gUnk_080F5D94	asm/data/data_080F1A80.s	a4 01 00 00 8c 60 0f 08 b4 01 00 00 98 60 0f 08 58 02 00 00 a4 60 0f 08 68 02 00 00 80 60 0f 08 0c 03 00 00
600	0xF6260	gUnk_080F61FC	asm/data/data_080F1A80.s	a4 01 00 00 bc 62 0f 08 c7 01 00 00 c8 62 0f 08 58 02 00 00 d4 62 0f 08 7b 02 00 00 b0 62 0f 08 00 00 00 00
600	0xF6738	gUnk_080F66C4	asm/data/data_080F1A80.s	d7 01 00 00 6c 68 0f 08 e0 01 00 00 78 68 0f 08 58 02 00 00 84 68 0f 08 61 02 00 00 90 68 0f 08 93 02 00 00
600	0xF67C8	gUnk_080F66C4	asm/data/data_080F1A80.s	e8 01 00 00 6c 68 0f 08 f1 01 00 00 78 68 0f 08 58 02 00 00 84 68 0f 08 61 02 00 00 90 68 0f 08 93 02 00 00
600	0xF6BC4	gUnk_080F6B4C	asm/data/data_080F1A80.s	be 01 00 00 5c 6c 0f 08 e0 01 00 00 68 6c 0f 08 58 02 00 00 74 6c 0f 08 7d 02 00 00 fc 6b 0f 08 0c 03 00 00
600	0xF6E84	gUnk_080F6DE8	asm/data/data_080F1A80.s	b9 00 00 00 34 6f 0f 08 a4 01 00 00 40 6f 0f 08 58 02 00 00 34 6f 0f 08 00 00 00 00 1c 6f 0f 08 b4 00 00 00
600	0xF6EB4	gUnk_080F6DE8	asm/data/data_080F1A80.s	a4 01 00 00 4c 6f 0f 08 a7 01 00 00 58 6f 0f 08 58 02 00 00 64 6f 0f 08 5b 02 00 00 34 6f 0f 08 00 00 00 00
600	0xF70C0	gUnk_080F6FF8	asm/data/data_080F1A80.s	c7 01 00 00 54 71 0f 08 d9 01 00 00 60 71 0f 08 58 02 00 00 6c 71 0f 08 6b 02 00 00 48 71 0f 08 8d 02 00 00
600	0xF7398	gUnk_080F7294	asm/data/data_080F1A80.s	b4 01 00 00 9c 75 0f 08 d1 01 00 00 a8 75 0f 08 58 02 00 00 b4 75 0f 08 85 02 00 00 30 75 0f 08 00 00 00 00
600	0xF7430	gUnk_080F7294	asm/data/data_080F1A80.s	b4 01 00 00 9c 75 0f 08 d1 01 00 00 a8 75 0f 08 58 02 00 00 b4 75 0f 08 85 02 00 00 30 75 0f 08 00 00 00 00
600	0xF7478	gUnk_080F7294	asm/data/data_080F1A80.s	b4 01 00 00 9c 75 0f 08 d1 01 00 00 a8 75 0f 08 58 02 00 00 2c 76 0f 08 61 02 00 00 fc 75 0f 08 c0 03 00 00
600	0xF78D8	gUnk_080F77FC	asm/data/data_080F1A80.s	b7 01 00 00 94 79 0f 08 e5 01 00 00 a0 79 0f 08 58 02 00 00 ac 79 0f 08 87 02 00 00 dc 79 0f 08 97 02 00 00
600	0xF7C78	gUnk_080F7B40	asm/data/data_080F1A80.s	aa 01 00 00 b8 7d 0f 08 b5 01 00 00 c4 7d 0f 08 58 02 00 00 d0 7d 0f 08 63 02 00 00 70 7d 0f 08 00 00 00 00
600	0xF7D08	gUnk_080F7B40	asm/data/data_080F1A80.s	c6 01 00 00 24 7e 0f 08 cd 01 00 00 30 7e 0f 08 58 02 00 00 3c 7e 0f 08 60 02 00 00 ac 7d 0f 08 81 02 00 00
600	0xF8254	gUnk_080F81BC	asm/data/data_080F1A80.s	c6 01 00 00 9c 83 0f 08 da 01 00 00 a8 83 0f 08 58 02 00 00 b4 83 0f 08 6d 02 00 00 c0 83 0f 08 8f 02 00 00
600	0xF82AC	gUnk_080F81BC	asm/data/data_080F1A80.s	a4 01 00 00 6c 83 0f 08 a7 01 00 00 78 83 0f 08 58 02 00 00 84 83 0f 08 5b 02 00 00 54 83 0f 08 0c 03 00 00
600	0xF8304	gUnk_080F81BC	asm/data/data_080F1A80.s	bd 01 00 00 d8 83 0f 08 d6 01 00 00 e4 83 0f 08 58 02 00 00 f0 83 0f 08 72 02 00 00 fc 83 0f 08 8b 02 00 00
600	0xF8710	gUnk_080F8678	asm/data/data_080F1A80.s	da 01 00 00 cc 87 0f 08 ea 01 00 00 d8 87 0f 08 58 02 00 00 e4 87 0f 08 69 02 00 00 f0 87 0f 08 8b 02 00 00
600	0xF8768	gUnk_080F8678	asm/data/data_080F1A80.s	da 01 00 00 fc 87 0f 08 f3 01 00 00 78 87 0f 08 58 02 00 00 84 87 0f 08 00 00 00 00 78 87 0f 08 00 00 00 00
600	0xFE4C8	gUnk_080FE484	asm/data/data_080F9EB8.s	f4 01 00 00 43 00 00 00 2c 01 00 00 44 00 00 00 58 02 00 00 45 00 00 00 90 01 00 00 59 6f 75 20 63 61 6e 27
600	0xFE908	gUnk_080FE8FC	asm/data/data_080F9EB8.s	63 00 00 00 40 00 00 00 f4 01 00 00 41 00 00 00 58 02 00 00 42 00 00 00 bc 02 00 00 43 00 00 00 20 03 00 00
600	0x105994	gUnk_08105708	asm/data/data_080F9EB8.s	e0 01 04 00 fe 01 03 00 1c 02 02 00 3a 02 01 00 58 02 00 00 ff ff 00 00 d0 02 1e 00 48 03 1d 00 84 03 1c 00
601	0xF30B0	gUnk_080F3010	asm/data/data_080F1A80.s	a4 01 00 00 74 31 0f 08 bf 01 00 00 80 31 0f 08 59 02 00 00 8c 31 0f 08 74 02 00 00 2c 31 0f 08 c0 03 00 00
601	0xF3100	gUnk_080F3010	asm/data/data_080F1A80.s	a4 01 00 00 74 31 0f 08 bf 01 00 00 80 31 0f 08 59 02 00 00 8c 31 0f 08 74 02 00 00 2c 31 0f 08 c0 03 00 00
603	0xF34B0	gUnk_080F3408	asm/data/data_080F1A80.s	a7 01 00 00 1c 35 0f 08 c4 01 00 00 28 35 0f 08 5b 02 00 00 34 35 0f 08 78 02 00 00 c8 34 0f 08 00 00 00 00
603	0xF4EDC	gUnk_080F4D74	asm/data/data_080F1A80.s	a4 01 00 00 a4 51 0f 08 bc 01 00 00 b0 51 0f 08 5b 02 00 00 bc 51 0f 08 73 02 00 00 38 51 0f 08 c0 03 00 00
603	0xF4F14	gUnk_080F4D74	asm/data/data_080F1A80.s	a4 01 00 00 a4 51 0f 08 bc 01 00 00 b0 51 0f 08 5b 02 00 00 bc 51 0f 08 73 02 00 00 38 51 0f 08 c0 03 00 00
603	0xF643C	gUnk_080F6370	asm/data/data_080F1A80.s	a4 01 00 00 58 65 0f 08 b8 01 00 00 64 65 0f 08 5b 02 00 00 70 65 0f 08 6f 02 00 00 04 65 0f 08 c0 03 00 00
603	0xF6778	gUnk_080F66C4	asm/data/data_080F1A80.s	a7 01 00 00 9c 68 0f 08 d4 01 00 00 a8 68 0f 08 5b 02 00 00 b4 68 0f 08 89 02 00 00 20 69 0f 08 c0 03 00 00
603	0xF6EBC	gUnk_080F6DE8	asm/data/data_080F1A80.s	a7 01 00 00 58 6f 0f 08 58 02 00 00 64 6f 0f 08 5b 02 00 00 34 6f 0f 08 00 00 00 00 34 6f 0f 08 00 00 00 00
603	0xF7500	gUnk_080F7294	asm/data/data_080F1A80.s	c1 01 00 00 20 76 0f 08 d1 01 00 00 6c 75 0f 08 5b 02 00 00 78 75 0f 08 6b 02 00 00 90 75 0f 08 85 02 00 00
603	0xF82B4	gUnk_080F81BC	asm/data/data_080F1A80.s	a7 01 00 00 78 83 0f 08 58 02 00 00 84 83 0f 08 5b 02 00 00 54 83 0f 08 0c 03 00 00 60 83 0f 08 00 00 00 00
605	0xF2B5C	gUnk_080F2AF8	asm/data/data_080F1A80.s	b4 00 00 00 00 2c 0f 08 e0 00 00 00 0c 2c 0f 08 5d 02 00 00 18 2c 0f 08 86 02 00 00 f4 2b 0f 08 00 00 00 00
605	0xF5AC8	gUnk_080F59CC	asm/data/data_080F1A80.s	a4 01 00 00 00 5c 0f 08 cc 01 00 00 0c 5c 0f 08 5d 02 00 00 18 5c 0f 08 82 02 00 00 88 5b 0f 08 00 00 00 00
607	0x35B2C	func_08035AFC	fomt.map	20 1c 04 b0 10 bc 02 bc 08 47 00 00 0c 28 0f 08 5f 02 00 00 e2 03 00 00 98 71 0e 08 10 b5 84 b0 04 1c 8c 20
607	0xF1B10		asm/data/data_080F1A80.s	ae 01 00 00 04 1d 0f 08 58 02 00 00 10 1d 0f 08 5f 02 00 00 2c 1c 0f 08 0c 03 00 00 68 1c 0f 08 3b 03 00 00
607	0xF4040	gUnk_080F3FD8	asm/data/data_080F1A80.s	d9 01 00 00 ec 40 0f 08 58 02 00 00 f8 40 0f 08 5f 02 00 00 04 41 0f 08 8c 02 00 00 c8 40 0f 08 00 00 00 00
608	0xF2174	gUnk_080F1FC0	asm/data/data_080F1A80.s	ce 01 00 00 a4 24 0f 08 58 02 00 00 b0 24 0f 08 60 02 00 00 bc 24 0f 08 8f 02 00 00 14 24 0f 08 0c 03 00 00
608	0xF5A78	gUnk_080F59CC	asm/data/data_080F1A80.s	e3 01 00 00 d0 5b 0f 08 e9 01 00 00 dc 5b 0f 08 60 02 00 00 e8 5b 0f 08 66 02 00 00 f4 5b 0f 08 9c 02 00 00
608	0xF5B08	gUnk_080F59CC	asm/data/data_080F1A80.s	e0 01 00 00 d0 5b 0f 08 e6 01 00 00 dc 5b 0f 08 60 02 00 00 e8 5b 0f 08 66 02 00 00 f4 5b 0f 08 9c 02 00 00
608	0xF64D4	gUnk_080F6370	asm/data/data_080F1A80.s	a4 01 00 00 58 65 0f 08 b8 01 00 00 64 65 0f 08 60 02 00 00 7c 65 0f 08 8c 02 00 00 88 65 0f 08 12 03 00 00
608	0xF7D10	gUnk_080F7B40	asm/data/data_080F1A80.s	cd 01 00 00 30 7e 0f 08 58 02 00 00 3c 7e 0f 08 60 02 00 00 ac 7d 0f 08 81 02 00 00 70 7d 0f 08 00 00 00 00
608	0xF7DA8	gUnk_080F7B40	asm/data/data_080F1A80.s	02 00 80 01 60 02 00 10 60 7f 0f 08 10 00 80 01 60 02 00 00 e0 7f 0f 08 08 00 00 00 c0 01 03 00 20 80 0f 08
609	0xF6740	gUnk_080F66C4	asm/data/data_080F1A80.s	e0 01 00 00 78 68 0f 08 58 02 00 00 84 68 0f 08 61 02 00 00 90 68 0f 08 93 02 00 00 20 69 0f 08 c0 03 00 00
609	0xF67D0	gUnk_080F66C4	asm/data/data_080F1A80.s	f1 01 00 00 78 68 0f 08 58 02 00 00 84 68 0f 08 61 02 00 00 90 68 0f 08 93 02 00 00 20 69 0f 08 c0 03 00 00
609	0xF7480	gUnk_080F7294	asm/data/data_080F1A80.s	d1 01 00 00 a8 75 0f 08 58 02 00 00 2c 76 0f 08 61 02 00 00 fc 75 0f 08 c0 03 00 00 08 76 0f 08 00 00 00 00
612	0xF55BC	gUnk_080F5540	asm/data/data_080F1A80.s	ef 01 00 00 bc 56 0f 08 5a 02 00 00 c8 56 0f 08 64 02 00 00 d4 56 0f 08 a4 02 00 00 98 56 0f 08 c0 03 00 00
612	0x11E96C	gUnk_08117BC8	asm/data/data_080F9EB8.s	04 04 04 04 04 04 04 04 04 04 04 04 00 00 00 00 64 02 00 00 01 00 00 00 01 00 22 01 01 00 24 01 01 00 26 01
615	0x36E64	func_08036E2C	fomt.map	20 1c 04 b0 10 bc 02 bc 08 47 00 00 c0 29 0f 08 67 02 00 00 e3 03 00 00 18 69 0e 08 f0 b5 04 1c 60 6b 0a 49
615	0x36EA4	func_08036E70	fomt.map	25 fe 00 06 00 28 19 d0 0c 25 17 e0 d4 1c 00 00 67 02 00 00 6f 02 00 00 20 1c fe f7 17 fe 00 06 00 28 03 d0
615	0xF3810	gUnk_080F35E4	asm/data/data_080F1A80.s	e0 01 00 00 70 3b 0f 08 58 02 00 00 7c 3b 0f 08 67 02 00 00 34 3b 0f 08 94 02 00 00 c8 3a 0f 08 0c 03 00 00
618	0xF1BE0		asm/data/data_080F1A80.s	b6 01 00 00 e0 1c 0f 08 58 02 00 00 ec 1c 0f 08 6a 02 00 00 2c 1c 0f 08 0c 03 00 00 68 1c 0f 08 3b 03 00 00
621	0xF825C	gUnk_080F81BC	asm/data/data_080F1A80.s	da 01 00 00 a8 83 0f 08 58 02 00 00 b4 83 0f 08 6d 02 00 00 c0 83 0f 08 8f 02 00 00 54 83 0f 08 0c 03 00 00
624	0xF563C	gUnk_080F5540	asm/data/data_080F1A80.s	c2 01 00 00 28 57 0f 08 58 02 00 00 34 57 0f 08 70 02 00 00 98 56 0f 08 c0 03 00 00 8c 56 0f 08 00 00 00 00
624	0xF5674	gUnk_080F5540	asm/data/data_080F1A80.s	bf 01 00 00 28 57 0f 08 58 02 00 00 34 57 0f 08 70 02 00 00 98 56 0f 08 c0 03 00 00 8c 56 0f 08 00 00 00 00
627	0x36EEC	func_08036E70	fomt.map	fe f7 30 fd f0 bc 01 bc 00 47 00 00 6b 02 00 00 73 02 00 00 30 b5 05 1c 0c 1c fe f7 03 f8 01 2c 02 dd 28 1c
627	0xF4EE4	gUnk_080F4D74	asm/data/data_080F1A80.s	bc 01 00 00 b0 51 0f 08 5b 02 00 00 bc 51 0f 08 73 02 00 00 38 51 0f 08 c0 03 00 00 2c 51 0f 08 00 00 00 00
627	0xF4F1C	gUnk_080F4D74	asm/data/data_080F1A80.s	bc 01 00 00 b0 51 0f 08 5b 02 00 00 bc 51 0f 08 73 02 00 00 38 51 0f 08 c0 03 00 00 2c 51 0f 08 00 00 00 00
630	0xF2E20	gUnk_080F2DC0	asm/data/data_080F1A80.s	1e 01 00 00 a4 2e 0f 08 34 01 00 00 68 2e 0f 08 76 02 00 00 74 2e 0f 08 8c 02 00 00 b0 2e 0f 08 97 02 00 00
636	0xF4F9C	gUnk_080F4D74	asm/data/data_080F1A80.s	58 02 00 00 58 52 0f 08 62 02 00 00 98 51 0f 08 7c 02 00 00 38 51 0f 08 c0 03 00 00 2c 51 0f 08 00 00 00 00
639	0x6324	func_080061A0	fomt.map	88 88 88 88 00 00 01 06 e0 00 01 06 90 02 00 05 7f 02 00 00 16 46 00 00 00 fe ff ff 0a 46 00 00 0e 4a 81 18
639	0x367A8	func_08036768	fomt.map	30 bc 01 bc 00 47 00 00 7b 02 00 00 81 21 00 00 7f 02 00 00 30 b5 05 1c 0c 1c fe f7 a5 fb 01 2c 02 dd 28 1c
639	0x391F0	func_080391C0	fomt.map	40 00 82 42 06 dc 01 20 05 e0 00 00 43 01 00 00 7f 02 00 00 00 20 02 bc 08 47 00 00 70 47 00 00 00 20 70 47
639	0x6E55C	func_0806E43C	fomt.map	00 47 00 00 78 9f 0f 08 00 02 00 05 0e 02 00 05 7f 02 00 00 ff 03 00 00 00 fc ff ff 00 00 01 06 77 77 77 77
639	0xF5B50	gUnk_080F59CC	asm/data/data_080F1A80.s	cc 01 00 00 0c 5c 0f 08 5a 02 00 00 18 5c 0f 08 7f 02 00 00 88 5b 0f 08 00 00 00 00 88 5b 0f 08 00 00 00 00
639	0xF74C8	gUnk_080F7294	asm/data/data_080F1A80.s	5a 02 00 00 e4 75 0f 08 65 02 00 00 90 75 0f 08 7f 02 00 00 fc 75 0f 08 c0 03 00 00 08 76 0f 08 00 00 00 00
642	0xF4FE4	gUnk_080F4D74	asm/data/data_080F1A80.s	58 02 00 00 28 52 0f 08 68 02 00 00 98 51 0f 08 82 02 00 00 38 51 0f 08 c0 03 00 00 2c 51 0f 08 00 00 00 00
642	0xF5AD0	gUnk_080F59CC	asm/data/data_080F1A80.s	cc 01 00 00 0c 5c 0f 08 5d 02 00 00 18 5c 0f 08 82 02 00 00 88 5b 0f 08 00 00 00 00 88 5b 0f 08 f0 00 00 00
645	0xF73A0	gUnk_080F7294	asm/data/data_080F1A80.s	d1 01 00 00 a8 75 0f 08 58 02 00 00 b4 75 0f 08 85 02 00 00 30 75 0f 08 00 00 00 00 30 75 0f 08 3f 00 00 00
645	0xF7438	gUnk_080F7294	asm/data/data_080F1A80.s	d1 01 00 00 a8 75 0f 08 58 02 00 00 b4 75 0f 08 85 02 00 00 30 75 0f 08 00 00 00 00 fc 75 0f 08 3c 00 00 00
645	0xF7510	gUnk_080F7294	asm/data/data_080F1A80.s	5b 02 00 00 78 75 0f 08 6b 02 00 00 90 75 0f 08 85 02 00 00 fc 75 0f 08 c0 03 00 00 08 76 0f 08 00 00 00 00
651	0xF8314	gUnk_080F81BC	asm/data/data_080F1A80.s	58 02 00 00 f0 83 0f 08 72 02 00 00 fc 83 0f 08 8b 02 00 00 54 83 0f 08 0c 03 00 00 60 83 0f 08 00 00 00 00
651	0xF8720	gUnk_080F8678	asm/data/data_080F1A80.s	58 02 00 00 e4 87 0f 08 69 02 00 00 f0 87 0f 08 8b 02 00 00 78 87 0f 08 0c 03 00 00 84 87 0f 08 00 00 00 00
655	0xF217C	gUnk_080F1FC0	asm/data/data_080F1A80.s	58 02 00 00 b0 24 0f 08 60 02 00 00 bc 24 0f 08 8f 02 00 00 14 24 0f 08 0c 03 00 00 5c 24 0f 08 00 00 00 00
655	0xF2BCC	gUnk_080F2AF8	asm/data/data_080F1A80.s	a4 01 00 00 60 2c 0f 08 63 02 00 00 00 2c 0f 08 8f 02 00 00 0c 2c 0f 08 0c 03 00 00 6c 2c 0f 08 38 03 00 00
655	0xF8264	gUnk_080F81BC	asm/data/data_080F1A80.s	58 02 00 00 b4 83 0f 08 6d 02 00 00 c0 83 0f 08 8f 02 00 00 54 83 0f 08 0c 03 00 00 60 83 0f 08 00 00 00 00
658	0xF6820	gUnk_080F66C4	asm/data/data_080F1A80.s	d1 01 00 00 f0 68 0f 08 66 02 00 00 fc 68 0f 08 92 02 00 00 08 69 0f 08 0f 03 00 00 14 69 0f 08 4b 03 00 00
659	0xF6748	gUnk_080F66C4	asm/data/data_080F1A80.s	58 02 00 00 84 68 0f 08 61 02 00 00 90 68 0f 08 93 02 00 00 20 69 0f 08 c0 03 00 00 48 68 0f 08 00 00 00 00
659	0xF67D8	gUnk_080F66C4	asm/data/data_080F1A80.s	58 02 00 00 84 68 0f 08 61 02 00 00 90 68 0f 08 93 02 00 00 20 69 0f 08 c0 03 00 00 48 68 0f 08 00 00 00 00
660	0xF3818	gUnk_080F35E4	asm/data/data_080F1A80.s	58 02 00 00 7c 3b 0f 08 67 02 00 00 34 3b 0f 08 94 02 00 00 c8 3a 0f 08 0c 03 00 00 4c 3b 0f 08 29 03 00 00
660	0xF4364	gUnk_080F42F0	asm/data/data_080F1A80.s	00 00 00 00 74 43 0f 08 00 00 00 00 98 43 0f 08 94 02 00 00 a4 43 0f 08 9f 02 00 00 74 43 0f 08 b0 43 0f 08
660	0xF45E4	gUnk_080F43DC	asm/data/data_080F1A80.s	00 00 00 00 68 47 0f 08 f0 00 00 00 5c 47 0f 08 94 02 00 00 68 47 0f 08 00 00 00 00 68 47 0f 08 00 00 00 00
660	0xF63EC	gUnk_080F6370	asm/data/data_080F1A80.s	e0 01 00 00 28 65 0f 08 e5 01 00 00 34 65 0f 08 94 02 00 00 4c 65 0f 08 9d 02 00 00 04 65 0f 08 0c 03 00 00
660	0xF6484	gUnk_080F6370	asm/data/data_080F1A80.s	1c 02 00 00 28 65 0f 08 21 02 00 00 34 65 0f 08 94 02 00 00 4c 65 0f 08 9d 02 00 00 04 65 0f 08 0c 03 00 00
660	0xF7078	gUnk_080F6FF8	asm/data/data_080F1A80.s	a4 01 00 00 30 71 0f 08 a9 01 00 00 0c 71 0f 08 94 02 00 00 18 71 0f 08 99 02 00 00 24 71 0f 08 0c 03 00 00
660	0x1057C0	gUnk_08105708	asm/data/data_080F9EB8.s	1c 02 04 00 3a 02 03 00 58 02 02 00 76 02 01 00 94 02 00 00 ff ff 00 00 d0 02 1e 00 0c 03 1d 00 48 03 1c 00
660	0x105B94	gUnk_08105708	asm/data/data_080F9EB8.s	1c 02 04 00 3a 02 03 00 58 02 02 00 76 02 01 00 94 02 00 00 ff ff 00 00 d0 02 1e 00 0c 03 1d 00 48 03 1c 00
663	0xF2E30	gUnk_080F2DC0	asm/data/data_080F1A80.s	76 02 00 00 74 2e 0f 08 8c 02 00 00 b0 2e 0f 08 97 02 00 00 bc 2e 0f 08 d0 02 00 00 c8 2e 0f 08 db 02 00 00
663	0xF78E8	gUnk_080F77FC	asm/data/data_080F1A80.s	58 02 00 00 ac 79 0f 08 87 02 00 00 dc 79 0f 08 97 02 00 00 7c 79 0f 08 0c 03 00 00 88 79 0f 08 1c 03 00 00
664	0x11EE6C	gUnk_08117BC8	asm/data/data_080F9EB8.s	00 00 00 00 00 00 00 00 00 00 00 00 00 00 00 00 98 02 00 00 b0 02 00 00 02 00 00 00 01 00 00 00 01 00 34 01
667	0xF21FC	gUnk_080F1FC0	asm/data/data_080F1A80.s	58 02 00 00 e0 24 0f 08 6c 02 00 00 bc 24 0f 08 9b 02 00 00 14 24 0f 08 0c 03 00 00 5c 24 0f 08 00 00 00 00
667	0xF2B9C	gUnk_080F2AF8	asm/data/data_080F1A80.s	ab 01 00 00 48 2c 0f 08 58 02 00 00 54 2c 0f 08 9b 02 00 00 0c 2c 0f 08 0f 03 00 00 18 2c 0f 08 38 03 00 00
667	0x266854	gUnk_080FFFFC	fomt.map	00 00 00 00 00 00 00 00 00 00 00 40 00 b4 1b 01 9b 02 00 00 5d 09 00 00 00 00 00 00 00 00 00 00 00 00 00 02
676	0xF55C4	gUnk_080F5540	asm/data/data_080F1A80.s	5a 02 00 00 c8 56 0f 08 64 02 00 00 d4 56 0f 08 a4 02 00 00 98 56 0f 08 c0 03 00 00 8c 56 0f 08 00 00 00 00
681	0xDDC08	func_080DD9CC	fomt.map	00 28 09 da 29 1c 44 31 01 20 08 70 04 e0 00 00 a9 02 00 00 00 20 30 70 f0 bc 01 bc 00 47 00 00 00 b5 5c f7
687	0x32924	func_08032900	fomt.map	60 38 82 42 06 dc 01 20 07 e0 00 00 f0 fe ff ff af 02 00 00 02 20 00 e0 00 20 02 bc 08 47 00 00 30 b5 81 b0
687	0x386B0	func_080385B0	fomt.map	23 1c 04 4c 9b f0 3a f9 07 e0 00 00 f0 fe ff ff af 02 00 00 dc 04 00 03 00 20 00 28 27 d0 30 1c 3c 30 01 78
687	0xF2890	gUnk_080F280C	asm/data/data_080F1A80.s	58 02 00 00 dc 28 0f 08 80 02 00 00 e8 28 0f 08 af 02 00 00 a0 28 0f 08 00 00 00 00 a0 28 0f 08 00 00 00 00
688	0x11EE70	gUnk_08117BC8	asm/data/data_080F9EB8.s	00 00 00 00 00 00 00 00 00 00 00 00 98 02 00 00 b0 02 00 00 02 00 00 00 01 00 00 00 01 00 34 01 01 00 36 01
689	0x252F0	func_08025294	fomt.map	3e da 01 2f 19 d0 01 2f 08 dc 00 2f 0b d0 37 e0 b1 02 00 00 3f fc ff ff bf fd ff ff 02 2f 17 d0 03 2f 1a d0
690	0xCDC	func_08000914	fomt.map	a0 6a 00 00 c0 6a 00 00 42 03 00 00 e0 6a 00 00 b2 02 00 00 20 6b 00 00 24 09 00 00 40 6b 00 00 60 6b 00 00
690	0x227C	func_080019D8	fomt.map	08 10 00 00 90 6c 00 00 f8 6a 00 00 fc 6a 00 00 b2 02 00 00 0c 10 00 00 a0 6c 00 00 18 6b 00 00 1c 6b 00 00
690	0x105D90	gUnk_08105708	asm/data/data_080F9EB8.s	4e 02 04 00 58 02 03 00 76 02 02 00 94 02 01 00 b2 02 00 00 ff ff 00 00 d0 02 1e 00 ee 02 1d 00 0c 03 1c 00
694	0x1788	sub_080010BE	fomt.map	8a 46 40 46 01 28 07 d0 02 28 15 d0 20 e0 00 00 b6 02 00 00 18 6b 00 00 05 4b fa 18 11 68 05 48 81 42 09 dc
694	0x2F2D8	func_0802F0EC	fomt.map	02 22 a4 f0 25 fb 2c 70 70 69 c1 6e 02 f0 e7 fd b6 02 00 00 00 20 28 70 00 2c 10 d0 20 89 01 21 08 40 00 28
694	0x31AF8	sub_08031A5E	fomt.map	03 4a 0a 60 4c 60 1b 68 02 22 a1 f0 11 ff 0a e2 b6 02 00 00 00 21 53 46 98 8c 00 28 00 d1 01 21 00 29 23 d0
712	0x121F48	gUnk_08117BC8	asm/data/data_080F9EB8.s	00 00 00 00 bc 02 00 00 c0 02 00 00 c4 02 00 00 c8 02 00 00 01 00 00 00 01 00 5c 01 01 00 66 01 01 00 dc 03
721	0xF6F04	gUnk_080F6DE8	asm/data/data_080F1A80.s	00 00 00 00 34 6f 0f 08 d0 02 00 00 70 6f 0f 08 d1 02 00 00 7c 6f 0f 08 1a 04 00 00 88 6f 0f 08 1b 04 00 00
731	0xF2E40	gUnk_080F2DC0	asm/data/data_080F1A80.s	97 02 00 00 bc 2e 0f 08 d0 02 00 00 c8 2e 0f 08 db 02 00 00 d4 2e 0f 08 12 03 00 00 e0 2e 0f 08 41 03 00 00
750	0x354AC	func_08035380	fomt.map	0f d0 00 24 24 94 00 2b 04 d0 0c 70 04 e0 00 00 ee 02 00 00 50 1e 08 70 08 78 00 28 01 d1 01 21 1e 91 00 2b
750	0x35A1C	func_08035978	fomt.map	20 1c 40 30 01 88 02 48 81 42 0e db 0c e0 00 00 ee 02 00 00 00 22 43 46 18 78 01 30 36 88 b0 42 03 da 3f 89
753	0x3C798	func_0803C5B0	fomt.map	02 bc 08 47 44 b4 75 08 a0 78 66 08 d0 77 0e 08 f1 02 00 00 40 a4 75 08 30 b5 04 1c 0d 1c 20 68 00 28 02 d0
753	0x3CBEC	func_0803C7C8	fomt.map	ff 01 00 00 ff ff 00 fe 00 fc ff ff ff 0f ff ff f1 02 00 00 f2 02 00 00 02 69 23 98 19 1c 96 f0 8b fe bf 20
753	0x3D438	func_0803D404	fomt.map	cd 23 9b 00 d1 18 08 70 10 bc 01 bc 00 47 00 00 f1 02 00 00 f2 02 00 00 00 b5 01 68 06 48 0a 18 10 78 00 28
753	0x3D460	func_0803D440	fomt.map	10 70 cd 20 80 00 09 18 01 20 08 70 01 bc 00 47 f1 02 00 00 00 b5 08 30 ff f7 ea ff 01 bc 00 47 00 b5 08 30
753	0x1979D8	gUnk_080FFFFC	fomt.map	09 f8 ea ff fc ef fc 01 ed e6 00 0b fe fa ef db f1 02 00 00 00 fa 00 04 00 00 00 00 00 00 00 01 fd ef fd f9
763	0x199C10	gUnk_080FFFFC	fomt.map	f1 de dc f7 01 00 04 0d f9 f9 03 00 00 00 02 fb fb 02 00 00 f8 f7 fb ff 02 fd f0 fa 01 05 01 f2 f7 02 00 eb
763	0x1CA370	gUnk_080FFFFC	fomt.map	fd ff f8 f8 fe fd fe 00 01 fc ff 02 02 01 00 fe fb 02 00 00 00 ff 00 0f 02 00 03 01 fb fd ff ff 00 03 04 00
763	0x279AB4	gUnk_080FFFFC	fomt.map	02 fe 02 00 ff 02 ff 00 00 00 00 03 fc 07 f7 08 fb 02 00 00 01 01 ff 01 00 00 02 ff 00 00 01 00 00 00 ff 00
763	0x27DBBC	gUnk_080FFFFC	fomt.map	00 fe 04 ff 00 01 00 00 02 ff 01 ff 01 00 fa 09 fb 02 00 00 ff 01 01 00 01 00 01 ff 01 ff 00 00 ff 01 fd 03
763	0x282B74	gUnk_080FFFFC	fomt.map	ff 01 00 ff 04 fa 06 03 f4 11 f7 fd 0d f7 01 05 fb 02 00 00 00 01 01 fd 03 ff 00 00 00 03 fd 05 fc 05 fc 03
763	0x283418	gUnk_080FFFFC	fomt.map	03 ff 01 ff 04 fe 01 00 ff 02 00 fb 08 fc fd 08 fb 02 00 00 ff 03 00 fd 08 f5 09 fe fd 02 01 fd 05 f4 1c e3
764	0x190D08	gUnk_080FFFFC	fomt.map	fe 00 00 00 02 04 01 00 00 fc ff 00 00 fb fd fd fc 02 00 00 00 00 01 00 00 00 00 00 00 fd fc 02 02 00 00 00
764	0x279E14	gUnk_080FFFFC	fomt.map	01 00 ff 00 04 f8 0c f8 03 01 fd 02 00 01 fd 05 fc 02 00 00 00 00 00 00 01 00 ff 04 fb 04 ff 00 00 02 fe 02
764	0x27B98C	gUnk_080FFFFC	fomt.map	fa 06 00 fd 04 00 fd 01 00 00 00 01 00 00 00 03 fc 02 00 00 00 02 ff 01 ff 02 fc 02 04 fa 01 06 fd ff 07 fe
764	0x27D7BC	gUnk_080FFFFC	fomt.map	00 00 03 fe 03 ff 00 00 00 00 fe 05 fe 00 00 02 fc 02 00 00 00 00 00 00 00 00 ff 02 ff 00 00 00 01 00 fb 04
764	0x27DBD4	gUnk_080FFFFC	fomt.map	01 00 01 ff 01 ff 00 00 ff 01 fd 03 00 02 fb 07 fc 02 00 00 00 00 00 ff 03 00 00 00 01 00 00 01 00 00 02 ff
764	0x27F538	gUnk_080FFFFC	fomt.map	00 ff 02 ff 03 fd ff 03 fd 02 00 00 00 02 fd 05 fc 02 00 00 00 01 ff 01 00 00 00 00 00 01 00 00 02 00 00 01
764	0x280F74	gUnk_080FFFFC	fomt.map	ff 00 02 ff ff 06 f7 08 fd 00 04 fb 06 fb 02 03 fc 02 00 00 fe 06 f7 0d f5 02 0a ed 16 ed 0c f8 04 fe 03 f5
764	0x282168	gUnk_080FFFFC	fomt.map	f6 07 fd 00 00 04 fb 02 02 f8 0a f9 01 05 f9 08 fc 02 00 00 06 f6 0d f8 00 04 fc 04 fc 03 00 00 f5 26 c8 33
764	0x28F03C	gUnk_080FFFFC	fomt.map	fe 00 00 00 08 fe fe fe 00 00 02 ff fb fe 00 fa fc 02 00 00 fe ff 00 00 01 ff 04 05 01 00 00 02 01 01 00 fe
767	0xC9530	func_080C9020	fomt.map	63 18 1a 78 00 2a 07 d0 02 4a a0 18 5c e0 00 00 ff 02 00 00 a1 06 00 00 0b 49 60 18 02 70 0b 48 23 18 19 78
767	0x1B3134	gUnk_080FFFFC	fomt.map	00 00 00 00 00 00 00 00 00 00 00 00 ff 00 03 02 ff 02 00 00 00 00 ff fe 00 00 02 00 00 02 04 00 00 00 08 03
767	0x1B3324	gUnk_080FFFFC	fomt.map	00 00 00 00 f9 fc 01 00 00 fe ff 03 04 00 fd f9 ff 02 00 00 00 00 02 00 00 ff 00 00 0a 05 02 00 06 09 ff 00
767	0x1B4900	gUnk_080FFFFC	fomt.map	00 fe ec ee fd fa f4 f0 00 01 05 08 04 00 00 f7 ff 02 00 00 00 fe fe 05 04 04 00 02 03 00 fc f4 fd fd fc 02
767	0x1B4B50	gUnk_080FFFFC	fomt.map	00 fb f9 fc f8 e3 f7 fa f7 01 02 0e 05 fd 00 fb ff 02 00 00 00 00 00 00 fb 0a 0b 08 05 0d 11 0b 06 0a 0b 01
767	0x1CA198	gUnk_080FFFFC	fomt.map	0f 08 02 00 ff 05 0e 0b 0c 01 fe f4 e8 f7 f0 f3 ff 02 00 00 06 02 fc f9 f8 ff f8 f0 ec fd f8 fc fc 00 fd 08
767	0x1D503C	gUnk_080FFFFC	fomt.map	fe ed fd fc f7 00 fe 03 ff ff ff 02 05 ff 11 00 ff 02 00 00 fd 03 03 0e 0c 09 05 10 0a 09 fe 01 03 f9 fc fd
767	0x1DD72C	gUnk_080FFFFC	fomt.map	fd 00 00 ff 01 01 fc 02 fe 00 00 fd fb fe fc 03 ff 02 00 00 fe ff ff fc 00 fe fd ff ff 02 01 01 03 02 02 02
767	0x1FE618	gUnk_080FFFFC	fomt.map	08 07 1a 0c f5 ed 11 f4 fc 09 ff 01 00 f5 f5 08 ff 02 00 00 00 fb ed 00 00 02 04 fc 01 eb 0b 0f 00 05 00 05
767	0x21B178	gUnk_080FFFFC	fomt.map	04 02 02 00 ff 00 00 04 ff 08 ff 04 fd 02 00 01 ff 02 00 00 fd 06 00 03 fe 02 ff ff 00 fe 03 fd 02 00 00 fa
767	0x23BD14	gUnk_080FFFFC	fomt.map	00 02 fe fe 00 00 01 01 01 04 03 04 01 fe 00 ff ff 02 00 00 00 fc fd fd fc ff 02 02 01 03 03 01 03 01 01 03
767	0x2515CC	gUnk_080FFFFC	fomt.map	e5 ec f4 ff 08 10 13 13 15 15 10 00 f0 e3 de eb ff 02 00 00 04 08 0d 09 12 16 08 fb ee eb e6 ea f5 fe 06 06
767	0x252270	gUnk_080FFFFC	fomt.map	fe fe fb 00 04 03 ff fe 00 00 09 06 00 fc f6 f8 ff 02 00 00 06 05 00 ff fe 00 00 00 f7 ef f3 fe 00 fe 02 0b
767	0x2799E4	gUnk_080FFFFC	fomt.map	01 00 00 01 ff 01 ff 00 00 02 ff 00 00 ff 00 00 ff 02 00 00 01 fe 03 fc 03 00 fe 04 fd 03 ff 01 ff 02 fd 04
767	0x27A07C	gUnk_080FFFFC	fomt.map	00 00 00 00 00 fc 09 f6 07 ff 00 00 01 ff 00 01 ff 02 00 00 00 00 00 00 01 00 00 01 fe 04 fc 01 ff 03 fa 08
767	0x27B808	gUnk_080FFFFC	fomt.map	03 fa 01 03 fe 00 04 fe 00 00 00 00 01 ff 02 00 ff 02 00 00 03 fe 03 fd 01 06 f6 04 01 fe fe 04 fd 00 00 00
767	0x27BCD8	gUnk_080FFFFC	fomt.map	02 00 00 00 02 00 fd 08 fc 00 02 ff 00 00 00 00 ff 02 00 00 01 00 00 00 00 00 00 00 00 00 00 ff 00 fd 05 00
767	0x27C3A4	gUnk_080FFFFC	fomt.map	07 00 fb 08 00 fc 03 00 00 00 00 01 ff 00 00 00 ff 02 00 00 00 02 ff 01 00 00 00 03 fa 03 ff 01 00 02 00 fe
767	0x27D4E8	gUnk_080FFFFC	fomt.map	00 00 00 ff 03 f9 02 07 f9 00 03 00 00 00 03 fe ff 02 00 00 01 00 00 00 00 03 fc 03 00 02 f8 07 fd 01 00 00
767	0x27DAEC	gUnk_080FFFFC	fomt.map	ff 01 00 01 ff 00 02 ff 00 00 00 ff 01 00 00 04 ff 02 00 00 02 00 00 00 01 00 00 fe 00 00 00 00 00 00 00 00
767	0x27DB48	gUnk_080FFFFC	fomt.map	00 01 00 00 01 ff 00 00 04 f9 06 01 fe 02 00 ff ff 02 00 00 00 ff 00 00 00 00 00 00 00 00 01 00 00 00 00 00
767	0x27F170	gUnk_080FFFFC	fomt.map	02 00 fd 04 00 00 00 03 fc 01 00 fe ff 03 fc 01 ff 02 00 00 01 00 fe 02 00 fe 03 ff 02 fa 08 01 fb 02 07 f8
767	0x283A08	gUnk_080FFFFC	fomt.map	fb 09 f7 09 fa 03 07 f0 10 f6 04 fe 05 fb 04 00 ff 02 00 00 00 00 01 ff 02 fe 04 fb 05 fd 00 01 fe 01 00 00
767	0x284290	gUnk_080FFFFC	fomt.map	f7 02 04 fa 01 03 fd ff 04 fe 00 01 00 00 00 00 ff 02 00 00 03 fc 05 fc 04 ff 00 01 00 00 ff 03 fc 03 fd 05
767	0x286110	gUnk_080FFFFC	fomt.map	01 00 00 01 00 02 fa 07 fd 00 02 ff 01 00 00 00 ff 02 00 00 01 fe 02 fd 02 ff 00 00 04 fa 03 02 f9 07 fe 01
767	0x286238	gUnk_080FFFFC	fomt.map	00 02 fe 02 00 ff 01 ff 03 fc 03 01 fc 05 fc 01 ff 02 00 00 00 00 ff 02 ff 01 02 fc 00 05 fb 04 ff 00 00 ff
767	0x28684C	gUnk_080FFFFC	fomt.map	ff 00 01 01 ff 00 01 00 ff 00 02 00 ff 00 02 00 ff 02 00 00 00 00 00 00 00 00 00 00 00 00 00 00 00 00 00 00
767	0x286B88	gUnk_080FFFFC	fomt.map	00 00 00 02 00 ff 00 02 ff 00 01 01 fe 00 01 ff ff 02 00 00 fd 06 fe fa 09 00 f5 0a 03 f3 06 0c f2 ff 13 f2
767	0x288D98	gUnk_080FFFFC	fomt.map	00 00 00 00 00 00 00 00 00 00 00 00 00 00 00 00 ff 02 00 00 00 00 00 00 01 00 00 00 00 00 00 00 00 00 02 00
767	0x28A72C	gUnk_080FFFFC	fomt.map	ff 01 00 ff 01 00 00 00 01 00 00 01 00 00 01 00 ff 02 00 00 01 00 00 01 00 00 00 00 ff 02 00 ff 02 00 00 00
767	0x28AE2C	gUnk_080FFFFC	fomt.map	ff 01 01 fe 00 02 fe 00 02 fe 00 01 00 fe 01 00 ff 02 00 00 01 00 00 01 00 00 00 00 00 00 00 00 00 00 00 00
767	0x28AF00	gUnk_080FFFFC	fomt.map	00 00 00 00 00 01 00 00 01 00 00 01 00 fe 02 00 ff 02 00 00 00 00 00 00 00 00 00 00 00 00 00 00 00 00 00 00
767	0x28BD48	gUnk_080FFFFC	fomt.map	00 00 00 00 00 01 00 00 02 ff 00 01 00 00 01 00 ff 02 00 00 01 ff 00 01 00 ff 01 00 00 00 00 00 00 01 00 00
769	0x11DCB0	gUnk_08117BC8	asm/data/data_080F9EB8.s	0a 00 00 00 00 00 00 00 00 00 00 03 03 01 01 01 01 03 00 00 00 00 00 00 00 00 04 04 04 04 00 00 00 00 00 00
769	0x125EE4	gUnk_08117BC8	asm/data/data_080F9EB8.s	00 00 00 00 00 00 00 00 00 00 00 03 03 01 01 01 01 03 00 00 00 03 03 03 03 03 03 03 03 03 03 03 03 03 00 00
769	0x13E138	gUnk_080FFFFC	fomt.map	d2 97 82 9a cf e5 d3 cb a6 86 86 9a f1 1f 1b 05 01 03 00 00 00 08 2f 4a 57 49 33 16 0d 5a 7d 75 7b 3e e6 9a
769	0x1488E8	gUnk_080FFFFC	fomt.map	ff 00 03 01 02 02 02 08 0c 10 0c 0b 05 01 00 03 01 03 00 00 fd f9 f9 fd 00 00 00 00 fd f8 f6 f7 f9 fb ff 00
769	0x190F44	gUnk_080FFFFC	fomt.map	00 00 00 00 fe 00 00 00 00 fd ff 00 00 fd f7 00 01 03 00 00 00 00 fd 00 00 00 00 fd f1 fb 00 00 00 00 00 f6
769	0x190F98	gUnk_080FFFFC	fomt.map	fe 02 05 01 ff ff 00 00 00 fd f7 fb 00 00 00 00 01 03 00 00 fc 00 05 05 03 fc f3 fe 00 03 06 00 f7 fc 00 ff
769	0x191D34	gUnk_080FFFFC	fomt.map	00 00 ff 06 07 ff 01 f6 f4 04 01 ff 03 03 00 01 01 03 00 00 00 fd f2 fc fc f7 00 00 00 00 00 00 fb ff ff fc
769	0x1924FC	gUnk_080FFFFC	fomt.map	05 fb f1 f6 fe 00 08 08 f9 f9 ff fc fd 00 fd 00 01 03 00 00 00 00 00 ff fb f8 02 f9 fc 03 00 03 08 fa e8 fb
769	0x193884	gUnk_080FFFFC	fomt.map	05 0d 05 00 fb fd ed f9 03 fa f2 f7 f2 ea ea f6 01 03 00 00 00 03 00 00 00 fa ed fd 09 01 fb fe f8 f5 0b 06
769	0x1972CC	gUnk_080FFFFC	fomt.map	ff fa f2 fa 01 04 04 ff f4 fe 00 02 02 00 fe ff 01 03 00 00 f9 f5 03 08 f4 df e7 f7 00 00 00 00 02 11 0f 02
769	0x19ABF4	gUnk_080FFFFC	fomt.map	f7 05 06 0e fc ea f6 f0 e6 fa 07 f9 f0 fd f1 fa 01 03 00 00 00 f6 ef f0 ec f8 00 fe 00 0c fc f1 00 f7 fb 13
769	0x1B3214	gUnk_080FFFFC	fomt.map	01 02 02 00 00 00 fc fc 00 00 00 00 fd fb 00 00 01 03 00 00 00 01 02 fa f9 00 00 00 00 02 05 00 00 00 01 03
769	0x1B37D8	gUnk_080FFFFC	fomt.map	00 00 03 ff fe 00 00 02 00 00 00 fd 00 00 02 01 01 03 00 00 00 00 00 00 00 00 01 05 fe fe 00 ff 00 00 00 f9
769	0x1B3F50	gUnk_080FFFFC	fomt.map	00 ff 00 fe fe 03 f6 f3 01 02 00 00 01 06 00 00 01 03 00 00 fc 00 fa fc 00 00 00 00 00 00 00 00 00 00 01 04
769	0x1BAF88	gUnk_080FFFFC	fomt.map	00 00 04 0e 0c 01 00 00 fd fb ff 01 00 00 00 00 01 03 00 00 00 fe f4 f9 00 00 04 03 00 00 ff ff ff 02 03 00
769	0x1C273C	gUnk_080FFFFC	fomt.map	fe ff 04 05 02 03 00 00 00 00 fd 00 08 04 00 00 01 03 00 00 00 02 00 fe fd 00 00 00 00 ff ff 00 02 03 00 fe
769	0x1C3430	gUnk_080FFFFC	fomt.map	00 00 00 00 03 01 00 02 04 01 07 05 01 00 01 00 01 03 00 00 00 00 fc fd fd 00 00 00 00 00 00 00 00 00 00 00
769	0x1CAFC0	gUnk_080FFFFC	fomt.map	fc 01 0b 0b 0e 0b f9 fb 01 03 06 08 07 05 00 01 01 03 00 00 fe 00 fd 00 fa f2 f3 ff fd ff ff 00 fe f9 00 00
769	0x1CC4D8	gUnk_080FFFFC	fomt.map	00 00 00 00 00 00 00 00 00 00 00 00 00 00 00 00 01 03 00 00 00 00 00 00 00 00 00 00 00 00 02 00 02 00 00 00
769	0x1D4768	gUnk_080FFFFC	fomt.map	fb f9 f8 f8 fd fb ff 03 f9 fd ff f9 ff 02 fe ff 01 03 00 00 05 04 01 00 03 00 ff fc 03 f9 fe f6 f7 f7 fd f8
769	0x1EFE8C	gUnk_080FFFFC	fomt.map	00 ff fe 00 00 00 00 02 01 00 00 ff ff 00 00 00 01 03 00 00 00 fe fe 00 00 00 02 00 01 00 00 00 00 00 00 00
769	0x1F0500	gUnk_080FFFFC	fomt.map	fe 00 00 00 01 00 00 00 00 00 00 fe 00 00 01 03 01 03 00 00 00 fe 00 00 00 01 01 00 00 ff 00 00 fe 00 01 00
769	0x2136B4	gUnk_080FFFFC	fomt.map	00 00 00 01 02 00 00 00 fe fc fc ff 00 00 00 00 01 03 00 00 00 fe fd fe fd 00 00 00 00 01 02 01 00 00 00 fe
769	0x213798	gUnk_080FFFFC	fomt.map	00 00 01 01 02 00 00 ff fd fc fd 00 00 00 00 01 01 03 00 00 00 fd fc fd ff 00 00 00 00 01 02 01 00 00 ff fd
769	0x218124	gUnk_080FFFFC	fomt.map	fc fa fe 03 0f 09 f9 f5 fb ff 00 04 04 00 fc fb 01 03 00 00 fe ff 06 03 f8 fb 00 06 08 03 00 fe f9 fe 00 00
769	0x218894	gUnk_080FFFFC	fomt.map	00 01 00 ff ff 00 00 ff 00 00 01 00 ff fc fe 00 01 03 00 00 00 fe fd 00 00 00 00 00 01 00 ff fe 00 01 04 02
773	0x150804	gUnk_080FFFFC	fomt.map	fd f8 f8 f8 f7 f6 f8 fd 00 00 01 04 07 0a 09 07 05 03 00 00 fd f9 f7 f7 f7 f7 f8 fc 00 00 01 03 07 08 0b 07
773	0x150854	gUnk_080FFFFC	fomt.map	ff f9 f8 f7 f8 f7 f7 fc ff 00 01 02 07 08 08 07 05 03 00 00 fe fb f8 f7 f7 f6 f8 fb 00 00 00 03 06 09 09 09
773	0x1577E8	gUnk_080FFFFC	fomt.map	fb fb fb fb fb fc fd ff 00 02 04 05 07 08 08 06 05 03 00 00 00 00 00 ff ff ff fe fe fc fb f9 f9 fb fb fc fe
773	0x158B94	gUnk_080FFFFC	fomt.map	fe fe fe fd fd fd fe 00 00 02 03 05 05 06 07 06 05 03 00 00 ff ff fd fd fd fc fc fe fd fd fe fe fe fd ff ff
773	0x1623D8	gUnk_080FFFFC	fomt.map	fc fe 00 05 07 04 02 00 ff ff 00 fd fd 00 03 06 05 03 00 00 00 00 fd fd ff 02 05 06 03 01 ff ff 00 ff fc fe
773	0x16267C	gUnk_080FFFFC	fomt.map	fc fe 00 04 06 04 02 00 fe 00 00 fd fd 00 03 06 05 03 00 00 00 00 fe fc fe 01 05 06 03 01 ff ff 00 ff fc ff
773	0x167ACC	gUnk_080FFFFC	fomt.map	f2 fe 00 03 04 00 00 00 03 10 1e 25 26 1d 0f 08 05 03 00 00 00 fe f4 e5 e2 e4 eb f4 fb fc f9 f7 f8 f9 f2 ef
773	0x16CC84	gUnk_080FFFFC	fomt.map	0b 0d 0d 0f 15 17 1a 1c 1a 18 14 0e 0b 07 06 06 05 03 00 00 00 fe fd fc fb fc fa fb fd fb fb f8 f7 f7 f6 f1
773	0x188C90	gUnk_080FFFFC	fomt.map	03 01 fd fc fc fc fa f4 f2 f4 f7 f9 fc 01 04 05 05 03 00 00 02 05 03 01 01 00 ff fd ff 03 04 01 fe fd fc fc
773	0x191370	gUnk_080FFFFC	fomt.map	f7 fa fa fc f5 f7 00 00 ff fc f5 fb ff ff 00 fd 05 03 00 00 fa f1 f9 fd fd 00 00 00 00 00 00 ff fe 00 00 05
773	0x191D90	gUnk_080FFFFC	fomt.map	ff 00 fa f1 ff 00 00 fe 01 04 00 fa f7 eb ed fe 05 03 00 00 00 00 03 00 ff fc 00 02 fc fe 00 00 00 00 00 00
773	0x197CC4	gUnk_080FFFFC	fomt.map	d3 da f6 fd 05 06 00 03 03 f8 ee f8 ff ff f5 fa 05 03 00 00 ff 09 07 08 16 0a 09 06 00 f4 e3 df ef 08 0e 09
773	0x1B3694	gUnk_080FFFFC	fomt.map	00 00 ff 00 04 fb fc 00 00 00 00 02 02 ff 00 ff 05 03 00 00 00 ff fd 01 00 00 00 00 00 00 00 00 00 00 00 fc
773	0x1B3998	gUnk_080FFFFC	fomt.map	f8 02 00 01 03 06 08 00 03 01 00 00 01 00 03 01 05 03 00 00 00 00 f7 f6 f7 00 fb 00 00 00 ff ff 00 00 00 ff
773	0x1B3D68	gUnk_080FFFFC	fomt.map	fe fb f4 fa fd f7 fd ff 01 00 00 00 00 00 00 ff 05 03 00 00 00 00 02 0a 00 ff fc 04 fe fa 00 03 01 00 01 00
773	0x1B8CB4	gUnk_080FFFFC	fomt.map	00 ff fb 00 00 00 00 fe f7 00 fe fb fe 02 ff 02 05 03 00 00 00 00 00 ff 04 01 00 ff 00 00 00 ff fd 07 07 fc
773	0x1C2C34	gUnk_080FFFFC	fomt.map	00 00 00 00 00 00 00 00 00 00 00 00 00 00 04 04 05 03 00 00 01 00 00 00 00 00 00 00 00 00 00 00 00 00 00 00
773	0x1CB3C0	gUnk_080FFFFC	fomt.map	02 01 00 02 07 02 06 fb fa 00 00 00 08 0a 01 05 05 03 00 00 00 00 02 01 04 05 06 05 00 04 00 00 00 00 03 03
773	0x1E5008	gUnk_080FFFFC	fomt.map	06 09 01 f6 f1 f5 ff 07 09 08 07 05 00 fc fd 01 05 03 00 00 03 06 06 02 00 ff fe fc fb fb 00 06 0a 09 04 fe
773	0x1E5A68	gUnk_080FFFFC	fomt.map	fe 03 07 07 06 03 fe f9 f7 f9 fe 01 03 03 04 05 05 03 00 00 fe fe ff 02 04 02 fe fb fd 03 08 05 00 fb fc ff
773	0x1E5D08	gUnk_080FFFFC	fomt.map	0b 0c 04 fb f9 fc 00 01 02 03 02 00 fe fe 00 04 05 03 00 00 ff ff 00 00 01 ff fb fb ff 04 06 03 fe fc ff 04
773	0x1E61DC	gUnk_080FFFFC	fomt.map	00 03 06 06 02 00 fd fd 00 02 02 00 fb fa ff 02 05 03 00 00 00 00 02 02 00 00 00 00 00 00 00 00 00 00 00 00
773	0x1EECD4	gUnk_080FFFFC	fomt.map	fc fa fa 00 00 02 03 04 01 00 fe fc fd 00 00 04 05 03 00 00 fd f9 fc ff 00 03 04 03 01 00 fe fe fe 00 01 03
773	0x1F020C	gUnk_080FFFFC	fomt.map	00 00 00 01 02 04 03 04 01 00 00 00 00 01 03 05 05 03 00 00 00 00 00 00 00 00 02 01 00 00 fe 00 00 00 01 03
773	0x231A14	gUnk_080FFFFC	fomt.map	00 fe fd ff 05 0b 03 00 ff 01 07 07 01 ff fe 04 05 03 00 00 fa fc 01 05 00 fd ff 00 fb fa 00 00 00 00 fe f9
773	0x262B40	gUnk_080FFFFC	fomt.map	ff 00 00 00 00 00 00 00 00 00 00 01 06 03 00 02 05 03 00 00 03 01 00 04 03 00 00 00 00 00 00 00 00 00 00 00
773	0x265734	gUnk_080FFFFC	fomt.map	00 00 02 06 07 02 00 00 00 00 01 04 01 00 ff 02 05 03 00 00 00 ff 00 03 07 06 02 00 00 ff 00 02 06 01 ff 00
773	0x2767F4	gUnk_080FFFFC	fomt.map	00 00 fc f9 f6 f5 f6 f9 fc 00 00 03 05 07 0a 0a 05 03 00 00 fb f6 f5 f5 f6 fb fd 00 00 05 0a 0a 0a 07 04 00
773	0x27684C	gUnk_080FFFFC	fomt.map	00 00 fc f9 f5 f5 f5 f9 fc 00 00 03 05 07 07 07 05 03 00 00 fc f9 f6 f6 f6 f9 fc 00 00 03 05 07 0a 0a 05 03
773	0x2768C8	gUnk_080FFFFC	fomt.map	00 00 fc f9 f6 f6 f6 f9 fc 00 00 00 05 07 0a 07 05 03 00 00 fb f6 f3 f3 f5 f9 fd 00 00 04 07 0a 0a 07 04 00
773	0x276920	gUnk_080FFFFC	fomt.map	00 00 fd f9 f6 f5 f6 f9 fc 00 00 00 04 07 07 07 05 03 00 00 fd f9 f6 f5 f6 f9 fc 00 00 00 04 07 0a 07 05 03
773	0x2769F4	gUnk_080FFFFC	fomt.map	00 00 fd fb f6 f5 f6 f9 fc 00 00 00 04 05 07 07 05 03 00 00 fd fb f6 f6 f6 f9 fb 00 00 00 04 05 07 07 05 03
773	0x276A70	gUnk_080FFFFC	fomt.map	00 00 fd fb f9 f6 f6 f9 fb 00 00 00 04 05 07 07 05 03 00 00 fc f9 f5 f5 f5 f9 fc 00 00 03 07 0a 0a 07 05 00
773	0x276AEC	gUnk_080FFFFC	fomt.map	00 00 fd f9 f5 f5 f5 f6 fb 00 00 03 05 0a 0a 07 05 03 00 00 fb f6 f5 f5 f6 fb fd 00 00 03 05 07 07 05 04 00
773	0x276BC0	gUnk_080FFFFC	fomt.map	00 00 fd fb f6 f5 f6 f9 fb 00 00 00 05 07 0a 07 05 03 00 00 fc f9 f6 f6 f6 fb fd 00 00 03 04 05 07 05 04 00
773	0x276C94	gUnk_080FFFFC	fomt.map	00 00 fd fb f6 f6 f6 f9 fb 00 00 00 04 07 07 07 05 03 00 00 fc f9 f6 f6 f9 fb fd 00 00 03 04 05 07 05 04 00
773	0x276D68	gUnk_080FFFFC	fomt.map	00 00 00 fc f9 f6 f6 f6 fb fd 00 00 04 05 07 07 05 03 00 00 fd fb f9 f6 f9 fb fc 00 00 00 04 05 05 05 04 00
773	0x276E3C	gUnk_080FFFFC	fomt.map	00 00 00 fc f9 f6 f6 f6 fb fd 00 00 03 05 07 07 05 03 00 00 fd fb f9 f6 f6 fb fc 00 00 00 04 05 05 05 04 03
773	0x276F10	gUnk_080FFFFC	fomt.map	00 00 00 fc f9 f6 f6 f6 fb fd 00 00 03 05 07 07 05 03 00 00 fd fb f9 f6 f9 f9 fc 00 00 00 03 04 05 05 04 00
773	0x276F34	gUnk_080FFFFC	fomt.map	00 00 fd fb f9 f9 f9 fb fc 00 00 00 03 05 07 07 05 03 00 00 fc fb f6 f6 f9 fb fd 00 00 03 05 07 07 05 04 00
773	0x2770B8	gUnk_080FFFFC	fomt.map	00 00 00 fd fb f9 f9 f9 fb fd 00 00 00 04 05 05 05 03 00 00 00 fc f9 f9 f9 fb fc 00 00 00 00 03 04 04 04 03
776	0x155A18	gUnk_080FFFFC	fomt.map	f1 ee ee f0 f2 f5 fa 00 04 09 0d 11 13 12 10 0c 08 03 00 00 00 01 02 00 00 fe fa f6 f1 ef ed ee f0 f4 f8 fd
776	0x15CE0C	gUnk_080FFFFC	fomt.map	06 06 03 04 06 04 04 02 00 00 01 04 06 06 07 08 08 03 00 00 fe fa f7 ef e8 e4 e0 dc d7 d3 cf d2 d6 d4 d1 ce
776	0x1693AC	gUnk_080FFFFC	fomt.map	00 00 00 00 00 00 00 07 11 0f 0f 0a 07 09 08 0a 08 03 00 00 fe f8 f4 f1 f4 f5 fa 00 00 fb fa f6 f5 fc 00 00
776	0x1693F4	gUnk_080FFFFC	fomt.map	00 00 00 00 00 00 00 09 10 10 0e 08 07 08 0b 0b 08 03 00 00 fe f9 f5 f2 f3 f8 ff ff fe fc f8 f6 f7 fd 00 00
776	0x16943C	gUnk_080FFFFC	fomt.map	00 00 00 fd fe 00 02 0a 10 0d 0a 08 05 09 0b 0a 08 03 00 00 00 f7 f0 f0 f3 f9 fd 00 fe fa f6 f6 f9 fe 00 00
776	0x169460	gUnk_080FFFFC	fomt.map	00 00 00 fc 00 00 02 0d 0e 0d 09 08 08 0a 0b 09 08 03 00 00 ff f6 f2 f0 f4 f7 fe 00 fd fa f7 f5 fb fe 00 00
776	0x16CF24	gUnk_080FFFFC	fomt.map	05 0a 0e 11 17 19 19 18 14 12 0f 0f 11 0f 0d 0b 08 03 00 00 fe fc f9 fb fa fa f9 fa fe 00 00 00 fe fa f6 f2
776	0x172550	gUnk_080FFFFC	fomt.map	fb 19 1d 00 f4 03 1e 16 00 fb ff 00 00 03 08 09 08 03 00 00 05 05 00 02 04 f9 e2 eb 16 28 05 ef 02 12 fd e7
776	0x18DDB4	gUnk_080FFFFC	fomt.map	2f 2d 2d 2e 31 34 37 38 38 36 32 2d 27 21 18 11 08 03 00 00 ff 00 00 01 02 03 07 0c 13 1c 24 2c 32 36 38 37
776	0x19B96C	gUnk_080FFFFC	fomt.map	00 00 00 00 00 00 00 00 00 00 00 01 08 0b 0a 0b 08 03 00 00 00 00 00 00 02 02 01 00 00 00 ff fc 00 ff 00 fc
776	0x1A498C	gUnk_080FFFFC	fomt.map	c9 81 86 87 c9 fa 15 2d 2b 13 00 f1 f4 fa ff 00 08 03 00 00 1b 34 2d 28 55 7e 79 7d 7a 7d 6f 23 ec f4 13 31
776	0x1BB164	gUnk_080FFFFC	fomt.map	ff 00 00 00 03 02 00 02 00 00 00 00 00 00 00 01 08 03 00 00 00 01 00 ff f9 ff 00 00 00 00 00 00 00 00 00 00
776	0x1CB21C	gUnk_080FFFFC	fomt.map	05 02 06 07 ff ff 00 00 01 f9 ee f5 ee f2 fd fb 08 03 00 00 00 02 00 fe fb fd 01 00 07 0b 0a 01 01 07 05 02
776	0x1E49F8	gUnk_080FFFFC	fomt.map	fe fe 02 0c 12 0c 00 f5 f6 fd 00 fd f9 fc 04 09 08 03 00 00 00 fe fc fd 00 02 03 02 00 ff fc fa fb fd 00 ff
776	0x202C8C	gUnk_080FFFFC	fomt.map	10 15 18 19 1a 1d 1f 1d 1d 1c 1c 1a 1a 15 12 0d 08 03 00 00 ff fe fa f7 f4 f2 f0 ed ea ea e9 e8 e5 e4 e5 e8
776	0x211B08	gUnk_080FFFFC	fomt.map	05 07 08 07 01 00 fd fb f8 f6 f6 fa 00 04 06 08 08 03 00 00 fd f8 f7 f5 f8 fe 02 06 07 07 05 00 00 fd fa f7
776	0x211B30	gUnk_080FFFFC	fomt.map	03 07 08 07 01 00 ff fc f9 f6 f5 fa 00 01 05 07 08 03 00 00 fd fa f8 f5 f7 fe 00 04 05 06 05 00 00 fe fb f9
776	0x211C64	gUnk_080FFFFC	fomt.map	05 07 07 07 01 00 00 fe fd fc fb fd 00 02 06 08 08 03 00 00 00 fd fc fb fd 00 01 06 09 09 05 00 00 00 ff fd
776	0x22F690	gUnk_080FFFFC	fomt.map	fd ff fd fe 00 00 ff 00 00 00 ff ff 00 00 00 05 08 03 00 00 06 05 04 07 0b 0a 06 06 07 06 04 05 09 09 02 00
776	0x264794	gUnk_080FFFFC	fomt.map	07 07 00 ff f7 f8 01 08 0c 08 03 fd f7 f9 01 09 08 03 00 00 00 00 00 00 00 00 01 01 00 00 00 00 00 00 05 04
776	0x2662FC	gUnk_080FFFFC	fomt.map	03 02 00 00 00 00 02 03 08 01 00 00 ff 01 06 09 08 03 00 00 00 02 08 0b 0e 0f 07 03 00 fe 00 03 0e 0f 05 03
777	0x107258	gUnk_08107230	asm/data/data_080F9EB8.s	f0 ce 6e 08 c0 01 00 00 14 d3 6e 08 1c d5 6e 08 09 03 00 00 15 05 00 00 a4 2d 6f 08 78 2e 6f 08 00 00 00 00
777	0x107284	gUnk_0810725C	asm/data/data_080F9EB8.s	2c 29 6f 08 c0 01 00 00 44 2d 6f 08 4c 2f 6f 08 09 03 00 00 0d 0c 00 00 50 05 6f 08 88 06 6f 08 00 00 00 00
777	0x146774	gUnk_080FFFFC	fomt.map	e0 fc 22 2e 1b 12 0e e2 d4 eb fd 06 2a 39 32 1a 09 03 00 00 0f 17 fd dd da ec ee f8 0d 18 fe db eb fc f2 04
777	0x148244	gUnk_080FFFFC	fomt.map	00 ff fc f6 fc ff 01 03 08 07 04 01 07 0e 0e 0b 09 03 00 00 02 05 07 03 02 fe f6 f6 f8 fc ff 00 ff fb f6 f3
777	0x1693D0	gUnk_080FFFFC	fomt.map	00 00 00 00 00 00 00 07 0f 11 0f 08 07 09 09 0a 09 03 00 00 ff f8 f5 f2 f3 f6 fc 00 00 fb f8 f6 f6 fc 00 00
777	0x16D018	gUnk_080FFFFC	fomt.map	04 09 0e 12 15 15 15 15 12 13 11 12 12 11 10 0d 09 03 00 00 00 fd fa f8 f7 f7 f9 fb fe 00 00 00 fe fb f8 f7
777	0x192880	gUnk_080FFFFC	fomt.map	fc f8 f2 fd fd f9 00 00 fd fa 00 00 00 05 12 0b 09 03 00 00 fc f4 f4 fb 03 02 fa 01 fb ea f7 00 fc fe 00 f9
777	0x1BD9A0	gUnk_080FFFFC	fomt.map	fe 10 23 0b fc 01 03 fe 0a 00 f5 f7 fb fc fb 00 09 03 00 00 fd fd fc 0b 13 05 f8 fe 09 0b 0d 0c 0e fc fa fe
777	0x20D868	gUnk_080FFFFC	fomt.map	09 08 04 00 ff fd 00 00 00 00 00 00 02 06 0b 0c 09 03 00 00 00 00 00 04 03 00 01 06 07 02 01 00 f9 f2 eb ea
779	0x196394	gUnk_080FFFFC	fomt.map	fd ec f7 01 fd f7 f2 f7 04 fc eb 00 09 f7 fb 07 0b 03 00 00 f8 e2 e8 f0 fc 00 01 05 00 00 00 00 fd f2 05 0f
779	0x1ED1C8	gUnk_080FFFFC	fomt.map	f2 f3 f9 00 05 03 06 0a 08 00 f7 ef f2 fc 05 0d 0b 03 00 00 fd f8 f2 fa 00 0d 15 0c 01 fa f7 f9 fb ff 00 04
779	0x247824	gUnk_080FFFFC	fomt.map	f0 ff 04 00 00 01 10 0b fd ee eb f5 00 ff f3 01 0b 03 00 00 00 01 0b 0e 04 fc ee e9 f0 f3 fd 00 04 04 06 17
780	0xF1B18		asm/data/data_080F1A80.s	58 02 00 00 10 1d 0f 08 5f 02 00 00 2c 1c 0f 08 0c 03 00 00 68 1c 0f 08 3b 03 00 00 74 1c 0f 08 5d 03 00 00
780	0xF1B60		asm/data/data_080F1A80.s	3c 00 00 00 10 1d 0f 08 43 00 00 00 20 1c 0f 08 0c 03 00 00 68 1c 0f 08 3b 03 00 00 74 1c 0f 08 5d 03 00 00
780	0xF1BE8		asm/data/data_080F1A80.s	58 02 00 00 ec 1c 0f 08 6a 02 00 00 2c 1c 0f 08 0c 03 00 00 68 1c 0f 08 3b 03 00 00 74 1c 0f 08 5d 03 00 00
780	0xF211C	gUnk_080F1FC0	asm/data/data_080F1A80.s	00 01 00 00 50 24 0f 08 25 01 00 00 14 24 0f 08 0c 03 00 00 5c 24 0f 08 00 00 00 00 14 24 0f 08 0c 03 00 00
780	0xF212C	gUnk_080F1FC0	asm/data/data_080F1A80.s	0c 03 00 00 5c 24 0f 08 00 00 00 00 14 24 0f 08 0c 03 00 00 5c 24 0f 08 00 00 00 00 14 24 0f 08 b4 00 00 00
780	0xF2184	gUnk_080F1FC0	asm/data/data_080F1A80.s	60 02 00 00 bc 24 0f 08 8f 02 00 00 14 24 0f 08 0c 03 00 00 5c 24 0f 08 00 00 00 00 14 24 0f 08 b4 00 00 00
780	0xF21C4	gUnk_080F1FC0	asm/data/data_080F1A80.s	71 02 00 00 bc 24 0f 08 a0 02 00 00 14 24 0f 08 0c 03 00 00 5c 24 0f 08 00 00 00 00 14 24 0f 08 a4 01 00 00
780	0xF2204	gUnk_080F1FC0	asm/data/data_080F1A80.s	6c 02 00 00 bc 24 0f 08 9b 02 00 00 14 24 0f 08 0c 03 00 00 5c 24 0f 08 00 00 00 00 ec 24 0f 08 2c 01 00 00
780	0xF23DC	gUnk_080F1FC0	asm/data/data_080F1A80.s	04 01 00 00 bc 24 0f 08 33 01 00 00 14 24 0f 08 0c 03 00 00 5c 24 0f 08 00 00 00 00 14 24 0f 08 0c 03 00 00
780	0xF23EC	gUnk_080F1FC0	asm/data/data_080F1A80.s	0c 03 00 00 5c 24 0f 08 00 00 00 00 14 24 0f 08 0c 03 00 00 5c 24 0f 08 00 00 00 00 ec 24 0f 08 2c 01 00 00
780	0xF2850	gUnk_080F280C	asm/data/data_080F1A80.s	00 00 00 00 a0 28 0f 08 2c 01 00 00 ac 28 0f 08 0c 03 00 00 a0 28 0f 08 00 00 00 00 a0 28 0f 08 2c 01 00 00
780	0xF2BD4	gUnk_080F2AF8	asm/data/data_080F1A80.s	63 02 00 00 00 2c 0f 08 8f 02 00 00 0c 2c 0f 08 0c 03 00 00 6c 2c 0f 08 38 03 00 00 f4 2b 0f 08 00 00 00 00
780	0xF3060	gUnk_080F3010	asm/data/data_080F1A80.s	00 00 00 00 20 31 0f 08 b4 00 00 00 2c 31 0f 08 0c 03 00 00 20 31 0f 08 00 00 00 00 20 31 0f 08 3c 00 00 00
780	0xF3740	gUnk_080F35E4	asm/data/data_080F1A80.s	a4 01 00 00 f8 3a 0f 08 58 02 00 00 c8 3a 0f 08 0c 03 00 00 04 3b 0f 08 3a 03 00 00 10 3b 0f 08 4b 03 00 00
780	0xF37A8	gUnk_080F35E4	asm/data/data_080F1A80.s	00 00 00 00 c8 3a 0f 08 78 00 00 00 f8 3a 0f 08 0c 03 00 00 4c 3b 0f 08 29 03 00 00 40 3b 0f 08 c9 03 00 00
780	0xF3820	gUnk_080F35E4	asm/data/data_080F1A80.s	67 02 00 00 34 3b 0f 08 94 02 00 00 c8 3a 0f 08 0c 03 00 00 4c 3b 0f 08 29 03 00 00 40 3b 0f 08 c9 03 00 00
780	0xF3888	gUnk_080F35E4	asm/data/data_080F1A80.s	6f 02 00 00 34 3b 0f 08 9c 02 00 00 c8 3a 0f 08 0c 03 00 00 4c 3b 0f 08 29 03 00 00 40 3b 0f 08 c9 03 00 00
780	0xF38D0	gUnk_080F35E4	asm/data/data_080F1A80.s	f0 00 00 00 dc 3b 0f 08 f5 00 00 00 ac 3b 0f 08 0c 03 00 00 b8 3b 0f 08 00 00 00 00 b8 3b 0f 08 41 00 00 00
780	0xF38F8	gUnk_080F35E4	asm/data/data_080F1A80.s	5f 00 00 00 f4 3b 0f 08 8c 00 00 00 f8 3a 0f 08 0c 03 00 00 48 3c 0f 08 3a 03 00 00 54 3c 0f 08 58 03 00 00
780	0xF4344	gUnk_080F42F0	asm/data/data_080F1A80.s	a4 01 00 00 8c 43 0f 08 1c 02 00 00 80 43 0f 08 0c 03 00 00 8c 43 0f 08 84 03 00 00 80 43 0f 08 00 00 00 00
780	0xF450C	gUnk_080F43DC	asm/data/data_080F1A80.s	a4 01 00 00 5c 47 0f 08 58 02 00 00 74 47 0f 08 0c 03 00 00 5c 47 0f 08 c0 03 00 00 68 47 0f 08 00 00 00 00
780	0xF453C	gUnk_080F43DC	asm/data/data_080F1A80.s	a4 01 00 00 5c 47 0f 08 58 02 00 00 74 47 0f 08 0c 03 00 00 5c 47 0f 08 c0 03 00 00 68 47 0f 08 00 00 00 00
780	0xF4594	gUnk_080F43DC	asm/data/data_080F1A80.s	a4 01 00 00 5c 47 0f 08 58 02 00 00 74 47 0f 08 0c 03 00 00 5c 47 0f 08 c0 03 00 00 68 47 0f 08 00 00 00 00
780	0xF45C4	gUnk_080F43DC	asm/data/data_080F1A80.s	a4 01 00 00 5c 47 0f 08 58 02 00 00 74 47 0f 08 0c 03 00 00 5c 47 0f 08 c0 03 00 00 68 47 0f 08 00 00 00 00
780	0xF4A20	gUnk_080F49C0	asm/data/data_080F1A80.s	a4 01 00 00 fc 4a 0f 08 58 02 00 00 f0 4a 0f 08 0c 03 00 00 08 4b 0f 08 36 03 00 00 14 4b 0f 08 c6 03 00 00
780	0xF4A88	gUnk_080F49C0	asm/data/data_080F1A80.s	a4 01 00 00 fc 4a 0f 08 58 02 00 00 f0 4a 0f 08 0c 03 00 00 08 4b 0f 08 36 03 00 00 14 4b 0f 08 c6 03 00 00
780	0xF4AC8	gUnk_080F49C0	asm/data/data_080F1A80.s	a4 01 00 00 fc 4a 0f 08 58 02 00 00 f0 4a 0f 08 0c 03 00 00 08 4b 0f 08 36 03 00 00 14 4b 0f 08 c6 03 00 00
780	0xF5B68	gUnk_080F59CC	asm/data/data_080F1A80.s	00 00 00 00 88 5b 0f 08 00 00 00 00 54 5c 0f 08 0c 03 00 00 30 5c 0f 08 16 03 00 00 3c 5c 0f 08 48 03 00 00
780	0xF5E74	gUnk_080F5D94	asm/data/data_080F1A80.s	00 00 00 00 5c 60 0f 08 b4 00 00 00 68 60 0f 08 0c 03 00 00 5c 60 0f 08 00 00 00 00 5c 60 0f 08 b4 00 00 00
780	0xF5EB4	gUnk_080F5D94	asm/data/data_080F1A80.s	58 02 00 00 a4 60 0f 08 68 02 00 00 80 60 0f 08 0c 03 00 00 b0 60 0f 08 22 03 00 00 5c 60 0f 08 00 00 00 00
780	0xF5ED4	gUnk_080F5D94	asm/data/data_080F1A80.s	00 00 00 00 5c 60 0f 08 b4 00 00 00 68 60 0f 08 0c 03 00 00 5c 60 0f 08 00 00 00 00 5c 60 0f 08 b4 00 00 00
780	0xF5F14	gUnk_080F5D94	asm/data/data_080F1A80.s	58 02 00 00 a4 60 0f 08 68 02 00 00 80 60 0f 08 0c 03 00 00 b0 60 0f 08 22 03 00 00 5c 60 0f 08 00 00 00 00
780	0xF63FC	gUnk_080F6370	asm/data/data_080F1A80.s	94 02 00 00 4c 65 0f 08 9d 02 00 00 04 65 0f 08 0c 03 00 00 58 65 0f 08 20 03 00 00 64 65 0f 08 c3 03 00 00
780	0xF6494	gUnk_080F6370	asm/data/data_080F1A80.s	94 02 00 00 4c 65 0f 08 9d 02 00 00 04 65 0f 08 0c 03 00 00 58 65 0f 08 20 03 00 00 64 65 0f 08 c3 03 00 00
780	0xF6BD4	gUnk_080F6B4C	asm/data/data_080F1A80.s	58 02 00 00 74 6c 0f 08 7d 02 00 00 fc 6b 0f 08 0c 03 00 00 80 6c 0f 08 11 03 00 00 8c 6c 0f 08 c0 03 00 00
780	0xF7088	gUnk_080F6FF8	asm/data/data_080F1A80.s	94 02 00 00 18 71 0f 08 99 02 00 00 24 71 0f 08 0c 03 00 00 3c 71 0f 08 20 03 00 00 48 71 0f 08 42 03 00 00
780	0xF78F0	gUnk_080F77FC	asm/data/data_080F1A80.s	87 02 00 00 dc 79 0f 08 97 02 00 00 7c 79 0f 08 0c 03 00 00 88 79 0f 08 1c 03 00 00 b8 79 0f 08 3b 03 00 00
780	0xF7930	gUnk_080F77FC	asm/data/data_080F1A80.s	00 00 00 00 70 79 0f 08 78 00 00 00 7c 79 0f 08 0c 03 00 00 88 79 0f 08 1c 03 00 00 b8 79 0f 08 3b 03 00 00
780	0xF826C	gUnk_080F81BC	asm/data/data_080F1A80.s	6d 02 00 00 c0 83 0f 08 8f 02 00 00 54 83 0f 08 0c 03 00 00 60 83 0f 08 00 00 00 00 54 83 0f 08 3c 00 00 00
780	0xF82BC	gUnk_080F81BC	asm/data/data_080F1A80.s	58 02 00 00 84 83 0f 08 5b 02 00 00 54 83 0f 08 0c 03 00 00 60 83 0f 08 00 00 00 00 54 83 0f 08 3c 00 00 00
780	0xF831C	gUnk_080F81BC	asm/data/data_080F1A80.s	72 02 00 00 fc 83 0f 08 8b 02 00 00 54 83 0f 08 0c 03 00 00 60 83 0f 08 00 00 00 00 54 83 0f 08 00 00 00 00
780	0xF86D0	gUnk_080F8678	asm/data/data_080F1A80.s	78 00 00 00 08 88 0f 08 80 00 00 00 78 87 0f 08 0c 03 00 00 84 87 0f 08 00 00 00 00 90 87 0f 08 78 00 00 00
780	0xF8728	gUnk_080F8678	asm/data/data_080F1A80.s	69 02 00 00 f0 87 0f 08 8b 02 00 00 78 87 0f 08 0c 03 00 00 84 87 0f 08 00 00 00 00 90 87 0f 08 78 00 00 00
780	0x125E98	gUnk_08117BC8	asm/data/data_080F9EB8.s	03 03 00 00 00 03 03 03 0c 0c 0c 0c 0c 0c 0c 0c 0c 03 00 00 00 00 00 00 03 03 03 03 03 03 00 00 00 00 00 00
780	0x1917E8	gUnk_080FFFFC	fomt.map	fe ff 01 ff fd 00 0c 08 f5 ea f9 00 fc eb ee 03 0c 03 00 00 00 00 00 00 00 00 fc fa fb f6 ff 00 03 02 ff 00
780	0x197A10	gUnk_080FFFFC	fomt.map	0e 09 f3 f0 00 00 04 08 02 f9 fc 00 ff f0 e7 fe 0c 03 00 00 ed e8 f2 fa 0a 0f 01 00 03 00 fd 01 00 00 00 fe
781	0x1C44C8	gUnk_080FFFFC	fomt.map	01 fd 11 1a 0a 02 00 00 0a 09 02 0b 0c 00 04 0c 0d 03 00 00 ff 00 00 07 05 01 00 08 01 fb fe fc 00 00 05 fe
781	0x1ED044	gUnk_080FFFFC	fomt.map	ef ef f8 00 04 06 08 0b 09 02 f9 ed ef fc 09 11 0d 03 00 00 fa f6 f4 f6 01 0e 14 10 01 f4 f2 f9 fd 00 00 04
783	0xF2BA4	gUnk_080F2AF8	asm/data/data_080F1A80.s	58 02 00 00 54 2c 0f 08 9b 02 00 00 0c 2c 0f 08 0f 03 00 00 18 2c 0f 08 38 03 00 00 f4 2b 0f 08 00 00 00 00
783	0xF6828	gUnk_080F66C4	asm/data/data_080F1A80.s	66 02 00 00 fc 68 0f 08 92 02 00 00 08 69 0f 08 0f 03 00 00 14 69 0f 08 4b 03 00 00 20 69 0f 08 c0 03 00 00
783	0xF7858	gUnk_080F77FC	asm/data/data_080F1A80.s	00 00 00 00 70 79 0f 08 78 00 00 00 7c 79 0f 08 0f 03 00 00 88 79 0f 08 1f 03 00 00 b8 79 0f 08 3e 03 00 00
783	0x1C9664	gUnk_080FFFFC	fomt.map	ff 08 10 02 00 00 00 01 0e 0e 0c 02 06 01 0c 11 0f 03 00 00 01 f8 f8 f4 ea fb ed f0 e7 f6 07 00 fd 07 04 00
796	0xF78F8	gUnk_080F77FC	asm/data/data_080F1A80.s	97 02 00 00 7c 79 0f 08 0c 03 00 00 88 79 0f 08 1c 03 00 00 b8 79 0f 08 3b 03 00 00 7c 79 0f 08 c0 03 00 00
796	0xF7938	gUnk_080F77FC	asm/data/data_080F1A80.s	78 00 00 00 7c 79 0f 08 0c 03 00 00 88 79 0f 08 1c 03 00 00 b8 79 0f 08 3b 03 00 00 c4 79 0f 08 c0 03 00 00
848	0xD1620	SoundMain	fomt.map	f0 7f 00 03 53 6d 73 68 01 00 00 03 06 00 00 04 50 03 00 00 30 06 00 00 43 79 00 2b 2c d0 01 a1 08 47 00 00
856	0xF3908	gUnk_080F35E4	asm/data/data_080F1A80.s	0c 03 00 00 48 3c 0f 08 3a 03 00 00 54 3c 0f 08 58 03 00 00 b8 3b 0f 08 00 00 00 00 c8 3a 0f 08 00 00 00 00
862	0x94EC0	func_08094AC0	fomt.map	00 f0 ff ff b0 2b 00 00 d8 33 00 00 3c 82 0e 08 5e 03 00 00 1a 2c 00 00 03 d0 20 88 20 21 08 43 20 80 28 68
862	0x95010	func_08094F6C	fomt.map	05 70 01 32 a0 18 01 70 04 48 21 18 52 e0 00 00 5e 03 00 00 66 03 00 00 67 03 00 00 d0 33 00 00 20 1c 00 f0
862	0x950AC	func_08094F6C	fomt.map	00 78 00 28 06 d1 01 27 67 e0 00 00 d0 33 00 00 5e 03 00 00 02 4a a1 18 01 20 08 80 5d e0 00 00 d0 33 00 00
866	0x9557C	func_080951B4	fomt.map	38 bc 98 46 a1 46 aa 46 f0 bc 02 bc 08 47 00 00 62 03 00 00 f0 b5 57 46 4e 46 45 46 e0 b4 9c b0 82 46 03 a9
866	0x95E6C	func_08095D80	fomt.map	40 18 00 68 87 46 00 00 80 5b 0e 08 89 08 00 00 62 03 00 00 74 5e 09 08 90 5e 09 08 a4 5e 09 08 c8 60 09 08
866	0x95F84	func_08095D80	fomt.map	04 21 ba f7 8f ff 28 1c 21 1c 0e e0 38 78 11 08 62 03 00 00 64 10 10 08 06 4d 34 1c 80 34 20 1c 04 21 ba f7
866	0x961C4	func_08095D80	fomt.map	01 24 a2 46 30 1c 94 30 c6 21 72 f7 d5 fc 59 e0 62 03 00 00 5a 03 00 00 ff 0f 00 00 00 f0 ff ff 07 4d 34 1c
866	0x96414	func_080962F0	fomt.map	06 49 40 18 00 68 87 46 80 5b 0e 08 90 2b 00 00 62 03 00 00 89 08 00 00 d2 33 00 00 24 64 09 08 38 64 09 08
866	0x96698	func_080962F0	fomt.map	73 1e 38 1c 41 46 00 f0 2b fc 0b e0 38 78 11 08 62 03 00 00 90 2b 00 00 d8 19 18 4a 80 18 00 68 44 46 20 60
866	0x9A4D0	func_0809A3E0	fomt.map	6b 46 c4 f7 6b fa 17 b0 70 bc 01 bc 00 47 00 00 62 03 00 00 70 b5 46 46 40 b4 05 1c 88 46 16 1c 1c 06 24 0e
867	0xD89C0	sub_080D8178	fomt.map	07 48 01 40 1d 23 01 20 10 70 53 60 11 81 13 e3 63 03 00 00 0c 04 00 03 ec 04 00 00 00 ff ff ff 1f f8 ff ff
873	0x958AC	func_08095580	fomt.map	aa 46 f0 bc 01 bc 00 47 65 03 00 00 66 03 00 00 69 03 00 00 6a 03 00 00 6b 03 00 00 67 03 00 00 6d 03 00 00
873	0x96EB0	func_08096B88	fomt.map	02 28 11 d0 04 28 11 d0 14 e0 00 00 90 2b 00 00 69 03 00 00 6a 03 00 00 6b 03 00 00 a4 2b 00 00 a5 2b 00 00
873	0x98704	func_080983E8	fomt.map	00 ff ff ff ff 01 00 00 ff ff 00 fe 00 fc ff ff 69 03 00 00 00 00 01 06 22 91 4d 46 1c 95 30 68 0f 1c 38 1a
873	0x99C18	func_08099ACC	fomt.map	50 1c 18 70 08 36 01 34 03 2c d2 dd 66 e0 00 00 69 03 00 00 ff fc ff ff ff f3 ff ff ff df ff ff ff 3f ff ff
873	0x99E88	func_08099ACC	fomt.map	ff 01 00 00 00 fe ff ff ff 03 00 00 00 fc ff ff 69 03 00 00 00 00 01 06 88 46 4e 46 1a 96 24 99 08 68 42 46
874	0x958B0	func_08095580	fomt.map	01 bc 00 47 65 03 00 00 66 03 00 00 69 03 00 00 6a 03 00 00 6b 03 00 00 67 03 00 00 6d 03 00 00 f0 b5 57 46
874	0x96EB4	func_08096B88	fomt.map	04 28 11 d0 14 e0 00 00 90 2b 00 00 69 03 00 00 6a 03 00 00 6b 03 00 00 a4 2b 00 00 a5 2b 00 00 a0 2b 00 00
875	0x54590	func_08053960	fomt.map	01 80 62 e3 8e 22 00 00 fd ff 00 00 88 22 00 00 6b 03 00 00 90 22 00 00 0e 4b f0 18 00 68 0e 4c 00 19 0e 49
875	0x958B4	func_08095580	fomt.map	65 03 00 00 66 03 00 00 69 03 00 00 6a 03 00 00 6b 03 00 00 67 03 00 00 6d 03 00 00 f0 b5 57 46 4e 46 45 46
875	0x96EB8	func_08096B88	fomt.map	14 e0 00 00 90 2b 00 00 69 03 00 00 6a 03 00 00 6b 03 00 00 a4 2b 00 00 a5 2b 00 00 a0 2b 00 00 fc 20 10 70
877	0x958BC	func_08095580	fomt.map	69 03 00 00 6a 03 00 00 6b 03 00 00 67 03 00 00 6d 03 00 00 f0 b5 57 46 4e 46 45 46 e0 b4 84 b0 06 1c 00 20
879	0x54554	func_08053960	fomt.map	b1 18 03 48 08 80 7e e3 00 80 ff ff 88 22 00 00 6f 03 00 00 0a 4b f2 18 11 88 0a 48 08 40 10 80 09 4c 31 19
889	0x37B78	func_08037B48	fomt.map	04 48 60 61 20 1c 01 b0 70 bc 02 bc 08 47 00 00 79 03 00 00 5c 72 0e 08 70 b5 81 b0 05 1c 0e 1c 44 20 c8 f7
889	0x37C00	func_08037B80	fomt.map	0b fa 04 48 60 61 20 1c 01 b0 10 bc 02 bc 08 47 79 03 00 00 5c 72 0e 08 30 b5 83 b0 05 1c 1c 1c ab 23 9b 00
899	0x11AC0	func_08011934	fomt.map	00 28 09 d0 00 21 04 91 21 e0 00 00 54 06 0f 08 83 03 00 00 58 06 0f 08 3c 4a 90 46 48 46 c2 f0 53 f8 49 46
899	0x11BC0	func_08011934	fomt.map	00 28 09 d0 00 21 04 91 21 e0 00 00 54 06 0f 08 83 03 00 00 58 06 0f 08 40 4a 90 46 48 46 c1 f0 d3 ff 49 46
899	0x11CD0	func_08011934	fomt.map	98 46 a1 46 aa 46 f0 bc 01 bc 00 47 54 06 0f 08 83 03 00 00 58 06 0f 08 70 b5 4e 46 45 46 60 b4 93 b0 05 1c
899	0x15120	func_08014D9C	fomt.map	54 06 0f 08 58 06 0f 08 5c 06 0f 08 60 06 0f 08 83 03 00 00 7c 06 0f 08 84 06 0f 08 8c 06 0f 08 9c 06 0f 08
899	0x15208	func_08014D9C	fomt.map	98 46 a1 46 aa 46 f0 bc 01 bc 00 47 d0 06 0f 08 83 03 00 00 58 06 0f 08 f0 b5 47 46 80 b4 40 68 80 46 45 46
899	0x156A0	func_0801531C	fomt.map	54 06 0f 08 58 06 0f 08 5c 06 0f 08 60 06 0f 08 83 03 00 00 7c 06 0f 08 84 06 0f 08 8c 06 0f 08 9c 06 0f 08
899	0x15788	func_0801531C	fomt.map	98 46 a1 46 aa 46 f0 bc 01 bc 00 47 d0 06 0f 08 83 03 00 00 58 06 0f 08 f0 b5 47 46 80 b4 40 68 80 46 45 46
929	0x3B83C	func_0803B718	fomt.map	38 77 0e 08 08 77 0e 08 14 77 0e 08 28 77 0e 08 a1 03 00 00 30 b5 84 b0 04 1c a2 8b 52 04 92 0d 03 32 1c 49
929	0xDF3EC	func_080DE298	fomt.map	03 48 40 44 01 70 00 f0 4b fe 00 00 44 04 00 00 a1 03 00 00 43 46 30 33 e0 22 52 00 42 44 11 68 88 00 04 38
929	0xDF4F8	func_080DE298	fomt.map	29 f7 16 fa 50 30 00 88 80 21 0e e0 44 04 00 00 a1 03 00 00 28 1c 29 f7 0b fa 04 1c 50 34 28 1c 29 f7 06 fa
929	0xE07D4	func_080E0094	fomt.map	1c c9 1c c0 09 68 01 60 70 68 10 30 70 60 85 e0 a1 03 00 00 ff ff 00 00 88 46 01 20 1e 90 30 68 08 1a 04 11
986	0x2A6F8	func_0802A588	fomt.map	c8 30 01 21 01 70 02 30 04 70 63 e0 70 1c 00 00 da 03 00 00 28 68 00 68 01 68 89 6e a9 f0 04 f9 01 1c 28 1c
986	0x88480	func_08088318	fomt.map	02 49 03 4a 29 e0 00 00 70 1c 00 00 28 ba 58 08 da 03 00 00 b0 6f 02 49 dd 22 92 00 1d e0 00 00 28 ba 58 08
986	0x8BF10	func_0808BDA0	fomt.map	02 49 03 4a 2d e0 00 00 70 1c 00 00 28 ba 58 08 da 03 00 00 e8 6f 02 49 dd 22 92 00 21 e0 00 00 28 ba 58 08
986	0x8C7CC	func_0808C664	fomt.map	02 49 03 4a 29 e0 00 00 70 1c 00 00 28 ba 58 08 da 03 00 00 b0 6f 02 49 dd 22 92 00 1d e0 00 00 28 ba 58 08
986	0x91204	func_08091094	fomt.map	02 49 03 4a 2d e0 00 00 70 1c 00 00 28 ba 58 08 da 03 00 00 e8 6f 02 49 dd 22 92 00 21 e0 00 00 28 ba 58 08
986	0x928C4	func_08092754	fomt.map	02 49 03 4a 2d e0 00 00 70 1c 00 00 28 ba 58 08 da 03 00 00 e8 6f 02 49 dd 22 92 00 21 e0 00 00 28 ba 58 08
1060	0xAE354	func_080ADF6C	fomt.map	b0 e5 73 08 1c 04 00 00 44 de 73 08 a0 05 74 08 24 04 00 00 28 ba 58 08 54 ae 73 08 2c 04 00 00 1c d5 71 08
1060	0xAEF1C	func_080AE894	fomt.map	8c c9 8c c0 09 68 01 60 70 68 10 30 70 60 69 e0 24 04 00 00 dc 04 00 00 00 00 01 06 35 91 26 a9 44 46 0c 60
1060	0xBCC8C	func_080BC938	fomt.map	b0 e5 73 08 1c 04 00 00 44 de 73 08 a0 78 66 08 24 04 00 00 a0 05 74 08 28 ba 58 08 2c 04 00 00 1c d5 71 08
1060	0xBF9B4	func_080BF764	fomt.map	04 06 00 00 fe 05 00 00 ff 05 00 00 7c 05 00 00 24 04 00 00 c9 01 00 00 8c 04 00 00 00 00 01 06 41 91 40 46
1060	0xE4858	func_080E4564	fomt.map	64 04 00 00 3c 04 00 00 34 04 00 00 2c 04 00 00 24 04 00 00 1c 04 00 00 70 b5 06 1c 0d 1c 34 1c 50 34 61 68
1060	0xE4F2C	func_080E4D50	fomt.map	64 04 00 00 3c 04 00 00 34 04 00 00 2c 04 00 00 24 04 00 00 1c 04 00 00 70 b5 06 1c 0d 1c 34 1c 40 34 61 68
1098	0x6DB34	func_0806D990	fomt.map	06 b0 08 bc 98 46 f0 bc 02 bc 08 47 49 04 00 00 4a 04 00 00 f0 b5 57 46 4e 46 45 46 e0 b4 86 b0 82 46 0d 1c
1098	0x6DCE4	func_0806DB38	fomt.map	08 43 07 1c 30 70 29 1c 44 31 00 20 08 70 18 e0 4a 04 00 00 02 48 29 18 08 88 01 38 08 80 23 e0 4c 04 00 00
1098	0x6E160	func_0806E02C	fomt.map	28 1c 7a 30 01 80 08 30 06 80 f0 bc 01 bc 00 47 4a 04 00 00 f0 b5 04 1c 00 27 00 25 9a f7 b2 fb 01 21 08 40
1098	0x6E1D8	func_0806E164	fomt.map	07 21 62 f0 81 fe 40 00 01 30 28 70 03 e0 00 00 4a 04 00 00 01 27 38 1c f0 bc 02 bc 08 47 00 00 30 b5 04 1c
1098	0x6E788	func_0806E578	fomt.map	09 b0 38 bc 98 46 a1 46 aa 46 f0 bc 01 bc 00 47 4a 04 00 00 70 b5 84 46 04 9e 12 4d 65 44 00 20 2c 5e e4 00
1098	0x23B2A8	gUnk_080FFFFC	fomt.map	00 00 ff 00 00 00 00 00 00 0c d1 00 00 00 00 00 4a 04 00 00 ff fe ff 06 0e 16 1c 21 23 22 1f 18 10 07 fe f4
1289	0x106DC4	gUnk_08106DC4	asm/data/data_080F9EB8.s	f8 ad 6e 08 00 00 00 00 50 73 10 08 54 73 10 08 09 05 00 00 00 00 00 00 6c ae 6e 08 00 00 00 00 8c 4f 12 08
1289	0x106DDC	gUnk_08106DDC	asm/data/data_080F9EB8.s	6c ae 6e 08 00 00 00 00 8c 4f 12 08 90 4f 12 08 09 05 00 00 00 00 00 00 c8 ae 6e 08 00 00 00 00 c0 4f 12 08
1289	0x106DF4	gUnk_08106DF4	asm/data/data_080F9EB8.s	c8 ae 6e 08 00 00 00 00 c0 4f 12 08 c4 4f 12 08 09 05 00 00 00 00 00 00 10 ae 6e 08 00 00 00 00 58 4f 12 08
1289	0x1480D0	gUnk_080FFFFC	fomt.map	00 fe f9 f7 f7 ff 01 03 08 09 03 02 05 0c 0f 0e 09 05 00 00 01 07 07 06 04 fe f6 f5 f7 fd 00 01 00 fe f6 f5
1289	0x152544	gUnk_080FFFFC	fomt.map	45 47 48 48 47 44 40 3c 37 30 2b 24 1e 19 13 0e 09 05 00 00 ff fc fa fa f8 f8 f8 f6 f8 f7 f8 f8 f8 f7 f7 f5
1289	0x16DD78	gUnk_080FFFFC	fomt.map	01 04 06 08 09 09 0a 0a 0c 0e 0d 0c 0d 0d 0e 0b 09 05 00 00 fd f9 f7 f6 f8 f9 fb fe fe ff 00 00 00 00 00 00
1289	0x1C49FC	gUnk_080FFFFC	fomt.map	06 f5 eb fb fd 03 07 0c 07 ff f4 06 fd ec f8 fe 09 05 00 00 ff 0d 10 04 00 00 fb f8 09 07 03 00 00 00 fe 00
1289	0x1EE57C	gUnk_080FFFFC	fomt.map	fa fa ff 00 05 07 08 07 00 ff fa f9 fd 00 05 09 09 05 00 00 fc f8 fd 00 03 09 08 04 00 fe fb f9 fd 00 04 08
1289	0x211DE8	gUnk_080FFFFC	fomt.map	04 07 09 08 03 00 00 fd fc fb fb ff 00 03 06 08 09 05 00 00 fd fc fb fb fd 00 00 03 07 09 07 02 00 fe fc fb
1293	0x1F9C68	gUnk_080FFFFC	fomt.map	f3 f3 f6 00 05 14 28 32 3c 41 41 3a 2f 25 1e 17 0d 05 00 00 fe fe fb f3 f6 f3 f3 ec e9 e2 d5 c9 c4 b5 ab a1
1293	0x223064	gUnk_080FFFFC	fomt.map	e1 e2 de e1 e1 dd d7 cd c6 c6 d3 ea 00 0d 16 14 0d 05 00 00 fe f5 f1 ed ef f3 fb 00 01 00 00 fe fe 00 00 06
1300	0x584E0	func_0805806C	fomt.map	a4 04 00 00 bc 04 00 00 dc 04 00 00 f4 04 00 00 14 05 00 00 06 f0 9e f9 c3 48 50 44 04 80 44 80 84 80 c4 80
1300	0xDA8C8	sub_080DA76C	fomt.map	3e 60 ee 20 50 44 81 46 9d e0 00 00 02 00 00 05 14 05 00 00 15 4a 6a 44 11 60 01 20 14 49 69 44 08 60 53 46
1300	0xDA9A8	sub_080DA76C	fomt.map	01 60 10 35 19 e0 00 00 84 05 00 00 bc 04 00 00 14 05 00 00 03 1c 2a 1c 00 2b 0d d0 00 2a 07 d0 10 1c 23 4d
1300	0xDAA48	sub_080DA76C	fomt.map	ff 00 6f 44 3f 68 38 78 01 30 38 70 4f e0 00 00 14 05 00 00 d9 05 0f 08 ac 22 d2 00 6a 44 12 68 11 68 00 20
1300	0xFE940	gUnk_080FE8FC	asm/data/data_080F9EB8.s	4c 04 00 00 47 00 00 00 b0 04 00 00 48 00 00 00 14 05 00 00 49 00 00 00 78 05 00 00 0a 00 00 00 d0 07 00 00
1300	0x1F8710	gUnk_080FFFFC	fomt.map	00 00 06 0e 13 17 18 17 17 0f 0a 06 05 0a 14 17 14 05 00 00 0a 14 0e 05 f6 e3 d2 c9 c4 c4 c8 ce e3 ff 05 01
1301	0x107230	gUnk_08107230	asm/data/data_080F9EB8.s	80 01 00 00 70 ce 6e 08 00 00 00 00 0a 01 00 00 15 05 00 00 74 d3 6e 08 48 d4 6e 08 00 00 00 00 1c 28 13 08
1301	0x10725C	gUnk_0810725C	asm/data/data_080F9EB8.s	c0 01 00 00 14 d3 6e 08 1c d5 6e 08 09 03 00 00 15 05 00 00 a4 2d 6f 08 78 2e 6f 08 00 00 00 00 1c 28 13 08
1301	0x2005EC	gUnk_080FFFFC	fomt.map	ee f4 f2 f4 fb 00 00 05 0e 1f 26 2c 2c 26 29 1f 15 05 00 00 00 fb fb f2 f8 f8 fe 00 00 02 02 0e 12 19 19 12
1303	0x193270	gUnk_080FFFFC	fomt.map	fa ef f2 f0 ec f7 00 00 00 00 00 f9 fb 08 09 11 17 05 00 00 00 fe 00 00 ff e5 ea 00 0a 08 ff f8 ef f6 00 00
1307	0x1F9EF4	gUnk_080FFFFC	fomt.map	0a f6 db d8 e5 fe 17 28 17 00 ec e2 ec 05 28 2b 1b 05 00 00 0a 1e 25 1b 0a 00 fe 00 0d 14 0a 00 00 fb fe 00
