referenced_script_id	referenced_has_warp	source_script_id	source_script	line	callee	arg_index	confidence	is_self_reference	context
6	yes	8	script_8.mary	46	Proc011	2	medium	no	Proc011(54 + var_0, 6, 0)
6	yes	13	script_13.mary	49	Proc011	2	medium	no	Proc011(54 + var_0, 6, 0)
6	yes	20	script_20.mary	171	Proc011	2	medium	no	Proc011(19, 6, 0)
6	yes	24	script_24.mary	216	Proc011	2	medium	no	Proc011(19, 6, 0)
6	yes	24	script_24.mary	217	Proc011	2	medium	no	Proc011(0, 6, 0)
6	yes	29	script_29.mary	106	Proc011	2	medium	no	Proc011(17, 6, 0)
6	yes	29	script_29.mary	107	Proc011	2	medium	no	Proc011(18, 6, 0)
6	yes	29	script_29.mary	109	Proc011	2	medium	no	Proc011(19, 6, 0)
6	yes	29	script_29.mary	308	Proc011	2	medium	no	Proc011(0, 6, 0)
6	yes	29	script_29.mary	402	Proc011	2	medium	no	Proc011(20, 6, 0)
6	yes	29	script_29.mary	403	Proc011	2	medium	no	Proc011(0, 6, 0)
6	yes	34	script_34.mary	52	PlayBGM	2	medium	no	PlayBGM(1, 6)
6	yes	38	script_38.mary	290	Proc011	2	medium	no	Proc011(5, 6, 0)
6	yes	38	script_38.mary	297	Proc011	2	medium	no	Proc011(16, 6, 0)
6	yes	38	script_38.mary	416	Proc011	2	medium	no	Proc011(16, 6, 0)
6	yes	39	script_39.mary	140	Proc011	2	medium	no	Proc011(2, 6, 0)
6	yes	44	script_44.mary	52	PlayBGM	2	medium	no	PlayBGM(1, 6)
6	yes	51	script_51.mary	204	Proc011	2	medium	no	Proc011(0, 6, 0)
6	yes	51	script_51.mary	205	Proc011	2	medium	no	Proc011(24, 6, 0)
6	yes	51	script_51.mary	206	Proc011	2	medium	no	Proc011(20, 6, 0)
6	yes	51	script_51.mary	207	Proc011	2	medium	no	Proc011(21, 6, 0)
6	yes	51	script_51.mary	209	Proc011	2	medium	no	Proc011(25, 6, 0)
6	yes	52	script_52.mary	168	Proc011	2	medium	no	Proc011(0, 6, 0)
6	yes	52	script_52.mary	182	Proc011	2	medium	no	Proc011(24, 6, 0)
6	yes	55	script_55.mary	54	PlayBGM	2	medium	no	PlayBGM(1, 6)
6	yes	59	script_59.mary	41	Proc011	2	medium	no	Proc011(12, 6, 0)
6	yes	59	script_59.mary	200	Proc011	2	medium	no	Proc011(12, 6, 0)
6	yes	61	script_61.mary	38	Proc011	2	medium	no	Proc011(12, 6, 0)
6	yes	62	script_62.mary	57	Proc011	2	medium	no	Proc011(10, 6, 0)
6	yes	62	script_62.mary	58	Proc011	2	medium	no	Proc011(11, 6, 0)
6	yes	64	script_64.mary	56	PlayBGM	2	medium	no	PlayBGM(1, 6)
6	yes	72	script_72.mary	254	Proc011	2	medium	no	Proc011(21, 6, 0)
6	yes	76	script_76.mary	27	Proc011	2	medium	no	Proc011(21, 6, 0)
6	yes	78	script_78.mary	54	PlayBGM	2	medium	no	PlayBGM(1, 6)
6	yes	139	script_139.mary	287	Proc080	1	medium	no	Proc080(6, 2)
6	yes	139	script_139.mary	375	Proc080	1	medium	no	Proc080(6, 2)
6	yes	172	script_172.mary	45	GetEntityLocation	1	medium	no	if Func03E(301) == 0 && var_3 == 1 && var_0 == 0 && var_1 == 30 && (var_2 >= 9 && var_2 < 19) && GetEntityLocation(1) != 7 && GetEntityLocation(2) != 7 && GetEntityLocation(3) != 7 && GetEntityLocation(4) != 7 && GetEntityLocation(7) != 7 && GetEntityLocation(6) != 7 && GetEntityLocation(18) != 7
6	yes	215	script_215.mary	12	Func0BA	1	medium	no	if var_0 && !Func0BA(6)
6	yes	215	script_215.mary	15	Proc0BB	1	medium	no	Proc0BB(6)
6	yes	240	script_240.mary	42	Proc0CA	1	medium	no	Proc0CA(6)
6	yes	341	script_341.mary	180	Proc0F7	1	medium	no	Proc0F7(6, 0)
6	yes	356	script_356.mary	61	Func0FE	1	medium	no	var_1 = Func0FE(6)
6	yes	356	script_356.mary	65	Func0FE	1	medium	no	var_1 = Func0FE(6)
6	yes	358	script_358.mary	404	Proc038	1	medium	no	Proc038(6)
6	yes	371	script_371.mary	100	Func07F	1	medium	no	else if Func03E(239) == 0 && var_6 >= 2 && var_1 != 3 && var_5 == 1 && var_4 == 5 && (var_3 >= 8 && var_3 < 17) && Func07F(15) >= 100 && Func07F(6) >= 100 && Func086(16) == 1 && Func086(6) == 1 && Func086(15) == 1 && GetEntityLocation(16) == 14
6	yes	371	script_371.mary	100	Func086	1	medium	no	else if Func03E(239) == 0 && var_6 >= 2 && var_1 != 3 && var_5 == 1 && var_4 == 5 && (var_3 >= 8 && var_3 < 17) && Func07F(15) >= 100 && Func07F(6) >= 100 && Func086(16) == 1 && Func086(6) == 1 && Func086(15) == 1 && GetEntityLocation(16) == 14
6	yes	371	script_371.mary	105	Func07F	1	medium	no	else if Func03E(239) == 2 && Func03E(240) == 0 && var_6 >= 4 && var_4 == 1 && (var_3 >= 8 && var_3 < 17) && Func07F(15) >= 200 && Func07F(6) >= 200 && GetEntityLocation(16) == 14
6	yes	403	script_403.mary	47	Proc024	1	medium	no	Proc024(6)
6	yes	409	script_409.mary	126	TalkMessage	1	medium	no	TalkMessage(6)
6	yes	409	script_409.mary	144	Proc08D	1	medium	no	Proc08D(6)
6	yes	409	script_409.mary	184	Proc08D	1	medium	no	Proc08D(6)
6	yes	409	script_409.mary	246	TalkMessage	1	medium	no	TalkMessage(6)
6	yes	409	script_409.mary	262	Proc08D	1	medium	no	Proc08D(6)
6	yes	410	script_410.mary	125	TalkMessage	1	medium	no	TalkMessage(6)
6	yes	410	script_410.mary	143	Proc08D	1	medium	no	Proc08D(6)
6	yes	410	script_410.mary	183	Proc08D	1	medium	no	Proc08D(6)
6	yes	410	script_410.mary	245	TalkMessage	1	medium	no	TalkMessage(6)
6	yes	410	script_410.mary	261	Proc08D	1	medium	no	Proc08D(6)
6	yes	411	script_411.mary	125	TalkMessage	1	medium	no	TalkMessage(6)
6	yes	411	script_411.mary	143	Proc08D	1	medium	no	Proc08D(6)
6	yes	411	script_411.mary	183	Proc08D	1	medium	no	Proc08D(6)
6	yes	411	script_411.mary	245	TalkMessage	1	medium	no	TalkMessage(6)
6	yes	411	script_411.mary	261	Proc08D	1	medium	no	Proc08D(6)
6	yes	455	script_455.mary	12	Func0C1	1	medium	no	if var_0 && !Func0C1(6)
6	yes	455	script_455.mary	15	Proc0C2	1	medium	no	Proc0C2(6)
6	yes	472	script_472.mary	25	Proc08F	1	medium	no	Proc08F(6)
6	yes	487	script_487.mary	62	GetEntityLocation	1	medium	no	if GetEntityLocation(6) == 38 && Func03E(5) != 4 && (Func03E(3) >= 10 && Func03E(3) < 16)
6	yes	487	script_487.mary	64	Proc083	1	medium	no	Proc083(6)
6	yes	487	script_487.mary	67	Proc02D	1	medium	no	Proc02D(6)
6	yes	513	script_513.mary	7	Func07F	1	medium	no	if Func07F(6) <= 200
6	yes	513	script_513.mary	11	Func07F	1	medium	no	else if Func07F(6) > 200
6	yes	519	script_519.mary	12	Proc08D	1	medium	no	Proc08D(6)
6	yes	528	script_528.mary	22	GetEntityLocation	1	medium	no	else if GetEntityLocation(6) == 38
6	yes	528	script_528.mary	24	Func07F	1	medium	no	if Func07F(6) <= 100
6	yes	528	script_528.mary	42	Func07F	1	medium	no	else if Func07F(6) > 100
6	yes	528	script_528.mary	59	Func07F	1	medium	no	if Func07F(6) > 200
6	yes	528	script_528.mary	85	GetEntityLocation	1	medium	no	if Func03E(138) == 0 && var_4 != 1 && (var_3 >= 10 && var_3 < 13) && Func03E(103) == 0 && Func03E(142) == 0 && Func03E(143) == 0 && Func03E(102) == 0 && Func089(12) < 10000 && GetEntityLocation(7) == 38 && Func086(12) == 1 && Func086(7) == 1 && GetEntityLocation(6) == 38
6	yes	532	script_532.mary	34	Proc02D	1	medium	no	Proc02D(6)
6	yes	540	script_540.mary	41	Proc0FF	1	medium	no	Proc0FF(6)
6	yes	571	script_571.mary	62	TalkChoice2	2	medium	no	var_0 = TalkChoice2(5, 6)
6	yes	571	script_571.mary	194	Func07B	1	medium	no	if Func07B(6) == 1
6	yes	571	script_571.mary	1306	PushInt	1	medium	no	PushInt(6)
6	yes	571	script_571.mary	2111	PushInt	1	medium	no	PushInt(6)
6	yes	571	script_571.mary	3334	VarId	1	medium	no	PushVar(VarId(6))
6	yes	571	script_571.mary	3465	CallId	1	medium	no	Call(CallId(6))
6	yes	610	script_610.mary	26	TalkChoice3	3	medium	no	var_0 = TalkChoice3(4, 5, 6)
6	yes	614	script_614.mary	26	TalkChoice3	3	medium	no	var_0 = TalkChoice3(4, 5, 6)
6	yes	617	script_617.mary	26	TalkChoice3	3	medium	no	var_0 = TalkChoice3(4, 5, 6)
6	yes	620	script_620.mary	26	TalkChoice3	3	medium	no	var_0 = TalkChoice3(4, 5, 6)
6	yes	623	script_623.mary	26	TalkChoice3	3	medium	no	var_0 = TalkChoice3(4, 5, 6)
6	yes	625	script_625.mary	28	TalkChoice3	3	medium	no	var_0 = TalkChoice3(4, 5, 6)
6	yes	625	script_625.mary	115	TalkChoice3	2	medium	no	var_0 = TalkChoice3(5, 6, 13)
6	yes	629	script_629.mary	28	TalkChoice3	3	medium	no	var_0 = TalkChoice3(4, 5, 6)
6	yes	629	script_629.mary	115	TalkChoice3	2	medium	no	var_0 = TalkChoice3(5, 6, 13)
6	yes	632	script_632.mary	28	TalkChoice3	3	medium	no	var_0 = TalkChoice3(4, 5, 6)
6	yes	632	script_632.mary	115	TalkChoice3	3	medium	no	var_0 = TalkChoice3(4, 5, 6)
6	yes	635	script_635.mary	28	TalkChoice3	3	medium	no	var_0 = TalkChoice3(4, 5, 6)
6	yes	635	script_635.mary	115	TalkChoice3	2	medium	no	var_0 = TalkChoice3(5, 6, 13)
6	yes	638	script_638.mary	28	TalkChoice3	3	medium	no	var_0 = TalkChoice3(4, 5, 6)
6	yes	638	script_638.mary	115	TalkChoice3	2	medium	no	var_0 = TalkChoice3(5, 6, 13)
6	yes	640	script_640.mary	28	TalkChoice3	3	medium	no	var_0 = TalkChoice3(4, 5, 6)
6	yes	640	script_640.mary	115	TalkChoice3	2	medium	no	var_0 = TalkChoice3(5, 6, 12)
6	yes	644	script_644.mary	28	TalkChoice3	3	medium	no	var_0 = TalkChoice3(4, 5, 6)
6	yes	644	script_644.mary	115	TalkChoice3	2	medium	no	var_0 = TalkChoice3(5, 6, 13)
6	yes	647	script_647.mary	28	TalkChoice3	3	medium	no	var_0 = TalkChoice3(4, 5, 6)
6	yes	647	script_647.mary	115	TalkChoice3	2	medium	no	var_0 = TalkChoice3(5, 6, 13)
6	yes	650	script_650.mary	28	TalkChoice3	3	medium	no	var_0 = TalkChoice3(4, 5, 6)
6	yes	650	script_650.mary	115	TalkChoice3	2	medium	no	var_0 = TalkChoice3(5, 6, 13)
6	yes	653	script_653.mary	28	TalkChoice3	3	medium	no	var_0 = TalkChoice3(4, 5, 6)
6	yes	653	script_653.mary	115	TalkChoice3	2	medium	no	var_0 = TalkChoice3(5, 6, 13)
6	yes	710	script_710.mary	64	Proc011	2	medium	no	Proc011(4, 6, 0)
6	yes	710	script_710.mary	73	Proc011	2	medium	no	Proc011(4, 6, 0)
6	yes	710	script_710.mary	123	Proc011	2	medium	no	Proc011(24, 6, 0)
6	yes	711	script_711.mary	51	Proc011	2	medium	no	Proc011(4, 6, 0)
6	yes	711	script_711.mary	83	Proc011	2	medium	no	Proc011(5, 6, 0)
6	yes	712	script_712.mary	17	SetEntityAnim	1	medium	no	SetEntityAnim(6, 2465)
6	yes	712	script_712.mary	31	SetEntityAnim	1	medium	no	SetEntityAnim(6, 2469)
6	yes	712	script_712.mary	32	Proc00A	1	medium	no	Proc00A(6, 118, 1)
6	yes	712	script_712.mary	33	Proc00C	1	medium	no	Proc00C(6)
6	yes	712	script_712.mary	34	SetEntityAnim	1	medium	no	SetEntityAnim(6, 2465)
6	yes	712	script_712.mary	38	Proc02D	1	medium	no	Proc02D(6)
6	yes	712	script_712.mary	48	Proc011	1	medium	no	Proc011(6, 1, 0)
6	yes	712	script_712.mary	52	Proc02D	1	medium	no	Proc02D(6)
6	yes	712	script_712.mary	56	SetEntityFacing	1	medium	no	SetEntityFacing(6, 2)
6	yes	712	script_712.mary	57	Proc011	1	medium	no	Proc011(6, 2, 0)
6	yes	712	script_712.mary	61	Proc02D	1	medium	no	Proc02D(6)
6	yes	712	script_712.mary	69	Proc011	1	medium	no	Proc011(6, 4, 0)
6	yes	712	script_712.mary	71	SetEntityFacing	1	medium	no	SetEntityFacing(6, 1)
6	yes	712	script_712.mary	75	Proc02D	1	medium	no	Proc02D(6)
6	yes	712	script_712.mary	78	SetEntityAnim	1	medium	no	SetEntityAnim(6, 2469)
6	yes	712	script_712.mary	79	SetEntityFacing	1	medium	no	SetEntityFacing(6, 0)
6	yes	712	script_712.mary	80	Proc00A	1	medium	no	Proc00A(6, 240, 1)
6	yes	712	script_712.mary	81	Proc00C	1	medium	no	Proc00C(6)
6	yes	712	script_712.mary	83	Proc00F	1	medium	no	Proc00F(6)
6	yes	712	script_712.mary	92	Proc083	1	medium	no	Proc083(6)
6	yes	712	script_712.mary	94	Proc080	1	medium	no	Proc080(6, 20)
6	yes	713	script_713.mary	24	SetEntityAnim	1	medium	no	SetEntityAnim(6, 2465)
6	yes	713	script_713.mary	38	SetEntityAnim	1	medium	no	SetEntityAnim(6, 2469)
6	yes	713	script_713.mary	39	Proc00A	1	medium	no	Proc00A(6, 118, 1)
6	yes	713	script_713.mary	40	Proc00C	1	medium	no	Proc00C(6)
6	yes	713	script_713.mary	41	SetEntityAnim	1	medium	no	SetEntityAnim(6, 2465)
6	yes	713	script_713.mary	55	Proc02D	1	medium	no	Proc02D(6)
6	yes	713	script_713.mary	67	Proc02D	1	medium	no	Proc02D(6)
6	yes	713	script_713.mary	77	Proc011	1	medium	no	Proc011(6, 2, 0)
6	yes	713	script_713.mary	81	Proc02D	1	medium	no	Proc02D(6)
6	yes	713	script_713.mary	92	Proc02D	1	medium	no	Proc02D(6)
6	yes	713	script_713.mary	95	SetEntityFacing	1	medium	no	SetEntityFacing(6, 2)
6	yes	713	script_713.mary	96	Proc011	1	medium	no	Proc011(6, 2, 0)
6	yes	713	script_713.mary	100	Proc02D	1	medium	no	Proc02D(6)
6	yes	713	script_713.mary	108	Proc011	1	medium	no	Proc011(6, 4, 0)
6	yes	713	script_713.mary	112	Proc02D	1	medium	no	Proc02D(6)
6	yes	713	script_713.mary	115	SetEntityAnim	1	medium	no	SetEntityAnim(6, 2469)
6	yes	713	script_713.mary	116	SetEntityFacing	1	medium	no	SetEntityFacing(6, 0)
6	yes	713	script_713.mary	117	Proc00A	1	medium	no	Proc00A(6, 240, 1)
6	yes	713	script_713.mary	118	Proc00C	1	medium	no	Proc00C(6)
6	yes	713	script_713.mary	120	Proc00F	1	medium	no	Proc00F(6)
6	yes	713	script_713.mary	129	Proc083	1	medium	no	Proc083(6)
6	yes	713	script_713.mary	131	Proc080	1	medium	no	Proc080(6, 20)
6	yes	718	script_718.mary	64	Proc011	2	medium	no	Proc011(8, 6, 0)
6	yes	718	script_718.mary	88	Proc011	2	medium	no	Proc011(8, 6, 0)
6	yes	721	script_721.mary	132	Proc011	2	medium	no	Proc011(0, 6, 0)
6	yes	724	script_724.mary	28	Proc011	2	medium	no	Proc011(10, 6, 0)
6	yes	724	script_724.mary	35	Proc011	2	medium	no	Proc011(10, 6, 0)
6	yes	724	script_724.mary	42	Proc011	2	medium	no	Proc011(10, 6, 0)
6	yes	724	script_724.mary	49	Proc011	2	medium	no	Proc011(10, 6, 0)
6	yes	724	script_724.mary	56	Proc011	2	medium	no	Proc011(10, 6, 1)
6	yes	733	script_733.mary	50	Proc011	2	medium	no	Proc011(12, 6, 0)
6	yes	733	script_733.mary	67	Proc011	2	medium	no	Proc011(7, 6, 0)
6	yes	741	script_741.mary	34	Proc011	2	medium	no	Proc011(0, 6, 0)
6	yes	751	script_751.mary	235	Proc011	2	medium	no	Proc011(17, 6, 0)
6	yes	753	script_753.mary	140	Proc011	2	medium	no	Proc011(17, 6, 0)
6	yes	753	script_753.mary	239	Proc011	2	medium	no	Proc011(8, 6, 0)
6	yes	763	script_763.mary	214	Proc011	2	medium	no	Proc011(0, 6, 0)
6	yes	764	script_764.mary	194	Proc011	2	medium	no	Proc011(0, 6, 0)
6	yes	764	script_764.mary	258	Proc011	2	medium	no	Proc011(0, 6, 0)
6	yes	764	script_764.mary	259	Proc011	2	medium	no	Proc011(28, 6, 0)
6	yes	776	script_776.mary	71	Proc011	2	medium	no	Proc011(16, 6, 0)
6	yes	779	script_779.mary	171	Proc011	2	medium	no	Proc011(0, 6, 0)
6	yes	786	script_786.mary	46	Proc011	2	medium	no	Proc011(25, 6, 1)
6	yes	786	script_786.mary	202	Proc011	2	medium	no	Proc011(0, 6, 0)
6	yes	794	script_794.mary	63	Proc011	2	medium	no	Proc011(23, 6, 0)
6	yes	795	script_795.mary	352	SetEntityAnim	1	medium	no	SetEntityAnim(6, 2465)
6	yes	795	script_795.mary	354	Proc011	2	medium	no	Proc011(0, 6, 0)
6	yes	795	script_795.mary	361	Proc00F	1	medium	no	Proc00F(6)
6	yes	801	script_801.mary	76	Proc011	2	medium	no	Proc011(27, 6, 0)
6	yes	804	script_804.mary	88	Proc011	2	medium	no	Proc011(28, 6, 0)
6	yes	817	script_817.mary	164	Proc011	2	medium	no	Proc011(0, 6, 0)
6	yes	819	script_819.mary	90	Proc011	2	medium	no	Proc011(0, 6, 0)
6	yes	819	script_819.mary	110	Proc011	2	medium	no	Proc011(0, 6, 0)
6	yes	819	script_819.mary	118	SetEntityAnim	1	medium	no	SetEntityAnim(6, 2469)
6	yes	819	script_819.mary	119	Proc011	1	medium	no	Proc011(6, 0, 1)
6	yes	819	script_819.mary	120	Proc00A	1	medium	no	Proc00A(6, 120, 1)
6	yes	819	script_819.mary	121	Proc00C	1	medium	no	Proc00C(6)
6	yes	819	script_819.mary	122	SetEntityAnim	1	medium	no	SetEntityAnim(6, 2465)
6	yes	819	script_819.mary	123	SetEntityFacing	1	medium	no	SetEntityFacing(6, 2)
6	yes	819	script_819.mary	126	Proc02D	1	medium	no	Proc02D(6)
6	yes	819	script_819.mary	130	Proc011	2	medium	no	Proc011(0, 6, 0)
6	yes	819	script_819.mary	131	SetEntityFacing	1	medium	no	SetEntityFacing(6, 1)
6	yes	819	script_819.mary	133	SetEntityAnim	1	medium	no	SetEntityAnim(6, 2469)
6	yes	819	script_819.mary	134	Proc00A	1	medium	no	Proc00A(6, 0, 1)
6	yes	819	script_819.mary	135	Proc00C	1	medium	no	Proc00C(6)
6	yes	819	script_819.mary	136	Proc00F	1	medium	no	Proc00F(6)
6	yes	819	script_819.mary	150	Proc011	2	medium	no	Proc011(0, 6, 0)
6	yes	819	script_819.mary	170	Proc011	2	medium	no	Proc011(0, 6, 0)
6	yes	819	script_819.mary	190	Proc011	2	medium	no	Proc011(0, 6, 0)
6	yes	819	script_819.mary	210	Proc011	2	medium	no	Proc011(0, 6, 0)
6	yes	819	script_819.mary	230	Proc011	2	medium	no	Proc011(0, 6, 0)
6	yes	819	script_819.mary	294	Proc011	2	medium	no	Proc011(0, 6, 0)
6	yes	819	script_819.mary	314	Proc011	2	medium	no	Proc011(0, 6, 0)
6	yes	819	script_819.mary	334	Proc011	2	medium	no	Proc011(0, 6, 0)
6	yes	819	script_819.mary	354	Proc011	2	medium	no	Proc011(0, 6, 0)
6	yes	819	script_819.mary	374	Proc011	2	medium	no	Proc011(0, 6, 0)
6	yes	819	script_819.mary	394	Proc011	2	medium	no	Proc011(0, 6, 0)
6	yes	819	script_819.mary	429	Proc011	2	medium	no	Proc011(0, 6, 0)
6	yes	819	script_819.mary	444	Proc011	2	medium	no	Proc011(0, 6, 0)
6	yes	819	script_819.mary	458	Proc080	1	medium	no	Proc080(6, -10)
6	yes	821	script_821.mary	52	Proc080	1	medium	no	Proc080(6, 10)
6	yes	848	script_848.mary	77	PlayBGM	2	medium	no	PlayBGM(1, 6)
6	yes	848	script_848.mary	259	Proc011	2	medium	no	Proc011(0, 6, 0)
6	yes	848	script_848.mary	286	Proc011	2	medium	no	Proc011(0, 6, 0)
6	yes	855	script_855.mary	24	TalkChoice3	3	medium	no	var_0 = TalkChoice3(4, 5, 6)
6	yes	858	script_858.mary	26	TalkChoice3	3	medium	no	var_0 = TalkChoice3(4, 5, 6)
6	yes	858	script_858.mary	136	TalkChoice3	1	medium	no	var_0 = TalkChoice3(6, 4, 13)
6	yes	861	script_861.mary	26	TalkChoice3	3	medium	no	var_0 = TalkChoice3(4, 5, 6)
6	yes	861	script_861.mary	136	TalkChoice3	2	medium	no	var_0 = TalkChoice3(13, 6, 14)
6	yes	862	script_862.mary	52	Proc011	2	medium	no	Proc011(0, 6, 0)
6	yes	863	script_863.mary	120	Proc011	2	medium	no	Proc011(0, 6, 0)
6	yes	867	script_867.mary	23	Proc011	2	medium	no	Proc011(0, 6, 1)
6	yes	867	script_867.mary	67	Proc011	2	medium	no	Proc011(0, 6, 0)
6	yes	867	script_867.mary	93	Proc011	2	medium	no	Proc011(13, 6, 1)
6	yes	867	script_867.mary	105	Proc011	2	medium	no	Proc011(13, 6, 0)
6	yes	867	script_867.mary	114	Proc011	2	medium	no	Proc011(0, 6, 0)
6	yes	875	script_875.mary	35	Proc011	2	medium	no	Proc011(19, 6, 0)
6	yes	875	script_875.mary	69	Proc011	2	medium	no	Proc011(19, 6, 0)
6	yes	875	script_875.mary	70	Proc011	2	medium	no	Proc011(2, 6, 0)
6	yes	876	script_876.mary	151	Proc011	2	medium	no	Proc011(19, 6, 0)
6	yes	876	script_876.mary	152	Proc011	2	medium	no	Proc011(2, 6, 0)
6	yes	877	script_877.mary	75	PlayBGM	2	medium	no	PlayBGM(1, 6)
6	yes	878	script_878.mary	93	PlayBGM	2	medium	no	PlayBGM(1, 6)
6	yes	879	script_879.mary	7	PlayBGM	2	medium	no	PlayBGM(1, 6)
6	yes	880	script_880.mary	15	Proc030	1	medium	no	Proc030(6)
6	yes	880	script_880.mary	26	Proc030	1	medium	no	Proc030(6)
6	yes	886	script_886.mary	55	Proc011	2	medium	no	Proc011(26, 6, 0)
6	yes	889	script_889.mary	78	Proc011	2	medium	no	Proc011(26, 6, 0)
6	yes	891	script_891.mary	58	Proc011	2	medium	no	Proc011(3, 6, 0)
6	yes	891	script_891.mary	104	Proc011	2	medium	no	Proc011(3, 6, 0)
6	yes	894	script_894.mary	98	Proc011	2	medium	no	Proc011(1, 6, 0)
6	yes	894	script_894.mary	156	Proc011	2	medium	no	Proc011(26, 6, 0)
6	yes	898	script_898.mary	75	PlayBGM	2	medium	no	PlayBGM(1, 6)
6	yes	899	script_899.mary	20	PlayBGM	2	medium	no	PlayBGM(1, 6)
6	yes	906	script_906.mary	73	Proc011	2	medium	no	Proc011(23, 6, 0)
6	yes	908	script_908.mary	87	Proc011	2	medium	no	Proc011(22, 6, 0)
6	yes	911	script_911.mary	99	Proc011	2	medium	no	Proc011(23, 6, 0)
6	yes	918	script_918.mary	67	PlayBGM	2	medium	no	PlayBGM(1, 6)
6	yes	919	script_919.mary	13	PlayBGM	2	medium	no	PlayBGM(1, 6)
6	yes	926	script_926.mary	41	SetEntityAnim	1	medium	no	SetEntityAnim(6, 2465)
6	yes	926	script_926.mary	63	SetEntityFacing	1	medium	no	SetEntityFacing(6, 2)
6	yes	926	script_926.mary	67	Proc02D	1	medium	no	Proc02D(6)
6	yes	926	script_926.mary	75	Proc011	1	medium	no	Proc011(6, 5, 0)
6	yes	926	script_926.mary	79	Proc02D	1	medium	no	Proc02D(6)
6	yes	926	script_926.mary	92	Proc011	1	medium	no	Proc011(6, 2, 0)
6	yes	926	script_926.mary	95	SetEntityFacing	1	medium	no	SetEntityFacing(6, 0)
6	yes	926	script_926.mary	99	Proc02D	1	medium	no	Proc02D(6)
6	yes	926	script_926.mary	117	Proc02D	1	medium	no	Proc02D(6)
6	yes	926	script_926.mary	162	SetEntityFacing	1	medium	no	SetEntityFacing(6, 2)
6	yes	926	script_926.mary	165	Proc02D	1	medium	no	Proc02D(6)
6	yes	926	script_926.mary	191	SetEntityFacing	1	medium	no	SetEntityFacing(6, 0)
6	yes	926	script_926.mary	208	Proc08C	1	medium	no	Proc08C(6, 928)
6	yes	928	script_928.mary	9	Proc02D	1	medium	no	Proc02D(6)
6	yes	928	script_928.mary	12	SetEntityFacing	1	medium	no	SetEntityFacing(6, 0)
6	yes	928	script_928.mary	13	Proc083	1	medium	no	Proc083(6)
6	yes	932	script_932.mary	67	Proc011	2	medium	no	Proc011(7, 6, 0)
6	yes	932	script_932.mary	75	Proc011	2	medium	no	Proc011(12, 6, 0)
6	yes	932	script_932.mary	102	Proc011	2	medium	no	Proc011(7, 6, 0)
6	yes	932	script_932.mary	125	Proc011	2	medium	no	Proc011(7, 6, 0)
6	yes	936	script_936.mary	44	SetEntityAnim	1	medium	no	SetEntityAnim(6, 2465)
6	yes	936	script_936.mary	79	PlayBGM	2	medium	no	PlayBGM(1, 6)
6	yes	936	script_936.mary	110	SetEntityFacing	1	medium	no	SetEntityFacing(6, 0)
6	yes	937	script_937.mary	13	PlayBGM	2	medium	no	PlayBGM(1, 6)
6	yes	937	script_937.mary	30	SetEntityAnim	1	medium	no	SetEntityAnim(6, 2465)
6	yes	937	script_937.mary	77	Proc080	1	medium	no	Proc080(6, 20)
6	yes	937	script_937.mary	117	Proc08C	1	medium	no	Proc08C(6, 943)
6	yes	937	script_937.mary	131	Proc08C	1	medium	no	Proc08C(6, 943)
6	yes	941	script_941.mary	25	Proc080	1	medium	no	Proc080(6, 20)
6	yes	941	script_941.mary	47	Proc08D	1	medium	no	Proc08D(6)
6	yes	943	script_943.mary	7	Func086	1	medium	no	if Func086(6) == 0
6	yes	943	script_943.mary	9	Proc083	1	medium	no	Proc083(6)
6	yes	943	script_943.mary	11	Func085	1	medium	no	if Func085(6) == 0
6	yes	943	script_943.mary	16	Proc02D	1	medium	no	Proc02D(6)
6	yes	943	script_943.mary	19	SetEntityFacing	1	medium	no	SetEntityFacing(6, 3)
6	yes	943	script_943.mary	20	Proc083	1	medium	no	Proc083(6)
6	yes	943	script_943.mary	27	Proc02D	1	medium	no	Proc02D(6)
6	yes	943	script_943.mary	30	SetEntityFacing	1	medium	no	SetEntityFacing(6, 3)
6	yes	943	script_943.mary	31	Proc083	1	medium	no	Proc083(6)
6	yes	944	script_944.mary	46	Proc011	2	medium	no	Proc011(20, 6, 0)
6	yes	944	script_944.mary	70	Proc011	2	medium	no	Proc011(21, 6, 0)
6	yes	947	script_947.mary	50	Proc011	2	medium	no	Proc011(21, 6, 0)
6	yes	947	script_947.mary	51	Proc011	2	medium	no	Proc011(16, 6, 0)
6	yes	947	script_947.mary	93	Proc011	2	medium	no	Proc011(20, 6, 0)
6	yes	947	script_947.mary	114	Proc011	2	medium	no	Proc011(20, 6, 0)
6	yes	950	script_950.mary	48	Proc011	2	medium	no	Proc011(21, 6, 0)
6	yes	950	script_950.mary	70	Proc011	2	medium	no	Proc011(21, 6, 0)
6	yes	953	script_953.mary	80	Proc011	2	medium	no	Proc011(20, 6, 0)
6	yes	956	script_956.mary	75	PlayBGM	2	medium	no	PlayBGM(1, 6)
6	yes	957	script_957.mary	13	PlayBGM	2	medium	no	PlayBGM(1, 6)
6	yes	982	script_982.mary	271	Func086	1	medium	no	if Func086(6) == 1
6	yes	982	script_982.mary	273	Func07F	1	medium	no	if Func07F(6) >= 100
6	yes	982	script_982.mary	590	Func130	1	medium	no	if Func130(5) >= 100 && Func130(6) >= 100 && Func130(7) >= 100
6	yes	982	script_982.mary	1078	Proc08D	1	medium	no	Proc08D(6)
6	yes	982	script_982.mary	1080	Proc080	1	medium	no	Proc080(6, -10)
6	yes	985	script_985.mary	78	Proc080	1	medium	no	Proc080(6, -3 * var_7)
6	yes	986	script_986.mary	86	Proc051	1	medium	no	Proc051(6, 1)
6	yes	986	script_986.mary	87	Proc05B	1	medium	no	Proc05B(6)
6	yes	988	script_988.mary	7	Proc0F7	1	medium	no	Proc0F7(6, 0)
6	yes	1008	script_1008.mary	201	TalkMessage	1	medium	no	TalkMessage(6)
6	yes	1013	script_1013.mary	116	PushInt	1	medium	no	PushInt(6)
6	yes	1013	script_1013.mary	136	PushInt	1	medium	no	PushInt(6)
6	yes	1013	script_1013.mary	213	PushInt	1	medium	no	PushInt(6)
6	yes	1013	script_1013.mary	730	PushInt	1	medium	no	PushInt(6)
6	yes	1017	script_1017.mary	333	Func07A	1	medium	no	else if Func07F(13) > 250 && Func07A(6) == 0
6	yes	1017	script_1017.mary	337	Proc07C	1	medium	no	Proc07C(6)
6	yes	1027	script_1027.mary	43	SetEntityAnim	1	medium	no	SetEntityAnim(6, 2465)
6	yes	1027	script_1027.mary	44	GetEntityFacing	1	medium	no	var_3 = GetEntityFacing(6)
6	yes	1027	script_1027.mary	47	Proc02D	1	medium	no	Proc02D(6)
6	yes	1027	script_1027.mary	48	Func086	1	medium	no	if Func086(6) == 0
6	yes	1027	script_1027.mary	52	Proc083	1	medium	no	Proc083(6)
6	yes	1027	script_1027.mary	153	Func07E	1	medium	no	if (var_0 == 1 || var_0 == 2 || var_0 == 3) && Func07E(6)
6	yes	1027	script_1027.mary	216	Func088	1	medium	no	if Func088(6) == 0
6	yes	1027	script_1027.mary	308	Func07E	1	medium	no	if Func07E(6)
6	yes	1027	script_1027.mary	316	Proc080	1	medium	no	Proc080(6, var_1)
6	yes	1027	script_1027.mary	317	Func07F	1	medium	no	if Func03E(469) == 0 && var_2 == 0 && Func07F(6) > 100 && (var_0 == 1 || var_0 == 2 || var_0 == 3)
6	yes	1027	script_1027.mary	328	Proc087	1	medium	no	Proc087(6)
6	yes	1027	script_1027.mary	343	GetEntityLocation	1	medium	no	switch GetEntityLocation(6)
6	yes	1027	script_1027.mary	349	Func085	1	medium	no	if Func085(6) == 0
6	yes	1027	script_1027.mary	360	Func07F	1	medium	no	else if Func07F(6) <= 100
6	yes	1027	script_1027.mary	362	Func085	1	medium	no	if Func085(6) == 0
6	yes	1027	script_1027.mary	373	Func085	1	medium	no	else if Func085(6) == 0
6	yes	1027	script_1027.mary	409	Func07F	1	medium	no	if Func07F(6) <= 100
6	yes	1027	script_1027.mary	411	Func085	1	medium	no	if Func085(6) == 0
6	yes	1027	script_1027.mary	422	Func085	1	medium	no	else if Func085(6) == 0
6	yes	1027	script_1027.mary	435	Func07F	1	medium	no	if Func07F(6) <= 100
6	yes	1027	script_1027.mary	437	Func085	1	medium	no	if Func085(6) == 0
6	yes	1027	script_1027.mary	448	Func085	1	medium	no	else if Func085(6) == 0
6	yes	1027	script_1027.mary	463	Func085	1	medium	no	if Func085(6) == 0
6	yes	1027	script_1027.mary	474	Func085	1	medium	no	else if Func085(6) == 0
6	yes	1027	script_1027.mary	486	Proc083	1	medium	no	Proc083(6)
6	yes	1027	script_1027.mary	490	SetEntityFacing	1	medium	no	SetEntityFacing(6, var_3)
6	yes	1031	script_1031.mary	16	TalkChoice6	1	medium	no	var_0 = TalkChoice6(6, 7, 8, 9, 10, 11)
6	yes	1031	script_1031.mary	280	TalkChoice6	5	medium	no	var_0 = TalkChoice6(25, 26, 27, 28, 6, 29)
6	yes	1031	script_1031.mary	797	Proc02D	1	medium	no	Proc02D(6)
6	yes	1031	script_1031.mary	800	Func07F	1	medium	no	Proc039(0, Func07F(6))
6	yes	1031	script_1031.mary	806	Proc080	1	medium	no	Proc080(6, 10)
6	yes	1031	script_1031.mary	811	Proc080	1	medium	no	Proc080(6, -10)
6	yes	1032	script_1032.mary	41	Proc0FF	1	medium	no	Proc0FF(6)
6	yes	1048	script_1048.mary	254	Proc030	1	medium	no	Proc030(6)
6	yes	1048	script_1048.mary	295	Proc030	1	medium	no	Proc030(6)
6	yes	1048	script_1048.mary	1473	Proc02D	1	medium	no	Proc02D(6)
6	yes	1048	script_1048.mary	1479	Proc02D	1	medium	no	Proc02D(6)
6	yes	1048	script_1048.mary	1502	Proc02D	1	medium	no	Proc02D(6)
6	yes	1048	script_1048.mary	1508	Proc02D	1	medium	no	Proc02D(6)
6	yes	1051	script_1051.mary	485	Proc0E3	1	medium	no	Proc0E3(6)
6	yes	1061	script_1061.mary	209	Proc147	3	medium	no	Proc147(97, 0, 6)
6	yes	1063	script_1063.mary	35	Proc142	1	medium	no	Proc142(6, 3, 0, 32, 8)
6	yes	1063	script_1063.mary	37	Proc142	1	medium	no	Proc142(6, 4, 0, 34, 8)
6	yes	1063	script_1063.mary	62	Proc142	1	medium	no	Proc142(6, 0, 1, 0, 0)
6	yes	1063	script_1063.mary	72	Proc142	1	medium	no	Proc142(6, 1, 1, 0, 0)
6	yes	1063	script_1063.mary	82	Proc142	1	medium	no	Proc142(6, 2, 1, 0, 0)
6	yes	1063	script_1063.mary	229	Proc142	1	medium	no	Proc142(6, 3, 0, 0, 0)
6	yes	1063	script_1063.mary	231	Proc142	1	medium	no	Proc142(6, 4, 0, 0, 0)
6	yes	1063	script_1063.mary	262	Proc143	3	medium	no	Proc143(7, 3, 6)
6	yes	1063	script_1063.mary	437	Proc142	1	medium	no	Proc142(6, 0, 1, 0, 1)
6	yes	1063	script_1063.mary	438	Proc142	1	medium	no	Proc142(6, 1, 1, 0, 1)
6	yes	1063	script_1063.mary	439	Proc142	1	medium	no	Proc142(6, 2, 1, 0, 1)
6	yes	1063	script_1063.mary	510	Proc142	1	medium	no	Proc142(6, 0, 2, 0, 1)
6	yes	1063	script_1063.mary	549	Proc142	1	medium	no	Proc142(6, 1, 2, 0, 1)
6	yes	1063	script_1063.mary	588	Proc142	1	medium	no	Proc142(6, 2, 2, 0, 1)
6	yes	1063	script_1063.mary	595	Proc142	1	medium	no	Proc142(6, 0, 1, 0, 2)
6	yes	1063	script_1063.mary	596	Proc142	1	medium	no	Proc142(6, 1, 1, 0, 2)
6	yes	1063	script_1063.mary	597	Proc142	1	medium	no	Proc142(6, 2, 1, 0, 2)
6	yes	1063	script_1063.mary	671	Proc142	1	medium	no	Proc142(6, 2, 2, 0, 2)
6	yes	1063	script_1063.mary	675	Proc142	1	medium	no	Proc142(6, 1, 2, 0, 2)
6	yes	1063	script_1063.mary	679	Proc142	1	medium	no	Proc142(6, 0, 2, 0, 2)
6	yes	1063	script_1063.mary	705	Proc142	1	medium	no	Proc142(6, 0, 1, 0, 5)
6	yes	1063	script_1063.mary	706	Proc142	1	medium	no	Proc142(6, 1, 1, 0, 5)
6	yes	1063	script_1063.mary	707	Proc142	1	medium	no	Proc142(6, 2, 1, 0, 5)
6	yes	1065	script_1065.mary	19	SetEntityAnim	1	medium	no	SetEntityAnim(6, 2465)
6	yes	1065	script_1065.mary	43	Proc08C	1	medium	no	Proc08C(6, 1076)
6	yes	1066	script_1066.mary	78	Proc08D	1	medium	no	Proc08D(6)
6	yes	1076	script_1076.mary	6	Func086	1	medium	no	if Func086(6) == 0
6	yes	1076	script_1076.mary	8	Proc083	1	medium	no	Proc083(6)
6	yes	1076	script_1076.mary	13	Proc02D	1	medium	no	Proc02D(6)
6	yes	1076	script_1076.mary	17	Func084	1	medium	no	if Func084(6) == 0
6	yes	1076	script_1076.mary	19	Proc080	1	medium	no	Proc080(6, 5)
6	yes	1076	script_1076.mary	21	Proc083	1	medium	no	Proc083(6)
6	yes	1076	script_1076.mary	22	SetEntityFacing	1	medium	no	SetEntityFacing(6, 0)
6	yes	1080	script_1080.mary	18	SetEntityAnim	1	medium	no	SetEntityAnim(6, 2465)
6	yes	1080	script_1080.mary	66	Proc08C	1	medium	no	Proc08C(6, 1095)
6	yes	1095	script_1095.mary	7	Func086	1	medium	no	if Func086(6) == 0
6	yes	1095	script_1095.mary	9	Proc083	1	medium	no	Proc083(6)
6	yes	1095	script_1095.mary	16	Proc02D	1	medium	no	Proc02D(6)
6	yes	1095	script_1095.mary	23	Proc02D	1	medium	no	Proc02D(6)
6	yes	1095	script_1095.mary	27	Func084	1	medium	no	if Func084(6) == 0
6	yes	1095	script_1095.mary	29	Proc080	1	medium	no	Proc080(6, 5)
6	yes	1095	script_1095.mary	31	Proc083	1	medium	no	Proc083(6)
6	yes	1095	script_1095.mary	32	SetEntityFacing	1	medium	no	SetEntityFacing(6, 1)
6	yes	1098	script_1098.mary	48	Proc080	1	medium	no	Proc080(6, 20)
6	yes	1128	script_1128.mary	489	Proc011	2	medium	no	Proc011(30, 6, 0)
6	yes	1128	script_1128.mary	556	Proc011	2	medium	no	Proc011(30, 6, 1)
6	yes	1152	script_1152.mary	7	Func086	1	medium	no	if Func086(6) == 0
6	yes	1152	script_1152.mary	9	Proc083	1	medium	no	Proc083(6)
6	yes	1152	script_1152.mary	16	Proc02D	1	medium	no	Proc02D(6)
6	yes	1152	script_1152.mary	23	Proc02D	1	medium	no	Proc02D(6)
6	yes	1152	script_1152.mary	27	Func084	1	medium	no	if Func084(6) == 0
6	yes	1152	script_1152.mary	29	Proc080	1	medium	no	Proc080(6, 5)
6	yes	1152	script_1152.mary	31	Proc083	1	medium	no	Proc083(6)
6	yes	1152	script_1152.mary	32	SetEntityFacing	1	medium	no	SetEntityFacing(6, 0)
6	yes	1159	script_1159.mary	8	Func086	1	medium	no	if Func086(6) == 0
6	yes	1159	script_1159.mary	10	Proc083	1	medium	no	Proc083(6)
6	yes	1159	script_1159.mary	17	Proc02D	1	medium	no	Proc02D(6)
6	yes	1159	script_1159.mary	24	Proc02D	1	medium	no	Proc02D(6)
6	yes	1159	script_1159.mary	31	Proc02D	1	medium	no	Proc02D(6)
6	yes	1159	script_1159.mary	35	Func084	1	medium	no	if Func084(6) == 0
6	yes	1159	script_1159.mary	37	Proc080	1	medium	no	Proc080(6, 5)
6	yes	1159	script_1159.mary	39	Proc083	1	medium	no	Proc083(6)
6	yes	1159	script_1159.mary	40	SetEntityFacing	1	medium	no	SetEntityFacing(6, 0)
6	yes	1161	script_1161.mary	19	SetEntityAnim	1	medium	no	SetEntityAnim(6, 2465)
6	yes	1161	script_1161.mary	45	Proc08C	1	medium	no	Proc08C(6, 1152)
6	yes	1162	script_1162.mary	21	SetEntityAnim	1	medium	no	SetEntityAnim(6, 2465)
6	yes	1162	script_1162.mary	36	Proc08C	1	medium	no	Proc08C(6, 1159)
6	yes	1163	script_1163.mary	41	Proc080	1	medium	no	Proc080(6, 20)
6	yes	1246	script_1246.mary	11	SetEntityAnim	1	medium	no	SetEntityAnim(6, 2465)
6	yes	1246	script_1246.mary	61	Proc08C	1	medium	no	Proc08C(6, 1261)
6	yes	1261	script_1261.mary	7	Func086	1	medium	no	if Func086(6) == 0
6	yes	1261	script_1261.mary	9	Proc083	1	medium	no	Proc083(6)
6	yes	1261	script_1261.mary	16	Proc02D	1	medium	no	Proc02D(6)
6	yes	1261	script_1261.mary	23	Proc02D	1	medium	no	Proc02D(6)
6	yes	1261	script_1261.mary	27	Func084	1	medium	no	if Func084(6) == 0
6	yes	1261	script_1261.mary	29	Proc080	1	medium	no	Proc080(6, 5)
6	yes	1261	script_1261.mary	31	Proc083	1	medium	no	Proc083(6)
6	yes	1261	script_1261.mary	32	SetEntityFacing	1	medium	no	SetEntityFacing(6, 3)
6	yes	1264	script_1264.mary	46	Proc080	1	medium	no	Proc080(6, 20)
6	yes	1318	script_1318.mary	23	SetEntityAnim	1	medium	no	SetEntityAnim(6, 2465)
6	yes	1318	script_1318.mary	34	Proc08C	1	medium	no	Proc08C(6, 1326)
6	yes	1319	script_1319.mary	31	SetEntityAnim	1	medium	no	SetEntityAnim(6, 2465)
6	yes	1319	script_1319.mary	61	Proc08D	1	medium	no	Proc08D(6)
6	yes	1320	script_1320.mary	21	Func085	1	medium	no	if (Func03E(244) == 0 || Func085(23)) && Func085(24) && Func085(11) && Func085(10) && Func085(12) && Func085(6) && Func085(7)
6	yes	1321	script_1321.mary	21	Func085	1	medium	no	if (Func03E(244) == 0 || Func085(23)) && Func085(24) && Func085(11) && Func085(10) && Func085(12) && Func085(6) && Func085(7)
6	yes	1322	script_1322.mary	21	Func085	1	medium	no	if (Func03E(244) == 0 || Func085(23)) && Func085(24) && Func085(11) && Func085(10) && Func085(12) && Func085(6) && Func085(7)
6	yes	1323	script_1323.mary	25	Func085	1	medium	no	if (Func03E(244) == 0 || Func085(23)) && Func085(24) && Func085(11) && Func085(10) && Func085(12) && Func085(6) && Func085(7)
6	yes	1324	script_1324.mary	21	Func085	1	medium	no	if (Func03E(244) == 0 || Func085(23)) && Func085(24) && Func085(11) && Func085(10) && Func085(12) && Func085(6) && Func085(7)
6	yes	1325	script_1325.mary	21	Func085	1	medium	no	if (Func03E(244) == 0 || Func085(23)) && Func085(24) && Func085(11) && Func085(10) && Func085(12) && Func085(6) && Func085(7)
6	yes	1326	script_1326.mary	6	Func086	1	medium	no	if Func086(6) == 0
6	yes	1326	script_1326.mary	8	Proc083	1	medium	no	Proc083(6)
6	yes	1326	script_1326.mary	13	Proc02D	1	medium	no	Proc02D(6)
6	yes	1326	script_1326.mary	16	Func085	1	medium	no	if Func085(6) == 0
6	yes	1326	script_1326.mary	18	Proc080	1	medium	no	Proc080(6, 5)
6	yes	1326	script_1326.mary	20	Proc083	1	medium	no	Proc083(6)
6	yes	1326	script_1326.mary	21	Func085	1	medium	no	if (Func03E(244) == 0 || Func085(23)) && Func085(24) && Func085(11) && Func085(10) && Func085(12) && Func085(6) && Func085(7)
6	yes	1326	script_1326.mary	26	SetEntityFacing	1	medium	no	SetEntityFacing(6, 1)
16	yes	34	script_34.mary	22	SetEntityAnim	1	medium	no	SetEntityAnim(16, 2232)
16	yes	34	script_34.mary	100	SetEntityAnim	1	medium	no	SetEntityAnim(16, 2236)
16	yes	34	script_34.mary	102	Proc008	1	medium	no	Proc008(16, 168, 1)
16	yes	34	script_34.mary	104	Proc00C	1	medium	no	Proc00C(16)
16	yes	34	script_34.mary	106	SetEntityAnim	1	medium	no	SetEntityAnim(16, 2232)
16	yes	34	script_34.mary	108	SetEntityFacing	1	medium	no	SetEntityFacing(16, 0)
16	yes	34	script_34.mary	110	SetEntityAnim	1	medium	no	SetEntityAnim(16, 2236)
16	yes	34	script_34.mary	112	Proc00A	1	medium	no	Proc00A(16, 280, 1)
16	yes	34	script_34.mary	114	Proc00C	1	medium	no	Proc00C(16)
16	yes	34	script_34.mary	120	Proc080	1	medium	no	Proc080(16, 20)
16	yes	34	script_34.mary	127	Proc083	1	medium	no	Proc083(16)
16	yes	38	script_38.mary	60	SetEntityAnim	1	medium	no	SetEntityAnim(16, 2232)
16	yes	38	script_38.mary	87	Proc02D	1	medium	no	Proc02D(16)
16	yes	38	script_38.mary	97	Proc02D	1	medium	no	Proc02D(16)
16	yes	38	script_38.mary	128	Proc02D	1	medium	no	Proc02D(16)
16	yes	38	script_38.mary	154	SetEntityFacing	1	medium	no	SetEntityFacing(16, 0)
16	yes	38	script_38.mary	183	Proc080	1	medium	no	Proc080(16, -10)
16	yes	38	script_38.mary	206	Proc02D	1	medium	no	Proc02D(16)
16	yes	38	script_38.mary	217	SetEntityAnim	1	medium	no	SetEntityAnim(16, 2232)
16	yes	38	script_38.mary	245	Proc02D	1	medium	no	Proc02D(16)
16	yes	38	script_38.mary	274	Proc011	1	medium	no	Proc011(16, 2, 0)
16	yes	38	script_38.mary	276	SetEntityFacing	1	medium	no	SetEntityFacing(16, 2)
16	yes	38	script_38.mary	278	Proc011	1	medium	no	Proc011(16, 0, 0)
16	yes	38	script_38.mary	282	Proc02D	1	medium	no	Proc02D(16)
16	yes	38	script_38.mary	297	Proc011	1	medium	no	Proc011(16, 6, 0)
16	yes	38	script_38.mary	301	Proc02D	1	medium	no	Proc02D(16)
16	yes	38	script_38.mary	309	SetEntityFacing	1	medium	no	SetEntityFacing(16, 3)
16	yes	38	script_38.mary	310	SetEntityAnim	1	medium	no	SetEntityAnim(16, 2236)
16	yes	38	script_38.mary	312	Proc008	1	medium	no	Proc008(16, 1145, 2)
16	yes	38	script_38.mary	316	Proc00C	1	medium	no	Proc00C(16)
16	yes	38	script_38.mary	318	SetEntityAnim	1	medium	no	SetEntityAnim(16, 2232)
16	yes	38	script_38.mary	320	Proc00F	1	medium	no	Proc00F(16)
16	yes	38	script_38.mary	379	Proc083	1	medium	no	Proc083(16)
16	yes	38	script_38.mary	386	Proc080	1	medium	no	Proc080(16, -10)
16	yes	38	script_38.mary	400	Proc011	1	medium	no	Proc011(16, 5, 0)
16	yes	38	script_38.mary	402	SetEntityFacing	1	medium	no	SetEntityFacing(16, 3)
16	yes	38	script_38.mary	405	Proc02D	1	medium	no	Proc02D(16)
16	yes	38	script_38.mary	416	Proc011	1	medium	no	Proc011(16, 6, 0)
16	yes	38	script_38.mary	420	Proc02D	1	medium	no	Proc02D(16)
16	yes	38	script_38.mary	429	SetEntityFacing	1	medium	no	SetEntityFacing(16, 1)
16	yes	38	script_38.mary	447	Proc02D	1	medium	no	Proc02D(16)
16	yes	38	script_38.mary	452	SetEntityFacing	1	medium	no	SetEntityFacing(16, 0)
16	yes	38	script_38.mary	458	SetEntityAnim	1	medium	no	SetEntityAnim(16, 2236)
16	yes	38	script_38.mary	463	Proc00A	1	medium	no	Proc00A(16, 270, 1)
16	yes	38	script_38.mary	466	Proc00C	1	medium	no	Proc00C(16)
16	yes	38	script_38.mary	469	SetEntityAnim	1	medium	no	SetEntityAnim(16, 2232)
16	yes	38	script_38.mary	472	Proc00F	1	medium	no	Proc00F(16)
16	yes	38	script_38.mary	488	Proc083	1	medium	no	Proc083(16)
16	yes	44	script_44.mary	21	SetEntityAnim	1	medium	no	SetEntityAnim(16, 2232)
16	yes	44	script_44.mary	100	SetEntityAnim	1	medium	no	SetEntityAnim(16, 2236)
16	yes	44	script_44.mary	102	Proc008	1	medium	no	Proc008(16, 168, 1)
16	yes	44	script_44.mary	104	Proc00C	1	medium	no	Proc00C(16)
16	yes	44	script_44.mary	106	SetEntityAnim	1	medium	no	SetEntityAnim(16, 2232)
16	yes	44	script_44.mary	108	SetEntityFacing	1	medium	no	SetEntityFacing(16, 0)
16	yes	44	script_44.mary	110	SetEntityAnim	1	medium	no	SetEntityAnim(16, 2236)
16	yes	44	script_44.mary	112	Proc00A	1	medium	no	Proc00A(16, 280, 1)
16	yes	44	script_44.mary	114	Proc00C	1	medium	no	Proc00C(16)
16	yes	44	script_44.mary	120	Proc080	1	medium	no	Proc080(16, 20)
16	yes	44	script_44.mary	127	Proc083	1	medium	no	Proc083(16)
16	yes	55	script_55.mary	21	SetEntityAnim	1	medium	no	SetEntityAnim(16, 2232)
16	yes	55	script_55.mary	101	SetEntityAnim	1	medium	no	SetEntityAnim(16, 2236)
16	yes	55	script_55.mary	103	Proc008	1	medium	no	Proc008(16, 168, 1)
16	yes	55	script_55.mary	105	Proc00C	1	medium	no	Proc00C(16)
16	yes	55	script_55.mary	107	SetEntityAnim	1	medium	no	SetEntityAnim(16, 2232)
16	yes	55	script_55.mary	109	SetEntityFacing	1	medium	no	SetEntityFacing(16, 0)
16	yes	55	script_55.mary	111	SetEntityAnim	1	medium	no	SetEntityAnim(16, 2236)
16	yes	55	script_55.mary	113	Proc00A	1	medium	no	Proc00A(16, 280, 1)
16	yes	55	script_55.mary	115	Proc00C	1	medium	no	Proc00C(16)
16	yes	55	script_55.mary	121	Proc080	1	medium	no	Proc080(16, 20)
16	yes	55	script_55.mary	127	Proc083	1	medium	no	Proc083(16)
16	yes	64	script_64.mary	21	SetEntityAnim	1	medium	no	SetEntityAnim(16, 2232)
16	yes	64	script_64.mary	104	SetEntityAnim	1	medium	no	SetEntityAnim(16, 2236)
16	yes	64	script_64.mary	106	Proc008	1	medium	no	Proc008(16, 168, 1)
16	yes	64	script_64.mary	108	Proc00C	1	medium	no	Proc00C(16)
16	yes	64	script_64.mary	110	SetEntityAnim	1	medium	no	SetEntityAnim(16, 2232)
16	yes	64	script_64.mary	112	SetEntityFacing	1	medium	no	SetEntityFacing(16, 0)
16	yes	64	script_64.mary	114	SetEntityAnim	1	medium	no	SetEntityAnim(16, 2236)
16	yes	64	script_64.mary	116	Proc00A	1	medium	no	Proc00A(16, 280, 1)
16	yes	64	script_64.mary	118	Proc00C	1	medium	no	Proc00C(16)
16	yes	64	script_64.mary	124	Proc080	1	medium	no	Proc080(16, 20)
16	yes	64	script_64.mary	131	Proc083	1	medium	no	Proc083(16)
16	yes	66	script_66.mary	40	SetEntityAnim	1	medium	no	SetEntityAnim(16, 2232)
16	yes	66	script_66.mary	44	SetEntityAnim	1	medium	no	SetEntityAnim(16, 2236)
16	yes	66	script_66.mary	45	Proc00A	1	medium	no	Proc00A(16, 212, 1)
16	yes	66	script_66.mary	46	Proc00C	1	medium	no	Proc00C(16)
16	yes	66	script_66.mary	47	SetEntityAnim	1	medium	no	SetEntityAnim(16, 2232)
16	yes	66	script_66.mary	48	SetEntityFacing	1	medium	no	SetEntityFacing(16, 2)
16	yes	66	script_66.mary	49	SetEntityAnim	1	medium	no	SetEntityAnim(16, 2236)
16	yes	66	script_66.mary	50	Proc008	1	medium	no	Proc008(16, 120, 1)
16	yes	66	script_66.mary	51	Proc00C	1	medium	no	Proc00C(16)
16	yes	66	script_66.mary	52	SetEntityAnim	1	medium	no	SetEntityAnim(16, 2232)
16	yes	66	script_66.mary	53	SetEntityFacing	1	medium	no	SetEntityFacing(16, 1)
16	yes	66	script_66.mary	54	Proc011	1	medium	no	Proc011(16, 5, 0)
16	yes	66	script_66.mary	56	SetEntityFacing	1	medium	no	SetEntityFacing(16, 2)
16	yes	66	script_66.mary	57	Proc008	1	medium	no	Proc008(16, 88, 1)
16	yes	66	script_66.mary	58	Proc00C	1	medium	no	Proc00C(16)
16	yes	66	script_66.mary	59	SetEntityAnim	1	medium	no	SetEntityAnim(16, 2232)
16	yes	66	script_66.mary	60	SetEntityFacing	1	medium	no	SetEntityFacing(16, 1)
16	yes	66	script_66.mary	61	SetEntityAnim	1	medium	no	SetEntityAnim(16, 2236)
16	yes	66	script_66.mary	62	Proc00A	1	medium	no	Proc00A(16, 140, 1)
16	yes	66	script_66.mary	63	Proc00C	1	medium	no	Proc00C(16)
16	yes	66	script_66.mary	64	SetEntityAnim	1	medium	no	SetEntityAnim(16, 2232)
16	yes	66	script_66.mary	65	SetEntityFacing	1	medium	no	SetEntityFacing(16, 3)
16	yes	66	script_66.mary	71	Proc02D	1	medium	no	Proc02D(16)
16	yes	66	script_66.mary	79	Proc011	1	medium	no	Proc011(16, 5, 0)
16	yes	66	script_66.mary	83	Proc02D	1	medium	no	Proc02D(16)
16	yes	66	script_66.mary	97	Proc02D	1	medium	no	Proc02D(16)
16	yes	66	script_66.mary	111	Proc011	1	medium	no	Proc011(16, 2, 0)
16	yes	66	script_66.mary	114	SetEntityFacing	1	medium	no	SetEntityFacing(16, 0)
16	yes	66	script_66.mary	115	SetEntityAnim	1	medium	no	SetEntityAnim(16, 2236)
16	yes	66	script_66.mary	116	Proc00A	1	medium	no	Proc00A(16, 216, 1)
16	yes	66	script_66.mary	117	Proc00C	1	medium	no	Proc00C(16)
16	yes	66	script_66.mary	118	SetEntityAnim	1	medium	no	SetEntityAnim(16, 2232)
16	yes	66	script_66.mary	119	SetEntityFacing	1	medium	no	SetEntityFacing(16, 3)
16	yes	66	script_66.mary	120	SetEntityAnim	1	medium	no	SetEntityAnim(16, 2236)
16	yes	66	script_66.mary	121	Proc008	1	medium	no	Proc008(16, 120, 1)
16	yes	66	script_66.mary	122	Proc00C	1	medium	no	Proc00C(16)
16	yes	66	script_66.mary	123	SetEntityAnim	1	medium	no	SetEntityAnim(16, 2232)
16	yes	66	script_66.mary	124	SetEntityFacing	1	medium	no	SetEntityFacing(16, 1)
16	yes	66	script_66.mary	195	Proc011	1	medium	no	Proc011(16, 2, 0)
16	yes	66	script_66.mary	199	Proc02D	1	medium	no	Proc02D(16)
16	yes	66	script_66.mary	202	SetEntityFacing	1	medium	no	SetEntityFacing(16, 2)
16	yes	66	script_66.mary	203	SetEntityAnim	1	medium	no	SetEntityAnim(16, 2236)
16	yes	66	script_66.mary	204	Proc008	1	medium	no	Proc008(16, 104, 1)
16	yes	66	script_66.mary	205	Proc00C	1	medium	no	Proc00C(16)
16	yes	66	script_66.mary	206	SetEntityAnim	1	medium	no	SetEntityAnim(16, 2232)
16	yes	66	script_66.mary	207	SetEntityFacing	1	medium	no	SetEntityFacing(16, 1)
16	yes	66	script_66.mary	208	SetEntityAnim	1	medium	no	SetEntityAnim(16, 2236)
16	yes	66	script_66.mary	209	Proc00A	1	medium	no	Proc00A(16, 200, 1)
16	yes	66	script_66.mary	210	Proc00C	1	medium	no	Proc00C(16)
16	yes	66	script_66.mary	211	SetEntityAnim	1	medium	no	SetEntityAnim(16, 2232)
16	yes	66	script_66.mary	219	Proc02D	1	medium	no	Proc02D(16)
16	yes	66	script_66.mary	229	Proc02D	1	medium	no	Proc02D(16)
16	yes	66	script_66.mary	237	SetEntityFacing	1	medium	no	SetEntityFacing(16, 3)
16	yes	66	script_66.mary	240	Proc02D	1	medium	no	Proc02D(16)
16	yes	66	script_66.mary	253	Proc080	1	medium	no	Proc080(16, 20)
16	yes	66	script_66.mary	257	Proc02D	1	medium	no	Proc02D(16)
16	yes	66	script_66.mary	260	SetEntityFacing	1	medium	no	SetEntityFacing(16, 0)
16	yes	66	script_66.mary	261	SetEntityAnim	1	medium	no	SetEntityAnim(16, 2236)
16	yes	66	script_66.mary	262	Proc00A	1	medium	no	Proc00A(16, 280, 1)
16	yes	66	script_66.mary	264	Proc00C	1	medium	no	Proc00C(16)
16	yes	66	script_66.mary	265	SetEntityAnim	1	medium	no	SetEntityAnim(16, 2232)
16	yes	66	script_66.mary	266	SetEntityFacing	1	medium	no	SetEntityFacing(16, 3)
16	yes	66	script_66.mary	267	SetEntityAnim	1	medium	no	SetEntityAnim(16, 2236)
16	yes	66	script_66.mary	268	Proc008	1	medium	no	Proc008(16, 184, 1)
16	yes	66	script_66.mary	269	Proc00C	1	medium	no	Proc00C(16)
16	yes	66	script_66.mary	270	SetEntityAnim	1	medium	no	SetEntityAnim(16, 2232)
16	yes	66	script_66.mary	271	SetEntityFacing	1	medium	no	SetEntityFacing(16, 0)
16	yes	66	script_66.mary	272	SetEntityAnim	1	medium	no	SetEntityAnim(16, 2236)
16	yes	66	script_66.mary	273	Proc00A	1	medium	no	Proc00A(16, 335, 1)
16	yes	66	script_66.mary	274	Proc00C	1	medium	no	Proc00C(16)
16	yes	66	script_66.mary	275	SetEntityAnim	1	medium	no	SetEntityAnim(16, 2232)
16	yes	66	script_66.mary	276	Proc00F	1	medium	no	Proc00F(16)
16	yes	66	script_66.mary	289	Proc083	1	medium	no	Proc083(16)
16	yes	66	script_66.mary	297	Proc080	1	medium	no	Proc080(16, -10)
16	yes	66	script_66.mary	301	Proc02D	1	medium	no	Proc02D(16)
16	yes	66	script_66.mary	304	SetEntityFacing	1	medium	no	SetEntityFacing(16, 0)
16	yes	66	script_66.mary	305	SetEntityAnim	1	medium	no	SetEntityAnim(16, 2236)
16	yes	66	script_66.mary	306	Proc00A	1	medium	no	Proc00A(16, 280, 1)
16	yes	66	script_66.mary	308	Proc00C	1	medium	no	Proc00C(16)
16	yes	66	script_66.mary	309	SetEntityAnim	1	medium	no	SetEntityAnim(16, 2232)
16	yes	66	script_66.mary	310	SetEntityFacing	1	medium	no	SetEntityFacing(16, 3)
16	yes	66	script_66.mary	311	SetEntityAnim	1	medium	no	SetEntityAnim(16, 2236)
16	yes	66	script_66.mary	312	Proc008	1	medium	no	Proc008(16, 184, 1)
16	yes	66	script_66.mary	313	Proc00C	1	medium	no	Proc00C(16)
16	yes	66	script_66.mary	314	SetEntityAnim	1	medium	no	SetEntityAnim(16, 2232)
16	yes	66	script_66.mary	315	SetEntityFacing	1	medium	no	SetEntityFacing(16, 0)
16	yes	66	script_66.mary	316	SetEntityAnim	1	medium	no	SetEntityAnim(16, 2236)
16	yes	66	script_66.mary	317	Proc00A	1	medium	no	Proc00A(16, 335, 1)
16	yes	66	script_66.mary	318	Proc00C	1	medium	no	Proc00C(16)
16	yes	66	script_66.mary	319	SetEntityAnim	1	medium	no	SetEntityAnim(16, 2232)
16	yes	66	script_66.mary	320	Proc00F	1	medium	no	Proc00F(16)
16	yes	66	script_66.mary	331	Proc083	1	medium	no	Proc083(16)
16	yes	72	script_72.mary	42	SetEntityAnim	1	medium	no	SetEntityAnim(16, 2232)
16	yes	72	script_72.mary	112	SetEntityAnim	1	medium	no	SetEntityAnim(16, 2236)
16	yes	72	script_72.mary	113	Proc00A	1	medium	no	Proc00A(16, 136, 1)
16	yes	72	script_72.mary	114	Proc00C	1	medium	no	Proc00C(16)
16	yes	72	script_72.mary	115	SetEntityAnim	1	medium	no	SetEntityAnim(16, 2232)
16	yes	72	script_72.mary	122	Proc02D	1	medium	no	Proc02D(16)
16	yes	72	script_72.mary	137	Proc02D	1	medium	no	Proc02D(16)
16	yes	72	script_72.mary	142	Proc083	1	medium	no	Proc083(16)
16	yes	72	script_72.mary	146	Proc08C	1	medium	no	Proc08C(16, 75)
16	yes	72	script_72.mary	154	Proc080	1	medium	no	Proc080(16, 20)
16	yes	72	script_72.mary	170	SetEntityAnim	1	medium	no	SetEntityAnim(16, 2232)
16	yes	72	script_72.mary	192	SetEntityFacing	1	medium	no	SetEntityFacing(16, 2)
16	yes	72	script_72.mary	193	Proc011	1	medium	no	Proc011(16, 2, 0)
16	yes	72	script_72.mary	197	Proc02D	1	medium	no	Proc02D(16)
16	yes	72	script_72.mary	209	Proc02D	1	medium	no	Proc02D(16)
16	yes	72	script_72.mary	223	SetEntityAnim	1	medium	no	SetEntityAnim(16, 2232)
16	yes	72	script_72.mary	229	Proc02D	1	medium	no	Proc02D(16)
16	yes	72	script_72.mary	304	Proc011	1	medium	no	Proc011(16, 2, 0)
16	yes	72	script_72.mary	308	Proc02D	1	medium	no	Proc02D(16)
16	yes	72	script_72.mary	315	Proc083	1	medium	no	Proc083(16)
16	yes	72	script_72.mary	319	Proc08C	1	medium	no	Proc08C(16, 75)
16	yes	75	script_75.mary	12	Proc02D	1	medium	no	Proc02D(16)
16	yes	75	script_75.mary	15	SetEntityFacing	1	medium	no	SetEntityFacing(16, 1)
16	yes	75	script_75.mary	16	Proc083	1	medium	no	Proc083(16)
16	yes	75	script_75.mary	23	Proc02D	1	medium	no	Proc02D(16)
16	yes	75	script_75.mary	26	SetEntityFacing	1	medium	no	SetEntityFacing(16, 1)
16	yes	75	script_75.mary	27	Proc083	1	medium	no	Proc083(16)
16	yes	78	script_78.mary	21	SetEntityAnim	1	medium	no	SetEntityAnim(16, 2232)
16	yes	78	script_78.mary	100	SetEntityAnim	1	medium	no	SetEntityAnim(16, 2236)
16	yes	78	script_78.mary	102	Proc008	1	medium	no	Proc008(16, 168, 1)
16	yes	78	script_78.mary	104	Proc00C	1	medium	no	Proc00C(16)
16	yes	78	script_78.mary	106	SetEntityAnim	1	medium	no	SetEntityAnim(16, 2232)
16	yes	78	script_78.mary	108	SetEntityFacing	1	medium	no	SetEntityFacing(16, 0)
16	yes	78	script_78.mary	110	SetEntityAnim	1	medium	no	SetEntityAnim(16, 2236)
16	yes	78	script_78.mary	112	Proc00A	1	medium	no	Proc00A(16, 280, 1)
16	yes	78	script_78.mary	114	Proc00C	1	medium	no	Proc00C(16)
16	yes	78	script_78.mary	120	Proc080	1	medium	no	Proc080(16, 255)
16	yes	78	script_78.mary	126	Proc083	1	medium	no	Proc083(16)
16	yes	139	script_139.mary	297	Proc080	1	medium	no	Proc080(16, 2)
16	yes	139	script_139.mary	385	Proc080	1	medium	no	Proc080(16, 2)
16	yes	188	script_188.mary	12	Proc08D	1	medium	no	Proc08D(16)
16	yes	188	script_188.mary	19	Proc08D	1	medium	no	Proc08D(16)
16	yes	188	script_188.mary	41	Proc08D	1	medium	no	Proc08D(16)
16	yes	314	script_314.mary	6	Proc09B	1	medium	no	Proc09B(16)
16	yes	356	script_356.mary	8	Proc0FF	1	medium	no	Proc0FF(16)
16	yes	356	script_356.mary	15	Proc0FF	1	medium	no	Proc0FF(16)
16	yes	371	script_371.mary	75	GetEntityLocation	1	medium	no	else if Func03E(106) == 2 && Func03E(107) == 0 && var_4 == 3 && var_5 == 0 && (var_3 >= 9 && var_3 < 13) && Func03E(76) == 0 && Func03E(85) == 0 && Func03E(95) == 0 && Func03E(103) == 0 && Func03E(111) == 0 && Func03E(371) == 0 && Func03E(150) == 0 && Func03E(151) == 0 && Func03E(75) == 0 && Func03E(84) == 0 && Func03E(94) == 0 && Func03E(102) == 0 && Func03E(110) == 0 && Func03E(370) == 0 && Func03E(149) == 0 && Func089(21) >= 20000 && GetEntityLocation(21) == 14 && GetEntityLocation(16) == 14 && Func040() == 1 && (Func03E(44) == 2 || Func03E(22) == 1)
16	yes	371	script_371.mary	85	Func086	1	medium	no	else if Func03E(287) == 0 && var_4 == 3 && (var_3 >= 9 && var_3 < 13) && Func03E(76) == 0 && Func03E(85) == 0 && Func03E(95) == 0 && Func03E(103) == 0 && Func03E(111) == 0 && Func03E(371) == 0 && Func03E(150) == 0 && Func03E(151) == 0 && Func086(16) == 1 && Func086(21) == 1 && Func086(15) == 1 && GetEntityLocation(21) == 14
16	yes	371	script_371.mary	90	Func086	1	medium	no	else if Func03E(273) == 0 && var_1 == 1 && var_4 == 3 && var_5 == 0 && (var_3 >= 9 && var_3 < 13) && Func07F(15) >= 100 && Func086(16) == 1 && Func086(21) == 1 && Func086(15) == 1 && Func03E(111) == 0 && Func03E(150) == 0 && Func03E(151) == 0 && GetEntityLocation(21) == 14
16	yes	371	script_371.mary	95	Func086	1	medium	no	else if Func03E(277) == 0 && var_4 == 3 && (var_3 >= 10 && var_3 < 17) && Func03E(76) == 0 && Func03E(85) == 0 && Func03E(95) == 0 && Func03E(103) == 0 && Func03E(111) == 0 && Func03E(371) == 0 && Func03E(150) == 0 && Func03E(151) == 0 && Func086(16) == 1 && Func086(21) == 1 && Func086(15) == 1 && GetEntityLocation(21) == 14
16	yes	371	script_371.mary	100	Func086	1	medium	no	else if Func03E(239) == 0 && var_6 >= 2 && var_1 != 3 && var_5 == 1 && var_4 == 5 && (var_3 >= 8 && var_3 < 17) && Func07F(15) >= 100 && Func07F(6) >= 100 && Func086(16) == 1 && Func086(6) == 1 && Func086(15) == 1 && GetEntityLocation(16) == 14
16	yes	371	script_371.mary	100	GetEntityLocation	1	medium	no	else if Func03E(239) == 0 && var_6 >= 2 && var_1 != 3 && var_5 == 1 && var_4 == 5 && (var_3 >= 8 && var_3 < 17) && Func07F(15) >= 100 && Func07F(6) >= 100 && Func086(16) == 1 && Func086(6) == 1 && Func086(15) == 1 && GetEntityLocation(16) == 14
16	yes	371	script_371.mary	105	GetEntityLocation	1	medium	no	else if Func03E(239) == 2 && Func03E(240) == 0 && var_6 >= 4 && var_4 == 1 && (var_3 >= 8 && var_3 < 17) && Func07F(15) >= 200 && Func07F(6) >= 200 && GetEntityLocation(16) == 14
16	yes	372	script_372.mary	113	Proc038	1	medium	no	Proc038(16)
16	yes	409	script_409.mary	223	Proc08D	1	medium	no	Proc08D(16)
16	yes	410	script_410.mary	222	Proc08D	1	medium	no	Proc08D(16)
16	yes	411	script_411.mary	222	Proc08D	1	medium	no	Proc08D(16)
16	yes	459	script_459.mary	12	Func0C1	1	medium	no	if var_0 && !Func0C1(16)
16	yes	459	script_459.mary	15	Proc0C2	1	medium	no	Proc0C2(16)
16	yes	463	script_463.mary	46	Proc049	1	medium	no	Proc049(16)
16	yes	540	script_540.mary	8	Proc0FF	1	medium	no	Proc0FF(16)
16	yes	540	script_540.mary	15	Proc0FF	1	medium	no	Proc0FF(16)
16	yes	571	script_571.mary	102	Proc07C	1	medium	no	Proc07C(16)
16	yes	571	script_571.mary	304	Func07B	1	medium	no	if Func07B(16) == 1
16	yes	571	script_571.mary	767	PushInt	1	medium	no	PushInt(16)
16	yes	632	script_632.mary	214	TalkMessage	1	medium	no	TalkMessage(16)
16	yes	635	script_635.mary	190	TalkMessage	1	medium	no	TalkMessage(16)
16	yes	638	script_638.mary	214	TalkMessage	1	medium	no	TalkMessage(16)
16	yes	647	script_647.mary	214	TalkMessage	1	medium	no	TalkMessage(16)
16	yes	650	script_650.mary	190	TalkMessage	1	medium	no	TalkMessage(16)
16	yes	704	script_704.mary	14	PlayBGM	2	medium	no	PlayBGM(1, 16)
16	yes	712	script_712.mary	19	SetEntityAnim	1	medium	no	SetEntityAnim(16, 2232)
16	yes	712	script_712.mary	66	Proc02D	1	medium	no	Proc02D(16)
16	yes	712	script_712.mary	95	Proc080	1	medium	no	Proc080(16, 20)
16	yes	713	script_713.mary	26	SetEntityAnim	1	medium	no	SetEntityAnim(16, 2232)
16	yes	713	script_713.mary	50	Proc02D	1	medium	no	Proc02D(16)
16	yes	713	script_713.mary	105	Proc02D	1	medium	no	Proc02D(16)
16	yes	713	script_713.mary	124	Proc02D	1	medium	no	Proc02D(16)
16	yes	713	script_713.mary	132	Proc080	1	medium	no	Proc080(16, 20)
16	yes	744	script_744.mary	76	SetEntityAnim	1	medium	no	SetEntityAnim(16, 2232)
16	yes	744	script_744.mary	90	Proc02D	1	medium	no	Proc02D(16)
16	yes	744	script_744.mary	127	Proc080	1	medium	no	Proc080(16, 20)
16	yes	745	script_745.mary	32	SetEntityAnim	1	medium	no	SetEntityAnim(16, 2232)
16	yes	745	script_745.mary	54	Proc02D	1	medium	no	Proc02D(16)
16	yes	745	script_745.mary	98	Proc02D	1	medium	no	Proc02D(16)
16	yes	745	script_745.mary	157	Proc02D	1	medium	no	Proc02D(16)
16	yes	745	script_745.mary	183	Proc080	1	medium	no	Proc080(16, 20)
16	yes	745	script_745.mary	186	Proc083	1	medium	no	Proc083(16)
16	yes	745	script_745.mary	193	Proc08C	1	medium	no	Proc08C(16, 748)
16	yes	748	script_748.mary	11	Proc02D	1	medium	no	Proc02D(16)
16	yes	748	script_748.mary	14	Proc083	1	medium	no	Proc083(16)
16	yes	748	script_748.mary	15	SetEntityFacing	1	medium	no	SetEntityFacing(16, 2)
16	yes	750	script_750.mary	36	SetEntityAnim	1	medium	no	SetEntityAnim(16, 2232)
16	yes	750	script_750.mary	51	Proc02D	1	medium	no	Proc02D(16)
16	yes	750	script_750.mary	61	Proc02D	1	medium	no	Proc02D(16)
16	yes	750	script_750.mary	100	SetEntityFacing	1	medium	no	SetEntityFacing(16, 0)
16	yes	750	script_750.mary	104	Proc02D	1	medium	no	Proc02D(16)
16	yes	750	script_750.mary	114	Proc02D	1	medium	no	Proc02D(16)
16	yes	750	script_750.mary	124	Proc02D	1	medium	no	Proc02D(16)
16	yes	750	script_750.mary	155	Proc02D	1	medium	no	Proc02D(16)
16	yes	750	script_750.mary	176	Proc02D	1	medium	no	Proc02D(16)
16	yes	750	script_750.mary	184	SetEntityFacing	1	medium	no	SetEntityFacing(16, 1)
16	yes	750	script_750.mary	187	Proc02D	1	medium	no	Proc02D(16)
16	yes	750	script_750.mary	195	SetEntityFacing	1	medium	no	SetEntityFacing(16, 0)
16	yes	750	script_750.mary	198	Proc02D	1	medium	no	Proc02D(16)
16	yes	750	script_750.mary	226	Proc080	1	medium	no	Proc080(16, 20)
16	yes	750	script_750.mary	256	Proc02D	1	medium	no	Proc02D(16)
16	yes	750	script_750.mary	268	Proc02D	1	medium	no	Proc02D(16)
16	yes	750	script_750.mary	301	Proc080	1	medium	no	Proc080(16, -10)
16	yes	750	script_750.mary	317	Proc083	1	medium	no	Proc083(16)
16	yes	776	script_776.mary	29	SetEntityAnim	1	medium	no	SetEntityAnim(16, 2232)
16	yes	776	script_776.mary	52	Proc02D	1	medium	no	Proc02D(16)
16	yes	776	script_776.mary	62	Proc02D	1	medium	no	Proc02D(16)
16	yes	776	script_776.mary	71	Proc011	1	medium	no	Proc011(16, 6, 0)
16	yes	776	script_776.mary	75	Proc02D	1	medium	no	Proc02D(16)
16	yes	776	script_776.mary	160	SetEntityAnim	1	medium	no	SetEntityAnim(16, 2232)
16	yes	776	script_776.mary	181	SetEntityFacing	1	medium	no	SetEntityFacing(16, 2)
16	yes	776	script_776.mary	185	Proc02D	1	medium	no	Proc02D(16)
16	yes	776	script_776.mary	195	Proc02D	1	medium	no	Proc02D(16)
16	yes	776	script_776.mary	199	SetEntityFacing	1	medium	no	SetEntityFacing(16, 0)
16	yes	776	script_776.mary	210	Proc02D	1	medium	no	Proc02D(16)
16	yes	776	script_776.mary	244	Proc080	1	medium	no	Proc080(16, 20)
16	yes	776	script_776.mary	248	Proc083	1	medium	no	Proc083(16)
16	yes	781	script_781.mary	156	Proc0F7	1	medium	no	Proc0F7(16, 0)
16	yes	795	script_795.mary	241	SetEntityAnim	1	medium	no	SetEntityAnim(16, 2232)
16	yes	795	script_795.mary	250	Proc00F	1	medium	no	Proc00F(16)
16	yes	819	script_819.mary	47	Proc030	1	medium	no	Proc030(16)
16	yes	819	script_819.mary	262	SetEntityAnim	1	medium	no	SetEntityAnim(16, 2236)
16	yes	819	script_819.mary	263	Proc011	1	medium	no	Proc011(16, 0, 1)
16	yes	819	script_819.mary	264	Proc00A	1	medium	no	Proc00A(16, 120, 1)
16	yes	819	script_819.mary	265	Proc00C	1	medium	no	Proc00C(16)
16	yes	819	script_819.mary	266	SetEntityAnim	1	medium	no	SetEntityAnim(16, 2232)
16	yes	819	script_819.mary	267	SetEntityFacing	1	medium	no	SetEntityFacing(16, 2)
16	yes	819	script_819.mary	270	Proc02D	1	medium	no	Proc02D(16)
16	yes	819	script_819.mary	275	SetEntityFacing	1	medium	no	SetEntityFacing(16, 1)
16	yes	819	script_819.mary	277	SetEntityAnim	1	medium	no	SetEntityAnim(16, 2236)
16	yes	819	script_819.mary	278	Proc00A	1	medium	no	Proc00A(16, 0, 1)
16	yes	819	script_819.mary	279	Proc00C	1	medium	no	Proc00C(16)
16	yes	819	script_819.mary	280	Proc00F	1	medium	no	Proc00F(16)
16	yes	819	script_819.mary	468	Proc080	1	medium	no	Proc080(16, -10)
16	yes	821	script_821.mary	62	Proc080	1	medium	no	Proc080(16, 10)
16	yes	848	script_848.mary	108	Proc015	3	medium	no	Proc015(36, 0, 16)
16	yes	848	script_848.mary	111	Proc015	3	medium	no	Proc015(39, 0, 16)
16	yes	848	script_848.mary	114	Proc015	3	medium	no	Proc015(40, 0, 16)
16	yes	848	script_848.mary	117	Proc015	3	medium	no	Proc015(41, 0, 16)
16	yes	848	script_848.mary	125	Proc015	3	medium	no	Proc015(37, 0, 16)
16	yes	848	script_848.mary	128	Proc015	3	medium	no	Proc015(38, 0, 16)
16	yes	848	script_848.mary	131	Proc015	3	medium	no	Proc015(42, 0, 16)
16	yes	848	script_848.mary	136	Proc015	3	medium	no	Proc015(36, 0, 16)
16	yes	848	script_848.mary	137	Proc015	3	medium	no	Proc015(39, 0, 16)
16	yes	848	script_848.mary	138	Proc015	3	medium	no	Proc015(40, 0, 16)
16	yes	848	script_848.mary	139	Proc015	3	medium	no	Proc015(41, 0, 16)
16	yes	848	script_848.mary	140	Proc015	3	medium	no	Proc015(37, 0, 16)
16	yes	848	script_848.mary	141	Proc015	3	medium	no	Proc015(38, 0, 16)
16	yes	848	script_848.mary	142	Proc015	3	medium	no	Proc015(42, 0, 16)
16	yes	848	script_848.mary	145	Proc015	3	medium	no	Proc015(36, 0, 16)
16	yes	848	script_848.mary	146	Proc015	3	medium	no	Proc015(39, 0, 16)
16	yes	848	script_848.mary	147	Proc015	3	medium	no	Proc015(40, 0, 16)
16	yes	848	script_848.mary	148	Proc015	3	medium	no	Proc015(41, 0, 16)
16	yes	848	script_848.mary	149	Proc015	3	medium	no	Proc015(37, 0, 16)
16	yes	848	script_848.mary	150	Proc015	3	medium	no	Proc015(38, 0, 16)
16	yes	848	script_848.mary	151	Proc015	3	medium	no	Proc015(42, 0, 16)
16	yes	848	script_848.mary	154	Proc015	3	medium	no	Proc015(36, 0, 16)
16	yes	848	script_848.mary	155	Proc015	3	medium	no	Proc015(39, 0, 16)
16	yes	848	script_848.mary	156	Proc015	3	medium	no	Proc015(40, 0, 16)
16	yes	848	script_848.mary	157	Proc015	3	medium	no	Proc015(41, 0, 16)
16	yes	848	script_848.mary	158	Proc015	3	medium	no	Proc015(37, 0, 16)
16	yes	848	script_848.mary	159	Proc015	3	medium	no	Proc015(38, 0, 16)
16	yes	848	script_848.mary	160	Proc015	3	medium	no	Proc015(42, 0, 16)
16	yes	858	script_858.mary	257	TalkMessage	1	medium	no	TalkMessage(16)
16	yes	861	script_861.mary	221	TalkMessage	1	medium	no	TalkMessage(16)
16	yes	873	script_873.mary	15	PlayBGM	2	medium	no	PlayBGM(1, 16)
16	yes	874	script_874.mary	13	PlayBGM	2	medium	no	PlayBGM(1, 16)
16	yes	875	script_875.mary	17	PlayBGM	2	medium	no	PlayBGM(1, 16)
16	yes	876	script_876.mary	26	PlayBGM	2	medium	no	PlayBGM(1, 16)
16	yes	877	script_877.mary	10	PlayBGM	2	medium	no	PlayBGM(1, 16)
16	yes	878	script_878.mary	12	PlayBGM	2	medium	no	PlayBGM(1, 16)
16	yes	886	script_886.mary	15	PlayBGM	2	medium	no	PlayBGM(1, 16)
16	yes	889	script_889.mary	25	PlayBGM	2	medium	no	PlayBGM(1, 16)
16	yes	891	script_891.mary	23	PlayBGM	2	medium	no	PlayBGM(1, 16)
16	yes	894	script_894.mary	24	PlayBGM	2	medium	no	PlayBGM(1, 16)
16	yes	898	script_898.mary	10	PlayBGM	2	medium	no	PlayBGM(1, 16)
16	yes	906	script_906.mary	19	PlayBGM	2	medium	no	PlayBGM(1, 16)
16	yes	908	script_908.mary	30	PlayBGM	2	medium	no	PlayBGM(1, 16)
16	yes	911	script_911.mary	19	PlayBGM	2	medium	no	PlayBGM(1, 16)
16	yes	915	script_915.mary	22	PlayBGM	2	medium	no	PlayBGM(1, 16)
16	yes	918	script_918.mary	10	PlayBGM	2	medium	no	PlayBGM(1, 16)
16	yes	926	script_926.mary	26	PlayBGM	2	medium	no	PlayBGM(1, 16)
16	yes	929	script_929.mary	17	PlayBGM	2	medium	no	PlayBGM(1, 16)
16	yes	932	script_932.mary	24	PlayBGM	2	medium	no	PlayBGM(1, 16)
16	yes	933	script_933.mary	21	PlayBGM	2	medium	no	PlayBGM(1, 16)
16	yes	936	script_936.mary	10	PlayBGM	2	medium	no	PlayBGM(1, 16)
16	yes	944	script_944.mary	16	PlayBGM	2	medium	no	PlayBGM(1, 16)
16	yes	947	script_947.mary	21	PlayBGM	2	medium	no	PlayBGM(1, 16)
16	yes	947	script_947.mary	38	SetEntityAnim	1	medium	no	SetEntityAnim(16, 2232)
16	yes	947	script_947.mary	51	Proc011	1	medium	no	Proc011(16, 6, 0)
16	yes	947	script_947.mary	65	Proc02D	1	medium	no	Proc02D(16)
16	yes	947	script_947.mary	156	Proc08C	1	medium	no	Proc08C(16, 949)
16	yes	949	script_949.mary	9	Proc02D	1	medium	no	Proc02D(16)
16	yes	949	script_949.mary	12	SetEntityFacing	1	medium	no	SetEntityFacing(16, 2)
16	yes	949	script_949.mary	13	Proc083	1	medium	no	Proc083(16)
16	yes	950	script_950.mary	18	PlayBGM	2	medium	no	PlayBGM(1, 16)
16	yes	953	script_953.mary	18	PlayBGM	2	medium	no	PlayBGM(1, 16)
16	yes	956	script_956.mary	10	PlayBGM	2	medium	no	PlayBGM(1, 16)
16	yes	956	script_956.mary	46	SetEntityAnim	1	medium	no	SetEntityAnim(16, 2232)
16	yes	956	script_956.mary	112	SetEntityFacing	1	medium	no	SetEntityFacing(16, 0)
16	yes	957	script_957.mary	32	SetEntityAnim	1	medium	no	SetEntityAnim(16, 2232)
16	yes	957	script_957.mary	74	Proc080	1	medium	no	Proc080(16, 20)
16	yes	957	script_957.mary	111	Proc08C	1	medium	no	Proc08C(16, 961)
16	yes	957	script_957.mary	125	Proc08C	1	medium	no	Proc08C(16, 961)
16	yes	961	script_961.mary	7	Func086	1	medium	no	if Func086(16) == 0
16	yes	961	script_961.mary	9	Proc083	1	medium	no	Proc083(16)
16	yes	961	script_961.mary	11	Func085	1	medium	no	if Func085(16) == 0
16	yes	961	script_961.mary	16	Proc02D	1	medium	no	Proc02D(16)
16	yes	961	script_961.mary	19	SetEntityFacing	1	medium	no	SetEntityFacing(16, 2)
16	yes	961	script_961.mary	20	Proc083	1	medium	no	Proc083(16)
16	yes	961	script_961.mary	27	Proc02D	1	medium	no	Proc02D(16)
16	yes	961	script_961.mary	30	SetEntityFacing	1	medium	no	SetEntityFacing(16, 2)
16	yes	961	script_961.mary	31	Proc083	1	medium	no	Proc083(16)
16	yes	963	script_963.mary	26	Proc080	1	medium	no	Proc080(16, 20)
16	yes	963	script_963.mary	45	Proc08D	1	medium	no	Proc08D(16)
16	yes	982	script_982.mary	1099	Proc08D	1	medium	no	Proc08D(16)
16	yes	982	script_982.mary	1104	Proc080	1	medium	no	Proc080(16, -10)
16	yes	985	script_985.mary	88	Proc080	1	medium	no	Proc080(16, -3 * var_7)
16	yes	994	script_994.mary	177	Proc030	1	medium	no	Proc030(16)
16	yes	994	script_994.mary	392	Proc030	1	medium	no	Proc030(16)
16	yes	1008	script_1008.mary	291	TalkMessage	1	medium	no	TalkMessage(16)
16	yes	1013	script_1013.mary	701	PushInt	1	medium	no	PushInt(16)
16	yes	1019	script_1019.mary	35	SetEntityAnim	1	medium	no	SetEntityAnim(16, 2232)
16	yes	1019	script_1019.mary	36	GetEntityFacing	1	medium	no	var_2 = GetEntityFacing(16)
16	yes	1019	script_1019.mary	40	GetEntityLocation	1	medium	no	switch GetEntityLocation(16)
16	yes	1019	script_1019.mary	49	Proc02D	1	medium	no	Proc02D(16)
16	yes	1019	script_1019.mary	50	Func086	1	medium	no	if Func086(16) == 0
16	yes	1019	script_1019.mary	54	Proc083	1	medium	no	Proc083(16)
16	yes	1019	script_1019.mary	150	Func07E	1	medium	no	if (var_0 == 1 || var_0 == 2 || var_0 == 3) && Func07E(16)
16	yes	1019	script_1019.mary	213	Func088	1	medium	no	if Func088(16) == 0
16	yes	1019	script_1019.mary	305	Func07E	1	medium	no	if Func07E(16)
16	yes	1019	script_1019.mary	313	Proc080	1	medium	no	Proc080(16, var_1)
16	yes	1019	script_1019.mary	319	Proc087	1	medium	no	Proc087(16)
16	yes	1019	script_1019.mary	334	GetEntityLocation	1	medium	no	switch GetEntityLocation(16)
16	yes	1019	script_1019.mary	340	Func07F	1	medium	no	if Func07F(16) <= 100
16	yes	1019	script_1019.mary	342	Func085	1	medium	no	if Func085(16) == 0
16	yes	1019	script_1019.mary	353	Func07F	1	medium	no	else if Func07F(16) > 100 && Func07F(16) <= 200
16	yes	1019	script_1019.mary	353	Func07F	1	medium	no	else if Func07F(16) > 100 && Func07F(16) <= 200
16	yes	1019	script_1019.mary	355	Func085	1	medium	no	if Func085(16) == 0
16	yes	1019	script_1019.mary	366	Func085	1	medium	no	else if Func085(16) == 0
16	yes	1019	script_1019.mary	383	Func085	1	medium	no	if Func085(16) == 0
16	yes	1019	script_1019.mary	394	Func085	1	medium	no	else if Func085(16) == 0
16	yes	1019	script_1019.mary	405	Func085	1	medium	no	else if Func085(16) == 0
16	yes	1019	script_1019.mary	416	Func085	1	medium	no	else if Func085(16) == 0
16	yes	1019	script_1019.mary	429	Func085	1	medium	no	if Func085(16) == 0
16	yes	1019	script_1019.mary	441	Proc083	1	medium	no	Proc083(16)
16	yes	1019	script_1019.mary	445	SetEntityFacing	1	medium	no	SetEntityFacing(16, var_2)
16	yes	1031	script_1031.mary	26	Func027	5	medium	no	var_0 = Func027(12, 13, 14, 15, 16)
16	yes	1031	script_1031.mary	67	Func027	5	medium	no	var_0 = Func027(17, 13, 14, 15, 16)
16	yes	1031	script_1031.mary	108	Func027	5	medium	no	var_0 = Func027(18, 19, 20, 15, 16)
16	yes	1031	script_1031.mary	149	Func027	5	medium	no	var_0 = Func027(21, 19, 20, 15, 16)
16	yes	1031	script_1031.mary	190	Func027	5	medium	no	var_0 = Func027(22, 19, 20, 15, 16)
16	yes	1031	script_1031.mary	231	Func027	5	medium	no	var_0 = Func027(23, 19, 20, 15, 16)
16	yes	1031	script_1031.mary	518	Proc02D	1	medium	no	Proc02D(16)
16	yes	1031	script_1031.mary	521	Func07F	1	medium	no	Proc039(0, Func07F(16))
16	yes	1031	script_1031.mary	527	Proc080	1	medium	no	Proc080(16, 10)
16	yes	1031	script_1031.mary	532	Proc080	1	medium	no	Proc080(16, -10)
16	yes	1032	script_1032.mary	27	Proc0FF	1	medium	no	Proc0FF(16)
16	yes	1032	script_1032.mary	71	Proc0FF	1	medium	no	Proc0FF(16)
16	yes	1042	script_1042.mary	236	Proc0FF	1	medium	no	Proc0FF(16)
16	yes	1048	script_1048.mary	821	Proc02D	1	medium	no	Proc02D(16)
16	yes	1048	script_1048.mary	863	Proc02D	1	medium	no	Proc02D(16)
16	yes	1048	script_1048.mary	869	Proc02D	1	medium	no	Proc02D(16)
16	yes	1048	script_1048.mary	892	Proc02D	1	medium	no	Proc02D(16)
16	yes	1048	script_1048.mary	901	Proc02D	1	medium	no	Proc02D(16)
16	yes	1049	script_1049.mary	188	Proc0FF	1	medium	no	Proc0FF(16)
16	yes	1049	script_1049.mary	322	Proc0FF	1	medium	no	Proc0FF(16)
16	yes	1049	script_1049.mary	456	Proc0FF	1	medium	no	Proc0FF(16)
16	yes	1049	script_1049.mary	590	Proc0FF	1	medium	no	Proc0FF(16)
16	yes	1057	script_1057.mary	48	Proc0FF	1	medium	no	Proc0FF(16)
16	yes	1057	script_1057.mary	53	Proc0FF	1	medium	no	Proc0FF(16)
16	yes	1057	script_1057.mary	74	Proc0FF	1	medium	no	Proc0FF(16)
16	yes	1057	script_1057.mary	79	Proc0FF	1	medium	no	Proc0FF(16)
16	yes	1057	script_1057.mary	84	Proc0FF	1	medium	no	Proc0FF(16)
16	yes	1057	script_1057.mary	108	Proc0FF	1	medium	no	Proc0FF(16)
16	yes	1057	script_1057.mary	113	Proc0FF	1	medium	no	Proc0FF(16)
16	yes	1057	script_1057.mary	118	Proc0FF	1	medium	no	Proc0FF(16)
16	yes	1057	script_1057.mary	144	Proc0FF	1	medium	no	Proc0FF(16)
16	yes	1057	script_1057.mary	149	Proc0FF	1	medium	no	Proc0FF(16)
16	yes	1057	script_1057.mary	168	Proc0FF	1	medium	no	Proc0FF(16)
16	yes	1057	script_1057.mary	173	Proc0FF	1	medium	no	Proc0FF(16)
16	yes	1057	script_1057.mary	204	Proc0FF	1	medium	no	Proc0FF(16)
16	yes	1057	script_1057.mary	209	Proc0FF	1	medium	no	Proc0FF(16)
16	yes	1057	script_1057.mary	214	Proc0FF	1	medium	no	Proc0FF(16)
16	yes	1057	script_1057.mary	238	Proc0FF	1	medium	no	Proc0FF(16)
16	yes	1057	script_1057.mary	243	Proc0FF	1	medium	no	Proc0FF(16)
16	yes	1057	script_1057.mary	248	Proc0FF	1	medium	no	Proc0FF(16)
16	yes	1057	script_1057.mary	264	Proc0FF	1	medium	no	Proc0FF(16)
16	yes	1057	script_1057.mary	269	Proc0FF	1	medium	no	Proc0FF(16)
16	yes	1058	script_1058.mary	48	Proc0FF	1	medium	no	Proc0FF(16)
16	yes	1058	script_1058.mary	53	Proc0FF	1	medium	no	Proc0FF(16)
16	yes	1058	script_1058.mary	74	Proc0FF	1	medium	no	Proc0FF(16)
16	yes	1058	script_1058.mary	79	Proc0FF	1	medium	no	Proc0FF(16)
16	yes	1058	script_1058.mary	84	Proc0FF	1	medium	no	Proc0FF(16)
16	yes	1058	script_1058.mary	108	Proc0FF	1	medium	no	Proc0FF(16)
16	yes	1058	script_1058.mary	113	Proc0FF	1	medium	no	Proc0FF(16)
16	yes	1058	script_1058.mary	118	Proc0FF	1	medium	no	Proc0FF(16)
16	yes	1058	script_1058.mary	144	Proc0FF	1	medium	no	Proc0FF(16)
16	yes	1058	script_1058.mary	149	Proc0FF	1	medium	no	Proc0FF(16)
16	yes	1058	script_1058.mary	168	Proc0FF	1	medium	no	Proc0FF(16)
16	yes	1058	script_1058.mary	173	Proc0FF	1	medium	no	Proc0FF(16)
16	yes	1058	script_1058.mary	204	Proc0FF	1	medium	no	Proc0FF(16)
16	yes	1058	script_1058.mary	209	Proc0FF	1	medium	no	Proc0FF(16)
16	yes	1058	script_1058.mary	214	Proc0FF	1	medium	no	Proc0FF(16)
16	yes	1058	script_1058.mary	238	Proc0FF	1	medium	no	Proc0FF(16)
16	yes	1058	script_1058.mary	243	Proc0FF	1	medium	no	Proc0FF(16)
16	yes	1058	script_1058.mary	248	Proc0FF	1	medium	no	Proc0FF(16)
16	yes	1058	script_1058.mary	264	Proc0FF	1	medium	no	Proc0FF(16)
16	yes	1058	script_1058.mary	269	Proc0FF	1	medium	no	Proc0FF(16)
16	yes	1060	script_1060.mary	49	Proc037	1	medium	no	Proc037(16)
16	yes	1060	script_1060.mary	124	Proc037	1	medium	no	Proc037(16)
16	yes	1060	script_1060.mary	214	Proc037	1	medium	no	Proc037(16)
16	yes	1061	script_1061.mary	49	Proc037	1	medium	no	Proc037(16)
16	yes	1061	script_1061.mary	86	Proc037	1	medium	no	Proc037(16)
16	yes	1061	script_1061.mary	117	Proc037	1	medium	no	Proc037(16)
16	yes	1061	script_1061.mary	179	Proc037	1	medium	no	Proc037(16)
16	yes	1061	script_1061.mary	235	Proc037	1	medium	no	Proc037(16)
16	yes	1062	script_1062.mary	49	Proc037	1	medium	no	Proc037(16)
16	yes	1062	script_1062.mary	137	Proc037	1	medium	no	Proc037(16)
16	yes	1062	script_1062.mary	224	Proc037	1	medium	no	Proc037(16)
16	yes	1063	script_1063.mary	274	Proc05B	1	medium	no	Proc05B(16)
16	yes	1065	script_1065.mary	25	SetEntityAnim	1	medium	no	SetEntityAnim(16, 2232)
16	yes	1065	script_1065.mary	46	Proc08C	1	medium	no	Proc08C(16, 1072)
16	yes	1066	script_1066.mary	81	Proc08D	1	medium	no	Proc08D(16)
16	yes	1072	script_1072.mary	6	Func086	1	medium	no	if Func086(16) == 0
16	yes	1072	script_1072.mary	8	Proc083	1	medium	no	Proc083(16)
16	yes	1072	script_1072.mary	13	Proc02D	1	medium	no	Proc02D(16)
16	yes	1072	script_1072.mary	17	Func084	1	medium	no	if Func084(16) == 0
16	yes	1072	script_1072.mary	19	Proc080	1	medium	no	Proc080(16, 5)
16	yes	1072	script_1072.mary	21	Proc083	1	medium	no	Proc083(16)
16	yes	1072	script_1072.mary	22	SetEntityFacing	1	medium	no	SetEntityFacing(16, 3)
16	yes	1165	script_1165.mary	25	SetEntityAnim	1	medium	no	SetEntityAnim(16, 2232)
16	yes	1165	script_1165.mary	67	Proc08C	1	medium	no	Proc08C(16, 1173)
16	yes	1173	script_1173.mary	7	Func086	1	medium	no	if Func086(16) == 0
16	yes	1173	script_1173.mary	9	Proc083	1	medium	no	Proc083(16)
16	yes	1173	script_1173.mary	16	Proc02D	1	medium	no	Proc02D(16)
16	yes	1173	script_1173.mary	23	Proc02D	1	medium	no	Proc02D(16)
16	yes	1173	script_1173.mary	27	Func084	1	medium	no	if Func084(16) == 0
16	yes	1173	script_1173.mary	29	Proc080	1	medium	no	Proc080(16, 5)
16	yes	1173	script_1173.mary	31	Proc083	1	medium	no	Proc083(16)
16	yes	1173	script_1173.mary	32	SetEntityFacing	1	medium	no	SetEntityFacing(16, 1)
16	yes	1177	script_1177.mary	27	SetEntityAnim	1	medium	no	SetEntityAnim(16, 2232)
16	yes	1177	script_1177.mary	58	Proc08C	1	medium	no	Proc08C(16, 1185)
16	yes	1185	script_1185.mary	8	Func086	1	medium	no	if Func086(16) == 0
16	yes	1185	script_1185.mary	10	Proc083	1	medium	no	Proc083(16)
16	yes	1185	script_1185.mary	17	Proc02D	1	medium	no	Proc02D(16)
16	yes	1185	script_1185.mary	24	Proc02D	1	medium	no	Proc02D(16)
16	yes	1185	script_1185.mary	31	Proc02D	1	medium	no	Proc02D(16)
16	yes	1185	script_1185.mary	35	Func084	1	medium	no	if Func084(16) == 0
16	yes	1185	script_1185.mary	37	Proc080	1	medium	no	Proc080(16, 5)
16	yes	1185	script_1185.mary	39	Proc083	1	medium	no	Proc083(16)
16	yes	1185	script_1185.mary	40	SetEntityFacing	1	medium	no	SetEntityFacing(16, 1)
16	yes	1190	script_1190.mary	52	Proc080	1	medium	no	Proc080(16, 20)
16	yes	1205	script_1205.mary	13	SetEntityAnim	1	medium	no	SetEntityAnim(16, 2232)
16	yes	1205	script_1205.mary	36	Proc08C	1	medium	no	Proc08C(16, 1212)
16	yes	1212	script_1212.mary	6	Func086	1	medium	no	if Func086(16) == 0
16	yes	1212	script_1212.mary	8	Proc083	1	medium	no	Proc083(16)
16	yes	1212	script_1212.mary	13	Proc02D	1	medium	no	Proc02D(16)
16	yes	1212	script_1212.mary	16	Func084	1	medium	no	if Func084(16) == 0
16	yes	1212	script_1212.mary	18	Proc080	1	medium	no	Proc080(16, 5)
16	yes	1212	script_1212.mary	20	SetEntityFacing	1	medium	no	SetEntityFacing(16, 1)
16	yes	1212	script_1212.mary	21	Proc083	1	medium	no	Proc083(16)
16	yes	1215	script_1215.mary	13	SetEntityAnim	1	medium	no	SetEntityAnim(16, 2232)
16	yes	1215	script_1215.mary	38	Proc080	1	medium	no	Proc080(16, 10)
16	yes	1215	script_1215.mary	85	Proc08D	1	medium	no	Proc08D(16)
16	yes	1291	script_1291.mary	24	GetEntityFacing	1	medium	no	var_1 = GetEntityFacing(16)
16	yes	1291	script_1291.mary	26	Func086	1	medium	no	if Func086(16) == 0
16	yes	1291	script_1291.mary	28	Proc083	1	medium	no	Proc083(16)
16	yes	1291	script_1291.mary	30	Func085	1	medium	no	if Func085(16) == 0
16	yes	1291	script_1291.mary	33	Proc02D	1	medium	no	Proc02D(16)
16	yes	1291	script_1291.mary	44	Proc02D	1	medium	no	Proc02D(16)
16	yes	1291	script_1291.mary	52	Proc080	1	medium	no	Proc080(16, 20)
16	yes	1291	script_1291.mary	53	Proc02D	1	medium	no	Proc02D(16)
16	yes	1291	script_1291.mary	58	GetEntityX	1	medium	no	if GetEntityX(16) != 340
16	yes	1291	script_1291.mary	60	SetEntityFacing	1	medium	no	SetEntityFacing(16, 3)
16	yes	1291	script_1291.mary	61	SetEntityAnim	1	medium	no	SetEntityAnim(16, 2236)
16	yes	1291	script_1291.mary	62	Proc008	1	medium	no	Proc008(16, 340, 1)
16	yes	1291	script_1291.mary	63	Proc00C	1	medium	no	Proc00C(16)
16	yes	1291	script_1291.mary	64	SetEntityAnim	1	medium	no	SetEntityAnim(16, 2232)
16	yes	1291	script_1291.mary	66	SetEntityFacing	1	medium	no	SetEntityFacing(16, 1)
16	yes	1291	script_1291.mary	67	SetEntityAnim	1	medium	no	SetEntityAnim(16, 2236)
16	yes	1291	script_1291.mary	68	Proc00A	1	medium	no	Proc00A(16, 0, 1)
16	yes	1291	script_1291.mary	69	Proc00C	1	medium	no	Proc00C(16)
16	yes	1291	script_1291.mary	70	SetEntityAnim	1	medium	no	SetEntityAnim(16, 2232)
16	yes	1291	script_1291.mary	71	Proc00F	1	medium	no	Proc00F(16)
16	yes	1291	script_1291.mary	77	Proc02D	1	medium	no	Proc02D(16)
16	yes	1291	script_1291.mary	84	SetEntityFacing	1	medium	no	SetEntityFacing(16, var_1)
16	yes	1291	script_1291.mary	85	Proc083	1	medium	no	Proc083(16)
16	yes	1303	script_1303.mary	20	SetEntityAnim	1	medium	no	SetEntityAnim(16, 2232)
16	yes	1303	script_1303.mary	54	Proc02D	1	medium	no	Proc02D(16)
16	yes	1303	script_1303.mary	67	Proc080	1	medium	no	Proc080(16, 30)
20	yes	16	script_16.mary	99	Proc080	2	medium	no	Proc080(17, 20)
20	yes	16	script_16.mary	219	Proc080	2	medium	no	Proc080(17, 20)
20	yes	16	script_16.mary	220	Proc080	2	medium	no	Proc080(18, 20)
20	yes	24	script_24.mary	113	Proc080	2	medium	no	Proc080(18, 20)
20	yes	24	script_24.mary	114	Proc080	2	medium	no	Proc080(17, 20)
20	yes	24	script_24.mary	115	Proc080	2	medium	no	Proc080(8, 20)
20	yes	29	script_29.mary	223	Proc080	2	medium	no	Proc080(18, 20)
20	yes	29	script_29.mary	224	Proc080	2	medium	no	Proc080(17, 20)
20	yes	29	script_29.mary	346	SetEntityAnim	1	medium	no	SetEntityAnim(20, 800)
20	yes	29	script_29.mary	360	Proc02D	1	medium	no	Proc02D(20)
20	yes	29	script_29.mary	369	SetEntityFacing	1	medium	no	SetEntityFacing(20, 1)
20	yes	29	script_29.mary	372	Proc02D	1	medium	no	Proc02D(20)
20	yes	29	script_29.mary	385	Proc02D	1	medium	no	Proc02D(20)
20	yes	29	script_29.mary	402	Proc011	1	medium	no	Proc011(20, 6, 0)
20	yes	29	script_29.mary	413	Proc083	1	medium	no	Proc083(20)
20	yes	34	script_34.mary	31	GetEntityLocation	1	medium	no	if GetEntityLocation(20) == 12
20	yes	34	script_34.mary	33	Proc00F	1	medium	no	Proc00F(20)
20	yes	34	script_34.mary	117	Proc080	2	medium	no	Proc080(22, 20)
20	yes	34	script_34.mary	118	Proc080	2	medium	no	Proc080(13, 20)
20	yes	34	script_34.mary	119	Proc080	2	medium	no	Proc080(5, 20)
20	yes	34	script_34.mary	120	Proc080	2	medium	no	Proc080(16, 20)
20	yes	38	script_38.mary	71	GetEntityLocation	1	medium	no	if GetEntityLocation(20) == 12
20	yes	38	script_38.mary	73	Proc00F	1	medium	no	Proc00F(20)
20	yes	38	script_38.mary	182	Proc080	2	medium	no	Proc080(5, 20)
20	yes	38	script_38.mary	184	Proc080	2	medium	no	Proc080(22, 20)
20	yes	38	script_38.mary	385	Proc080	2	medium	no	Proc080(5, 20)
20	yes	39	script_39.mary	111	Proc080	2	medium	no	Proc080(1, 20)
20	yes	39	script_39.mary	174	Proc080	2	medium	no	Proc080(2, 20)
20	yes	39	script_39.mary	231	Proc080	2	medium	no	Proc080(2, 20)
20	yes	39	script_39.mary	232	Proc080	2	medium	no	Proc080(1, 20)
20	yes	44	script_44.mary	34	GetEntityLocation	1	medium	no	if GetEntityLocation(20) == 12
20	yes	44	script_44.mary	36	Proc00F	1	medium	no	Proc00F(20)
20	yes	44	script_44.mary	117	Proc080	2	medium	no	Proc080(22, 20)
20	yes	44	script_44.mary	118	Proc080	2	medium	no	Proc080(13, 20)
20	yes	44	script_44.mary	119	Proc080	2	medium	no	Proc080(5, 20)
20	yes	44	script_44.mary	120	Proc080	2	medium	no	Proc080(16, 20)
20	yes	46	script_46.mary	124	Proc080	2	medium	no	Proc080(24, 20)
20	yes	51	script_51.mary	119	Proc080	2	medium	no	Proc080(24, 20)
20	yes	51	script_51.mary	120	Proc080	1	medium	no	Proc080(20, 20)
20	yes	51	script_51.mary	120	Proc080	2	medium	no	Proc080(20, 20)
20	yes	51	script_51.mary	121	Proc080	2	medium	no	Proc080(21, 20)
20	yes	51	script_51.mary	158	SetEntityAnim	1	medium	no	SetEntityAnim(20, 800)
20	yes	51	script_51.mary	180	Proc02D	1	medium	no	Proc02D(20)
20	yes	51	script_51.mary	206	Proc011	1	medium	no	Proc011(20, 6, 0)
20	yes	51	script_51.mary	223	Proc02D	1	medium	no	Proc02D(20)
20	yes	51	script_51.mary	332	Proc083	1	medium	no	Proc083(20)
20	yes	52	script_52.mary	76	Proc080	2	medium	no	Proc080(24, 20)
20	yes	55	script_55.mary	32	GetEntityLocation	1	medium	no	if GetEntityLocation(20) == 12
20	yes	55	script_55.mary	34	Proc00F	1	medium	no	Proc00F(20)
20	yes	55	script_55.mary	118	Proc080	2	medium	no	Proc080(22, 20)
20	yes	55	script_55.mary	119	Proc080	2	medium	no	Proc080(13, 20)
20	yes	55	script_55.mary	120	Proc080	2	medium	no	Proc080(5, 20)
20	yes	55	script_55.mary	121	Proc080	2	medium	no	Proc080(16, 20)
20	yes	62	script_62.mary	277	Proc080	2	medium	no	Proc080(10, 20)
20	yes	62	script_62.mary	278	Proc080	2	medium	no	Proc080(11, 20)
20	yes	62	script_62.mary	360	Proc080	2	medium	no	Proc080(10, 20)
20	yes	64	script_64.mary	34	GetEntityLocation	1	medium	no	if GetEntityLocation(20) == 12
20	yes	64	script_64.mary	36	Proc00F	1	medium	no	Proc00F(20)
20	yes	64	script_64.mary	121	Proc080	2	medium	no	Proc080(22, 20)
20	yes	64	script_64.mary	122	Proc080	2	medium	no	Proc080(13, 20)
20	yes	64	script_64.mary	123	Proc080	2	medium	no	Proc080(5, 20)
20	yes	64	script_64.mary	124	Proc080	2	medium	no	Proc080(16, 20)
20	yes	66	script_66.mary	42	SetEntityAnim	1	medium	no	SetEntityAnim(20, 800)
20	yes	66	script_66.mary	252	Proc080	1	medium	no	Proc080(20, 20)
20	yes	66	script_66.mary	252	Proc080	2	medium	no	Proc080(20, 20)
20	yes	66	script_66.mary	253	Proc080	2	medium	no	Proc080(16, 20)
20	yes	66	script_66.mary	291	Proc08C	1	medium	no	Proc08C(20, 67)
20	yes	66	script_66.mary	333	Proc08C	1	medium	no	Proc08C(20, 67)
20	yes	67	script_67.mary	13	Proc02D	1	medium	no	Proc02D(20)
20	yes	67	script_67.mary	16	SetEntityFacing	1	medium	no	SetEntityFacing(20, 0)
20	yes	67	script_67.mary	17	Proc083	1	medium	no	Proc083(20)
20	yes	69	script_69.mary	33	SetEntityAnim	1	medium	no	SetEntityAnim(20, 800)
20	yes	69	script_69.mary	93	SetEntityAnim	1	medium	no	SetEntityAnim(20, 800)
20	yes	69	script_69.mary	107	Proc02D	1	medium	no	Proc02D(20)
20	yes	69	script_69.mary	110	Proc02D	1	medium	no	Proc02D(20)
20	yes	69	script_69.mary	143	Proc02D	1	medium	no	Proc02D(20)
20	yes	69	script_69.mary	146	SetEntityFacing	1	medium	no	SetEntityFacing(20, 3)
20	yes	69	script_69.mary	149	Proc02D	1	medium	no	Proc02D(20)
20	yes	69	script_69.mary	152	SetEntityAnim	1	medium	no	SetEntityAnim(20, 808)
20	yes	69	script_69.mary	154	SetEntityAnim	1	medium	no	SetEntityAnim(20, 800)
20	yes	69	script_69.mary	168	SetEntityFacing	1	medium	no	SetEntityFacing(20, 0)
20	yes	69	script_69.mary	188	SetEntityAnim	1	medium	no	SetEntityAnim(20, 800)
20	yes	69	script_69.mary	233	Proc083	1	medium	no	Proc083(20)
20	yes	69	script_69.mary	236	Proc08C	1	medium	no	Proc08C(20, 70)
20	yes	69	script_69.mary	272	Proc083	1	medium	no	Proc083(20)
20	yes	69	script_69.mary	275	Proc08C	1	medium	no	Proc08C(20, 70)
20	yes	70	script_70.mary	13	Proc02D	1	medium	no	Proc02D(20)
20	yes	70	script_70.mary	16	SetEntityFacing	1	medium	no	SetEntityFacing(20, 0)
20	yes	70	script_70.mary	17	Proc083	1	medium	no	Proc083(20)
20	yes	72	script_72.mary	153	Proc080	2	medium	no	Proc080(15, 20)
20	yes	72	script_72.mary	154	Proc080	2	medium	no	Proc080(16, 20)
20	yes	72	script_72.mary	175	GetEntityLocation	1	medium	no	if GetEntityLocation(20) == 5
20	yes	72	script_72.mary	177	Proc00F	1	medium	no	Proc00F(20)
20	yes	78	script_78.mary	32	GetEntityLocation	1	medium	no	if GetEntityLocation(20) == 12
20	yes	78	script_78.mary	34	Proc00F	1	medium	no	Proc00F(20)
20	yes	78	script_78.mary	117	Proc080	2	medium	no	Proc080(22, 20)
20	yes	78	script_78.mary	118	Proc080	2	medium	no	Proc080(13, 20)
20	yes	78	script_78.mary	119	Proc080	2	medium	no	Proc080(5, 20)
20	yes	90	script_90.mary	11	Proc08D	1	medium	no	Proc08D(20)
20	yes	90	script_90.mary	12	Proc080	1	medium	no	Proc080(20, 20)
20	yes	90	script_90.mary	12	Proc080	2	medium	no	Proc080(20, 20)
20	yes	91	script_91.mary	12	Proc08D	1	medium	no	Proc08D(20)
20	yes	91	script_91.mary	13	Proc080	1	medium	no	Proc080(20, 20)
20	yes	91	script_91.mary	13	Proc080	2	medium	no	Proc080(20, 20)
20	yes	92	script_92.mary	11	Proc08D	1	medium	no	Proc08D(20)
20	yes	92	script_92.mary	12	Proc080	1	medium	no	Proc080(20, 20)
20	yes	92	script_92.mary	12	Proc080	2	medium	no	Proc080(20, 20)
20	yes	93	script_93.mary	12	Proc08D	1	medium	no	Proc08D(20)
20	yes	93	script_93.mary	13	Proc080	1	medium	no	Proc080(20, 20)
20	yes	93	script_93.mary	13	Proc080	2	medium	no	Proc080(20, 20)
20	yes	106	script_106.mary	43	Proc08D	1	medium	no	Proc08D(20)
20	yes	106	script_106.mary	63	Proc080	2	medium	no	Proc080(13, 20)
20	yes	106	script_106.mary	64	Proc080	2	medium	no	Proc080(17, 20)
20	yes	106	script_106.mary	65	Proc080	2	medium	no	Proc080(18, 20)
20	yes	106	script_106.mary	66	Proc080	2	medium	no	Proc080(26, 20)
20	yes	106	script_106.mary	67	Proc080	2	medium	no	Proc080(3, 20)
20	yes	106	script_106.mary	68	Proc080	2	medium	no	Proc080(28, 20)
20	yes	107	script_107.mary	47	Proc08D	1	medium	no	Proc08D(20)
20	yes	107	script_107.mary	69	Proc080	2	medium	no	Proc080(13, 20)
20	yes	107	script_107.mary	70	Proc080	2	medium	no	Proc080(17, 20)
20	yes	107	script_107.mary	71	Proc080	2	medium	no	Proc080(18, 20)
20	yes	107	script_107.mary	72	Proc080	2	medium	no	Proc080(26, 20)
20	yes	107	script_107.mary	73	Proc080	2	medium	no	Proc080(3, 20)
20	yes	107	script_107.mary	74	Proc080	2	medium	no	Proc080(28, 20)
20	yes	139	script_139.mary	301	Proc080	1	medium	no	Proc080(20, 2)
20	yes	139	script_139.mary	389	Proc080	1	medium	no	Proc080(20, 2)
20	yes	176	script_176.mary	16	Func07F	1	medium	no	if Func03E(284) == 0 && var_3 == 3 && (var_2 >= 8 && var_2 < 10) && Func07F(20) >= 100 && Func086(20) == 1 && GetEntityLocation(20) == 0
20	yes	176	script_176.mary	16	Func086	1	medium	no	if Func03E(284) == 0 && var_3 == 3 && (var_2 >= 8 && var_2 < 10) && Func07F(20) >= 100 && Func086(20) == 1 && GetEntityLocation(20) == 0
20	yes	176	script_176.mary	16	GetEntityLocation	1	medium	no	if Func03E(284) == 0 && var_3 == 3 && (var_2 >= 8 && var_2 < 10) && Func07F(20) >= 100 && Func086(20) == 1 && GetEntityLocation(20) == 0
20	yes	229	script_229.mary	31	Proc080	2	medium	no	Proc080(23, 20)
20	yes	237	script_237.mary	10	Func07F	1	medium	no	if Func07F(20) <= 100
20	yes	237	script_237.mary	33	Proc02D	1	medium	no	Proc02D(20)
20	yes	238	script_238.mary	11	Proc08D	1	medium	no	Proc08D(20)
20	yes	238	script_238.mary	18	Proc08D	1	medium	no	Proc08D(20)
20	yes	238	script_238.mary	25	Proc08D	1	medium	no	Proc08D(20)
20	yes	238	script_238.mary	32	Proc08D	1	medium	no	Proc08D(20)
20	yes	238	script_238.mary	40	Proc08D	1	medium	no	Proc08D(20)
20	yes	238	script_238.mary	47	Proc08D	1	medium	no	Proc08D(20)
20	yes	239	script_239.mary	8	Func07F	1	medium	no	if Func07F(20) <= 100
20	yes	316	script_316.mary	113	Proc09B	1	medium	no	Proc09B(20)
20	yes	341	script_341.mary	154	Proc008	2	medium	no	Proc008(0, 20, 1)
20	yes	341	script_341.mary	168	Proc05C	1	medium	no	Proc05C(20, -20)
20	yes	350	script_350.mary	73	Proc037	1	medium	no	Proc037(20)
20	yes	372	script_372.mary	81	Proc038	1	medium	no	Proc038(20)
20	yes	373	script_373.mary	24	GetEntityLocation	1	medium	no	else if GetEntityLocation(20) == 19
20	yes	373	script_373.mary	26	Func07F	1	medium	no	if Func07F(20) <= 200
20	yes	373	script_373.mary	44	GetEntityLocation	1	medium	no	if Func03E(105) == 0 && !(var_3 == 3 || var_3 == 1) && (var_4 >= 9 && var_4 < 19) && Func03E(76) == 0 && Func03E(85) == 0 && Func03E(95) == 0 && Func03E(103) == 0 && Func03E(111) == 0 && Func03E(371) == 0 && Func03E(150) == 0 && Func03E(151) == 0 && Func03E(75) == 0 && Func03E(84) == 0 && Func03E(94) == 0 && Func03E(102) == 0 && Func03E(110) == 0 && Func03E(370) == 0 && Func03E(149) == 0 && GetEntityLocation(21) == 19 && GetEntityLocation(20) == 19 && Func040() == 1
20	yes	373	script_373.mary	49	GetEntityLocation	1	medium	no	else if Func03E(105) == 2 && Func03E(106) == 0 && !(var_3 == 1 || var_3 == 2 || var_3 == 3 || var_3 == 5) && (var_4 >= 9 && var_4 < 19) && Func03E(76) == 0 && Func03E(85) == 0 && Func03E(95) == 0 && Func03E(103) == 0 && Func03E(111) == 0 && Func03E(371) == 0 && Func03E(150) == 0 && Func03E(151) == 0 && Func03E(75) == 0 && Func03E(84) == 0 && Func03E(94) == 0 && Func03E(102) == 0 && Func03E(110) == 0 && Func03E(370) == 0 && Func03E(149) == 0 && Func089(21) >= 10000 && GetEntityLocation(21) == 19 && GetEntityLocation(20) == 19 && Func040() == 1
20	yes	373	script_373.mary	54	Func086	1	medium	no	else if Func03E(146) == 0 && !(var_3 == 2 || var_3 == 3) && (var_4 >= 9 && var_4 < 19) && Func03E(111) == 0 && Func03E(150) == 0 && Func03E(151) == 0 && Func03E(110) == 0 && Func089(21) < 10000 && Func086(20) == 1 && Func086(21) == 1 && Func040() == 1
20	yes	373	script_373.mary	64	Func07F	1	medium	no	else if Func03E(285) == 0 && var_3 == 2 && (var_4 >= 13 && var_4 < 16) && Func07F(20) >= 150 && Func086(20) == 1 && GetEntityLocation(17) == 19 && GetEntityLocation(20) == 19
20	yes	373	script_373.mary	64	Func086	1	medium	no	else if Func03E(285) == 0 && var_3 == 2 && (var_4 >= 13 && var_4 < 16) && Func07F(20) >= 150 && Func086(20) == 1 && GetEntityLocation(17) == 19 && GetEntityLocation(20) == 19
20	yes	373	script_373.mary	64	GetEntityLocation	1	medium	no	else if Func03E(285) == 0 && var_3 == 2 && (var_4 >= 13 && var_4 < 16) && Func07F(20) >= 150 && Func086(20) == 1 && GetEntityLocation(17) == 19 && GetEntityLocation(20) == 19
20	yes	373	script_373.mary	69	Func086	1	medium	no	else if Func03E(286) == 0 && var_3 != 3 && (var_4 >= 12 && var_4 < 19) && (Func03E(150) == 2 || Func03E(151) == 2) && Func086(20) == 1 && Func086(21) == 1
20	yes	409	script_409.mary	28	Proc08D	1	medium	no	Proc08D(20)
20	yes	409	script_409.mary	224	Proc08D	1	medium	no	Proc08D(20)
20	yes	409	script_409.mary	269	Proc08D	1	medium	no	Proc08D(20)
20	yes	410	script_410.mary	27	Proc08D	1	medium	no	Proc08D(20)
20	yes	410	script_410.mary	223	Proc08D	1	medium	no	Proc08D(20)
20	yes	410	script_410.mary	268	Proc08D	1	medium	no	Proc08D(20)
20	yes	411	script_411.mary	27	Proc08D	1	medium	no	Proc08D(20)
20	yes	411	script_411.mary	223	Proc08D	1	medium	no	Proc08D(20)
20	yes	411	script_411.mary	268	Proc08D	1	medium	no	Proc08D(20)
20	yes	440	script_440.mary	19	Proc080	2	medium	no	Proc080(26, 20)
20	yes	440	script_440.mary	21	Proc080	2	medium	no	Proc080(7, 20)
20	yes	483	script_483.mary	49	GetEntityLocation	1	medium	no	if GetEntityLocation(20) == 19 && Func03E(5) != 3
20	yes	483	script_483.mary	51	Proc083	1	medium	no	Proc083(20)
20	yes	483	script_483.mary	54	Proc02D	1	medium	no	Proc02D(20)
20	yes	483	script_483.mary	73	Proc02D	1	medium	no	Proc02D(20)
20	yes	571	script_571.mary	122	Proc07C	1	medium	no	Proc07C(20)
20	yes	571	script_571.mary	348	Func07B	1	medium	no	if Func07B(20) == 1
20	yes	571	script_571.mary	795	PushInt	1	medium	no	PushInt(20)
20	yes	610	script_610.mary	78	Proc080	2	medium	no	Proc080(35, 20)
20	yes	614	script_614.mary	78	Proc080	2	medium	no	Proc080(35, 20)
20	yes	617	script_617.mary	78	Proc080	2	medium	no	Proc080(35, 20)
20	yes	620	script_620.mary	78	Proc080	2	medium	no	Proc080(35, 20)
20	yes	623	script_623.mary	78	Proc080	2	medium	no	Proc080(35, 20)
20	yes	625	script_625.mary	144	Proc080	2	medium	no	Proc080(35, 20)
20	yes	629	script_629.mary	144	Proc080	2	medium	no	Proc080(35, 20)
20	yes	632	script_632.mary	144	Proc080	2	medium	no	Proc080(35, 20)
20	yes	635	script_635.mary	144	Proc080	2	medium	no	Proc080(35, 20)
20	yes	638	script_638.mary	144	Proc080	2	medium	no	Proc080(35, 20)
20	yes	640	script_640.mary	121	Proc080	2	medium	no	Proc080(35, 20)
20	yes	644	script_644.mary	121	Proc080	2	medium	no	Proc080(35, 20)
20	yes	647	script_647.mary	121	Proc080	2	medium	no	Proc080(35, 20)
20	yes	650	script_650.mary	121	Proc080	2	medium	no	Proc080(35, 20)
20	yes	653	script_653.mary	121	Proc080	2	medium	no	Proc080(35, 20)
20	yes	654	script_654.mary	68	SetEntityAnim	1	medium	no	SetEntityAnim(20, 800)
20	yes	654	script_654.mary	74	Proc02D	1	medium	no	Proc02D(20)
20	yes	654	script_654.mary	82	Proc02D	1	medium	no	Proc02D(20)
20	yes	654	script_654.mary	123	Proc083	1	medium	no	Proc083(20)
20	yes	654	script_654.mary	126	Proc080	1	medium	no	Proc080(20, 20)
20	yes	654	script_654.mary	126	Proc080	2	medium	no	Proc080(20, 20)
20	yes	654	script_654.mary	127	Proc080	2	medium	no	Proc080(21, 20)
20	yes	655	script_655.mary	68	SetEntityAnim	1	medium	no	SetEntityAnim(20, 800)
20	yes	655	script_655.mary	74	Proc02D	1	medium	no	Proc02D(20)
20	yes	655	script_655.mary	82	Proc02D	1	medium	no	Proc02D(20)
20	yes	655	script_655.mary	123	Proc083	1	medium	no	Proc083(20)
20	yes	655	script_655.mary	126	Proc080	1	medium	no	Proc080(20, 20)
20	yes	655	script_655.mary	126	Proc080	2	medium	no	Proc080(20, 20)
20	yes	655	script_655.mary	127	Proc080	2	medium	no	Proc080(21, 20)
20	yes	656	script_656.mary	68	SetEntityAnim	1	medium	no	SetEntityAnim(20, 800)
20	yes	656	script_656.mary	72	Proc02D	1	medium	no	Proc02D(20)
20	yes	656	script_656.mary	80	Proc02D	1	medium	no	Proc02D(20)
20	yes	656	script_656.mary	88	Proc02D	1	medium	no	Proc02D(20)
20	yes	656	script_656.mary	121	Proc083	1	medium	no	Proc083(20)
20	yes	656	script_656.mary	123	Proc080	1	medium	no	Proc080(20, 20)
20	yes	656	script_656.mary	123	Proc080	2	medium	no	Proc080(20, 20)
20	yes	657	script_657.mary	68	SetEntityAnim	1	medium	no	SetEntityAnim(20, 800)
20	yes	657	script_657.mary	74	Proc02D	1	medium	no	Proc02D(20)
20	yes	657	script_657.mary	82	Proc02D	1	medium	no	Proc02D(20)
20	yes	657	script_657.mary	123	Proc083	1	medium	no	Proc083(20)
20	yes	657	script_657.mary	126	Proc080	1	medium	no	Proc080(20, 20)
20	yes	657	script_657.mary	126	Proc080	2	medium	no	Proc080(20, 20)
20	yes	657	script_657.mary	127	Proc080	2	medium	no	Proc080(21, 20)
20	yes	658	script_658.mary	68	SetEntityAnim	1	medium	no	SetEntityAnim(20, 800)
20	yes	658	script_658.mary	74	Proc02D	1	medium	no	Proc02D(20)
20	yes	658	script_658.mary	82	Proc02D	1	medium	no	Proc02D(20)
20	yes	658	script_658.mary	123	Proc083	1	medium	no	Proc083(20)
20	yes	658	script_658.mary	126	Proc080	1	medium	no	Proc080(20, 20)
20	yes	658	script_658.mary	126	Proc080	2	medium	no	Proc080(20, 20)
20	yes	658	script_658.mary	127	Proc080	2	medium	no	Proc080(21, 20)
20	yes	659	script_659.mary	217	SetEntityAnim	1	medium	no	SetEntityAnim(20, 800)
20	yes	659	script_659.mary	223	Proc02D	1	medium	no	Proc02D(20)
20	yes	659	script_659.mary	283	Proc083	1	medium	no	Proc083(20)
20	yes	659	script_659.mary	286	Proc080	2	medium	no	Proc080(1, 20)
20	yes	659	script_659.mary	287	Proc080	1	medium	no	Proc080(20, 20)
20	yes	659	script_659.mary	287	Proc080	2	medium	no	Proc080(20, 20)
20	yes	659	script_659.mary	288	Proc080	2	medium	no	Proc080(21, 20)
20	yes	660	script_660.mary	217	SetEntityAnim	1	medium	no	SetEntityAnim(20, 800)
20	yes	660	script_660.mary	223	Proc02D	1	medium	no	Proc02D(20)
20	yes	660	script_660.mary	283	Proc083	1	medium	no	Proc083(20)
20	yes	660	script_660.mary	286	Proc080	2	medium	no	Proc080(24, 20)
20	yes	660	script_660.mary	287	Proc080	1	medium	no	Proc080(20, 20)
20	yes	660	script_660.mary	287	Proc080	2	medium	no	Proc080(20, 20)
20	yes	660	script_660.mary	288	Proc080	2	medium	no	Proc080(21, 20)
20	yes	661	script_661.mary	100	Proc02D	1	medium	no	Proc02D(20)
20	yes	661	script_661.mary	216	SetEntityAnim	1	medium	no	SetEntityAnim(20, 800)
20	yes	661	script_661.mary	225	Proc02D	1	medium	no	Proc02D(20)
20	yes	661	script_661.mary	275	Proc083	1	medium	no	Proc083(20)
20	yes	661	script_661.mary	277	Proc080	2	medium	no	Proc080(15, 20)
20	yes	661	script_661.mary	278	Proc080	1	medium	no	Proc080(20, 20)
20	yes	661	script_661.mary	278	Proc080	2	medium	no	Proc080(20, 20)
20	yes	662	script_662.mary	217	SetEntityAnim	1	medium	no	SetEntityAnim(20, 800)
20	yes	662	script_662.mary	223	Proc02D	1	medium	no	Proc02D(20)
20	yes	662	script_662.mary	283	Proc083	1	medium	no	Proc083(20)
20	yes	662	script_662.mary	286	Proc080	2	medium	no	Proc080(18, 20)
20	yes	662	script_662.mary	287	Proc080	1	medium	no	Proc080(20, 20)
20	yes	662	script_662.mary	287	Proc080	2	medium	no	Proc080(20, 20)
20	yes	662	script_662.mary	288	Proc080	2	medium	no	Proc080(21, 20)
20	yes	663	script_663.mary	217	SetEntityAnim	1	medium	no	SetEntityAnim(20, 800)
20	yes	663	script_663.mary	223	Proc02D	1	medium	no	Proc02D(20)
20	yes	663	script_663.mary	283	Proc083	1	medium	no	Proc083(20)
20	yes	663	script_663.mary	286	Proc080	2	medium	no	Proc080(11, 20)
20	yes	663	script_663.mary	287	Proc080	1	medium	no	Proc080(20, 20)
20	yes	663	script_663.mary	287	Proc080	2	medium	no	Proc080(20, 20)
20	yes	663	script_663.mary	288	Proc080	2	medium	no	Proc080(21, 20)
20	yes	664	script_664.mary	85	Proc080	2	medium	no	Proc080(35, 20)
20	yes	667	script_667.mary	85	Proc080	2	medium	no	Proc080(35, 20)
20	yes	670	script_670.mary	85	Proc080	2	medium	no	Proc080(35, 20)
20	yes	673	script_673.mary	85	Proc080	2	medium	no	Proc080(35, 20)
20	yes	676	script_676.mary	85	Proc080	2	medium	no	Proc080(35, 20)
20	yes	684	script_684.mary	91	Proc080	2	medium	no	Proc080(35, 20)
20	yes	684	script_684.mary	92	Proc080	1	medium	no	Proc080(20, 20)
20	yes	684	script_684.mary	92	Proc080	2	medium	no	Proc080(20, 20)
20	yes	684	script_684.mary	109	SetEntityAnim	1	medium	no	SetEntityAnim(20, 800)
20	yes	684	script_684.mary	122	Proc02D	1	medium	no	Proc02D(20)
20	yes	684	script_684.mary	132	Proc02D	1	medium	no	Proc02D(20)
20	yes	684	script_684.mary	147	Proc083	1	medium	no	Proc083(20)
20	yes	685	script_685.mary	91	Proc080	2	medium	no	Proc080(35, 20)
20	yes	685	script_685.mary	92	Proc080	1	medium	no	Proc080(20, 20)
20	yes	685	script_685.mary	92	Proc080	2	medium	no	Proc080(20, 20)
20	yes	685	script_685.mary	109	SetEntityAnim	1	medium	no	SetEntityAnim(20, 800)
20	yes	685	script_685.mary	122	Proc02D	1	medium	no	Proc02D(20)
20	yes	685	script_685.mary	132	Proc02D	1	medium	no	Proc02D(20)
20	yes	685	script_685.mary	147	Proc083	1	medium	no	Proc083(20)
20	yes	686	script_686.mary	91	Proc080	2	medium	no	Proc080(35, 20)
20	yes	686	script_686.mary	92	Proc080	1	medium	no	Proc080(20, 20)
20	yes	686	script_686.mary	92	Proc080	2	medium	no	Proc080(20, 20)
20	yes	686	script_686.mary	109	SetEntityAnim	1	medium	no	SetEntityAnim(20, 800)
20	yes	686	script_686.mary	122	Proc02D	1	medium	no	Proc02D(20)
20	yes	686	script_686.mary	132	Proc02D	1	medium	no	Proc02D(20)
20	yes	686	script_686.mary	147	Proc083	1	medium	no	Proc083(20)
20	yes	687	script_687.mary	91	Proc080	2	medium	no	Proc080(35, 20)
20	yes	687	script_687.mary	92	Proc080	1	medium	no	Proc080(20, 20)
20	yes	687	script_687.mary	92	Proc080	2	medium	no	Proc080(20, 20)
20	yes	687	script_687.mary	109	SetEntityAnim	1	medium	no	SetEntityAnim(20, 800)
20	yes	687	script_687.mary	122	Proc02D	1	medium	no	Proc02D(20)
20	yes	687	script_687.mary	132	Proc02D	1	medium	no	Proc02D(20)
20	yes	687	script_687.mary	147	Proc083	1	medium	no	Proc083(20)
20	yes	688	script_688.mary	91	Proc080	2	medium	no	Proc080(35, 20)
20	yes	688	script_688.mary	92	Proc080	1	medium	no	Proc080(20, 20)
20	yes	688	script_688.mary	92	Proc080	2	medium	no	Proc080(20, 20)
20	yes	688	script_688.mary	109	SetEntityAnim	1	medium	no	SetEntityAnim(20, 800)
20	yes	688	script_688.mary	122	Proc02D	1	medium	no	Proc02D(20)
20	yes	688	script_688.mary	132	Proc02D	1	medium	no	Proc02D(20)
20	yes	688	script_688.mary	147	Proc083	1	medium	no	Proc083(20)
20	yes	694	script_694.mary	17	SetEntityAnim	1	medium	no	SetEntityAnim(20, 800)
20	yes	694	script_694.mary	25	SetEntityAnim	1	medium	no	SetEntityAnim(20, 808)
20	yes	694	script_694.mary	31	SetEntityAnim	1	medium	no	SetEntityAnim(20, 800)
20	yes	694	script_694.mary	33	SetEntityFacing	1	medium	no	SetEntityFacing(20, 1)
20	yes	694	script_694.mary	34	SetEntityAnim	1	medium	no	SetEntityAnim(20, 804)
20	yes	694	script_694.mary	35	Proc00A	1	medium	no	Proc00A(20, 143, 1)
20	yes	694	script_694.mary	36	Proc00C	1	medium	no	Proc00C(20)
20	yes	694	script_694.mary	37	SetEntityFacing	1	medium	no	SetEntityFacing(20, 3)
20	yes	694	script_694.mary	38	SetEntityAnim	1	medium	no	SetEntityAnim(20, 804)
20	yes	694	script_694.mary	39	Proc008	1	medium	no	Proc008(20, 287, 1)
20	yes	694	script_694.mary	40	Proc00C	1	medium	no	Proc00C(20)
20	yes	694	script_694.mary	41	SetEntityFacing	1	medium	no	SetEntityFacing(20, 0)
20	yes	694	script_694.mary	42	SetEntityAnim	1	medium	no	SetEntityAnim(20, 804)
20	yes	694	script_694.mary	43	Proc00A	1	medium	no	Proc00A(20, 263, 1)
20	yes	694	script_694.mary	44	Proc00C	1	medium	no	Proc00C(20)
20	yes	694	script_694.mary	45	SetEntityFacing	1	medium	no	SetEntityFacing(20, 3)
20	yes	694	script_694.mary	46	SetEntityAnim	1	medium	no	SetEntityAnim(20, 804)
20	yes	694	script_694.mary	47	Proc008	1	medium	no	Proc008(20, 311, 1)
20	yes	694	script_694.mary	48	Proc00C	1	medium	no	Proc00C(20)
20	yes	694	script_694.mary	49	SetEntityAnim	1	medium	no	SetEntityAnim(20, 800)
20	yes	694	script_694.mary	58	SetEntityAnim	1	medium	no	SetEntityAnim(20, 800)
20	yes	694	script_694.mary	63	Proc02D	1	medium	no	Proc02D(20)
20	yes	694	script_694.mary	90	Proc02D	1	medium	no	Proc02D(20)
20	yes	709	script_709.mary	214	Proc080	2	medium	no	Proc080(3, 20)
20	yes	709	script_709.mary	215	Proc080	2	medium	no	Proc080(28, 20)
20	yes	712	script_712.mary	93	Proc080	2	medium	no	Proc080(15, 20)
20	yes	712	script_712.mary	94	Proc080	2	medium	no	Proc080(6, 20)
20	yes	712	script_712.mary	95	Proc080	2	medium	no	Proc080(16, 20)
20	yes	713	script_713.mary	130	Proc080	2	medium	no	Proc080(15, 20)
20	yes	713	script_713.mary	131	Proc080	2	medium	no	Proc080(6, 20)
20	yes	713	script_713.mary	132	Proc080	2	medium	no	Proc080(16, 20)
20	yes	716	script_716.mary	58	Proc080	2	medium	no	Proc080(8, 20)
20	yes	717	script_717.mary	123	Proc080	2	medium	no	Proc080(8, 20)
20	yes	717	script_717.mary	124	Proc080	2	medium	no	Proc080(9, 20)
20	yes	717	script_717.mary	260	Proc080	2	medium	no	Proc080(23, 20)
20	yes	724	script_724.mary	130	Proc080	2	medium	no	Proc080(10, 20)
20	yes	731	script_731.mary	167	Proc080	2	medium	no	Proc080(11, 20)
20	yes	731	script_731.mary	168	Proc080	2	medium	no	Proc080(9, 20)
20	yes	732	script_732.mary	210	Proc080	2	medium	no	Proc080(11, 20)
20	yes	732	script_732.mary	211	Proc080	2	medium	no	Proc080(9, 20)
20	yes	736	script_736.mary	99	Proc080	2	medium	no	Proc080(12, 20)
20	yes	740	script_740.mary	62	Proc080	2	medium	no	Proc080(14, 20)
20	yes	741	script_741.mary	41	Proc080	2	medium	no	Proc080(14, 20)
20	yes	744	script_744.mary	125	Proc080	2	medium	no	Proc080(15, 20)
20	yes	744	script_744.mary	126	Proc080	2	medium	no	Proc080(10, 20)
20	yes	744	script_744.mary	127	Proc080	2	medium	no	Proc080(16, 20)
20	yes	745	script_745.mary	183	Proc080	2	medium	no	Proc080(16, 20)
20	yes	745	script_745.mary	184	Proc080	2	medium	no	Proc080(21, 20)
20	yes	745	script_745.mary	185	Proc080	2	medium	no	Proc080(15, 20)
20	yes	749	script_749.mary	64	Proc080	2	medium	no	Proc080(15, 20)
20	yes	750	script_750.mary	226	Proc080	2	medium	no	Proc080(16, 20)
20	yes	750	script_750.mary	227	Proc080	2	medium	no	Proc080(21, 20)
20	yes	750	script_750.mary	228	Proc080	2	medium	no	Proc080(15, 20)
20	yes	767	script_767.mary	20	SetEntityAnim	1	medium	no	SetEntityAnim(20, 800)
20	yes	767	script_767.mary	43	Proc011	1	medium	no	Proc011(20, 2, 0)
20	yes	767	script_767.mary	45	SetEntityFacing	1	medium	no	SetEntityFacing(20, 0)
20	yes	767	script_767.mary	49	Proc02D	1	medium	no	Proc02D(20)
20	yes	767	script_767.mary	67	Proc02D	1	medium	no	Proc02D(20)
20	yes	767	script_767.mary	72	SetEntityFacing	1	medium	no	SetEntityFacing(20, 1)
20	yes	767	script_767.mary	73	Proc083	1	medium	no	Proc083(20)
20	yes	767	script_767.mary	76	Proc08C	1	medium	no	Proc08C(20, 768)
20	yes	768	script_768.mary	9	Func086	1	medium	no	if Func086(20) == 0
20	yes	768	script_768.mary	11	Proc083	1	medium	no	Proc083(20)
20	yes	768	script_768.mary	15	Proc02D	1	medium	no	Proc02D(20)
20	yes	768	script_768.mary	18	Proc083	1	medium	no	Proc083(20)
20	yes	768	script_768.mary	19	SetEntityFacing	1	medium	no	SetEntityFacing(20, 1)
20	yes	769	script_769.mary	58	SetEntityAnim	1	medium	no	SetEntityAnim(20, 800)
20	yes	769	script_769.mary	71	Proc02D	1	medium	no	Proc02D(20)
20	yes	769	script_769.mary	81	Proc02D	1	medium	no	Proc02D(20)
20	yes	769	script_769.mary	109	SetEntityFacing	1	medium	no	SetEntityFacing(20, 0)
20	yes	769	script_769.mary	113	Proc02D	1	medium	no	Proc02D(20)
20	yes	769	script_769.mary	120	Proc02D	1	medium	no	Proc02D(20)
20	yes	769	script_769.mary	134	Proc02D	1	medium	no	Proc02D(20)
20	yes	769	script_769.mary	143	Proc083	1	medium	no	Proc083(20)
20	yes	769	script_769.mary	148	Proc08C	1	medium	no	Proc08C(20, 770)
20	yes	770	script_770.mary	11	Proc02D	1	medium	no	Proc02D(20)
20	yes	770	script_770.mary	14	Proc083	1	medium	no	Proc083(20)
20	yes	770	script_770.mary	15	SetEntityFacing	1	medium	no	SetEntityFacing(20, 0)
20	yes	773	script_773.mary	25	SetEntityAnim	1	medium	no	SetEntityAnim(20, 800)
20	yes	773	script_773.mary	43	Proc02D	1	medium	no	Proc02D(20)
20	yes	773	script_773.mary	55	Proc02D	1	medium	no	Proc02D(20)
20	yes	773	script_773.mary	83	SetEntityFacing	1	medium	no	SetEntityFacing(20, 0)
20	yes	773	script_773.mary	87	Proc02D	1	medium	no	Proc02D(20)
20	yes	773	script_773.mary	133	SetEntityFacing	1	medium	no	SetEntityFacing(20, 2)
20	yes	773	script_773.mary	137	Proc02D	1	medium	no	Proc02D(20)
20	yes	773	script_773.mary	147	Proc080	2	medium	no	Proc080(21, 20)
20	yes	773	script_773.mary	148	Proc080	1	medium	no	Proc080(20, 20)
20	yes	773	script_773.mary	148	Proc080	2	medium	no	Proc080(20, 20)
20	yes	773	script_773.mary	161	SetEntityFacing	1	medium	no	SetEntityFacing(20, 2)
20	yes	773	script_773.mary	165	Proc02D	1	medium	no	Proc02D(20)
20	yes	773	script_773.mary	176	Proc080	1	medium	no	Proc080(20, -10)
20	yes	773	script_773.mary	179	Proc083	1	medium	no	Proc083(20)
20	yes	773	script_773.mary	185	Proc08C	1	medium	no	Proc08C(20, 774)
20	yes	774	script_774.mary	11	Proc02D	1	medium	no	Proc02D(20)
20	yes	774	script_774.mary	14	Proc083	1	medium	no	Proc083(20)
20	yes	774	script_774.mary	15	SetEntityFacing	1	medium	no	SetEntityFacing(20, 2)
20	yes	776	script_776.mary	156	SetEntityAnim	1	medium	no	SetEntityAnim(20, 800)
20	yes	776	script_776.mary	173	Proc02D	1	medium	no	Proc02D(20)
20	yes	776	script_776.mary	214	SetEntityFacing	1	medium	no	SetEntityFacing(20, 0)
20	yes	776	script_776.mary	218	Proc02D	1	medium	no	Proc02D(20)
20	yes	776	script_776.mary	244	Proc080	2	medium	no	Proc080(16, 20)
20	yes	776	script_776.mary	245	Proc080	2	medium	no	Proc080(15, 20)
20	yes	776	script_776.mary	246	Proc080	1	medium	no	Proc080(20, 20)
20	yes	776	script_776.mary	246	Proc080	2	medium	no	Proc080(20, 20)
20	yes	776	script_776.mary	249	Proc083	1	medium	no	Proc083(20)
20	yes	779	script_779.mary	200	Proc080	2	medium	no	Proc080(22, 20)
20	yes	781	script_781.mary	99	SetEntityAnim	1	medium	no	SetEntityAnim(20, 800)
20	yes	781	script_781.mary	111	Proc02D	1	medium	no	Proc02D(20)
20	yes	781	script_781.mary	135	Proc02D	1	medium	no	Proc02D(20)
20	yes	781	script_781.mary	139	Proc080	1	medium	no	Proc080(20, 20)
20	yes	781	script_781.mary	139	Proc080	2	medium	no	Proc080(20, 20)
20	yes	781	script_781.mary	140	Proc080	2	medium	no	Proc080(24, 20)
20	yes	781	script_781.mary	141	Proc080	2	medium	no	Proc080(22, 20)
20	yes	781	script_781.mary	143	Proc00F	1	medium	no	Proc00F(20)
20	yes	781	script_781.mary	147	Proc083	1	medium	no	Proc083(20)
20	yes	782	script_782.mary	25	Proc080	2	medium	no	Proc080(23, 20)
20	yes	786	script_786.mary	240	Proc080	2	medium	no	Proc080(13, 20)
20	yes	786	script_786.mary	241	Proc080	2	medium	no	Proc080(14, 20)
20	yes	786	script_786.mary	242	Proc080	2	medium	no	Proc080(24, 20)
20	yes	786	script_786.mary	243	Proc080	2	medium	no	Proc080(8, 20)
20	yes	795	script_795.mary	238	SetEntityAnim	1	medium	no	SetEntityAnim(20, 800)
20	yes	795	script_795.mary	247	Proc00F	1	medium	no	Proc00F(20)
20	yes	795	script_795.mary	425	Proc080	2	medium	no	Proc080(26, 20)
20	yes	796	script_796.mary	95	Proc080	2	medium	no	Proc080(26, 20)
20	yes	817	script_817.mary	12	Proc037	1	medium	no	Proc037(20)
20	yes	819	script_819.mary	472	Proc080	1	medium	no	Proc080(20, -10)
20	yes	821	script_821.mary	66	Proc080	1	medium	no	Proc080(20, 10)
20	yes	848	script_848.mary	55	GetEntityLocation	1	medium	no	if GetEntityLocation(20) == 12
20	yes	848	script_848.mary	57	Proc00F	1	medium	no	Proc00F(20)
20	yes	848	script_848.mary	161	Proc080	2	medium	no	Proc080(22, 20)
20	yes	848	script_848.mary	162	Proc080	2	medium	no	Proc080(36, 20)
20	yes	848	script_848.mary	163	Proc080	2	medium	no	Proc080(37, 20)
20	yes	848	script_848.mary	164	Proc080	2	medium	no	Proc080(38, 20)
20	yes	848	script_848.mary	165	Proc080	2	medium	no	Proc080(39, 20)
20	yes	848	script_848.mary	166	Proc080	2	medium	no	Proc080(40, 20)
20	yes	848	script_848.mary	167	Proc080	2	medium	no	Proc080(41, 20)
20	yes	848	script_848.mary	168	Proc080	2	medium	no	Proc080(42, 20)
20	yes	855	script_855.mary	100	Proc080	2	medium	no	Proc080(35, 20)
20	yes	858	script_858.mary	177	Proc080	2	medium	no	Proc080(35, 20)
20	yes	861	script_861.mary	142	Proc080	2	medium	no	Proc080(35, 20)
20	yes	864	script_864.mary	97	Proc080	2	medium	no	Proc080(35, 20)
20	yes	877	script_877.mary	53	GetEntityLocation	1	medium	no	if GetEntityLocation(20) == 12
20	yes	877	script_877.mary	55	Proc00F	1	medium	no	Proc00F(20)
20	yes	878	script_878.mary	75	GetEntityLocation	1	medium	no	if GetEntityLocation(20) == 12
20	yes	878	script_878.mary	77	Proc00F	1	medium	no	Proc00F(20)
20	yes	879	script_879.mary	33	GetEntityLocation	1	medium	no	if GetEntityLocation(20) == 12
20	yes	879	script_879.mary	35	Proc00F	1	medium	no	Proc00F(20)
20	yes	879	script_879.mary	66	Proc080	2	medium	no	Proc080(19, 20)
20	yes	879	script_879.mary	67	Proc080	2	medium	no	Proc080(22, 20)
20	yes	879	script_879.mary	68	Proc080	2	medium	no	Proc080(1, 20)
20	yes	879	script_879.mary	69	Proc080	2	medium	no	Proc080(17, 20)
20	yes	879	script_879.mary	70	Proc080	2	medium	no	Proc080(18, 20)
20	yes	885	script_885.mary	24	Proc080	2	medium	no	Proc080(19, 20)
20	yes	885	script_885.mary	25	Proc080	2	medium	no	Proc080(22, 20)
20	yes	885	script_885.mary	26	Proc080	2	medium	no	Proc080(1, 20)
20	yes	885	script_885.mary	27	Proc080	2	medium	no	Proc080(17, 20)
20	yes	885	script_885.mary	28	Proc080	2	medium	no	Proc080(18, 20)
20	yes	898	script_898.mary	57	GetEntityLocation	1	medium	no	if GetEntityLocation(20) == 12
20	yes	898	script_898.mary	59	Proc00F	1	medium	no	Proc00F(20)
20	yes	899	script_899.mary	50	GetEntityLocation	1	medium	no	if GetEntityLocation(20) == 12
20	yes	899	script_899.mary	52	Proc00F	1	medium	no	Proc00F(20)
20	yes	899	script_899.mary	114	Proc080	2	medium	no	Proc080(22, 20)
20	yes	899	script_899.mary	115	Proc080	2	medium	no	Proc080(1, 20)
20	yes	899	script_899.mary	116	Proc080	2	medium	no	Proc080(2, 20)
20	yes	899	script_899.mary	117	Proc080	2	medium	no	Proc080(19, 20)
20	yes	904	script_904.mary	24	Proc080	2	medium	no	Proc080(22, 20)
20	yes	904	script_904.mary	25	Proc080	2	medium	no	Proc080(1, 20)
20	yes	904	script_904.mary	26	Proc080	2	medium	no	Proc080(2, 20)
20	yes	904	script_904.mary	27	Proc080	2	medium	no	Proc080(19, 20)
20	yes	908	script_908.mary	50	GetEntityLocation	1	medium	no	if GetEntityLocation(20) == 12
20	yes	908	script_908.mary	52	Proc00F	1	medium	no	Proc00F(20)
20	yes	918	script_918.mary	53	GetEntityLocation	1	medium	no	if GetEntityLocation(20) == 12
20	yes	918	script_918.mary	55	Proc00F	1	medium	no	Proc00F(20)
20	yes	919	script_919.mary	39	GetEntityLocation	1	medium	no	if GetEntityLocation(20) == 12
20	yes	919	script_919.mary	41	Proc00F	1	medium	no	Proc00F(20)
20	yes	919	script_919.mary	64	Proc080	2	medium	no	Proc080(22, 20)
20	yes	919	script_919.mary	65	Proc080	2	medium	no	Proc080(9, 20)
20	yes	919	script_919.mary	66	Proc080	2	medium	no	Proc080(8, 20)
20	yes	919	script_919.mary	67	Proc080	2	medium	no	Proc080(24, 20)
20	yes	925	script_925.mary	24	Proc080	2	medium	no	Proc080(22, 20)
20	yes	925	script_925.mary	25	Proc080	2	medium	no	Proc080(9, 20)
20	yes	925	script_925.mary	26	Proc080	2	medium	no	Proc080(8, 20)
20	yes	925	script_925.mary	27	Proc080	2	medium	no	Proc080(24, 20)
20	yes	936	script_936.mary	57	GetEntityLocation	1	medium	no	if GetEntityLocation(20) == 12
20	yes	936	script_936.mary	59	Proc00F	1	medium	no	Proc00F(20)
20	yes	937	script_937.mary	43	GetEntityLocation	1	medium	no	if GetEntityLocation(20) == 12
20	yes	937	script_937.mary	45	Proc00F	1	medium	no	Proc00F(20)
20	yes	937	script_937.mary	76	Proc080	2	medium	no	Proc080(22, 20)
20	yes	937	script_937.mary	77	Proc080	2	medium	no	Proc080(6, 20)
20	yes	937	script_937.mary	78	Proc080	2	medium	no	Proc080(11, 20)
20	yes	937	script_937.mary	79	Proc080	2	medium	no	Proc080(10, 20)
20	yes	941	script_941.mary	24	Proc080	2	medium	no	Proc080(22, 20)
20	yes	941	script_941.mary	25	Proc080	2	medium	no	Proc080(6, 20)
20	yes	941	script_941.mary	26	Proc080	2	medium	no	Proc080(11, 20)
20	yes	941	script_941.mary	27	Proc080	2	medium	no	Proc080(10, 20)
20	yes	944	script_944.mary	29	SetEntityAnim	1	medium	no	SetEntityAnim(20, 800)
20	yes	944	script_944.mary	38	Proc02D	1	medium	no	Proc02D(20)
20	yes	944	script_944.mary	46	Proc011	1	medium	no	Proc011(20, 6, 0)
20	yes	944	script_944.mary	50	Proc02D	1	medium	no	Proc02D(20)
20	yes	944	script_944.mary	62	Proc02D	1	medium	no	Proc02D(20)
20	yes	944	script_944.mary	72	Proc011	1	medium	no	Proc011(20, 3, 0)
20	yes	944	script_944.mary	76	Proc02D	1	medium	no	Proc02D(20)
20	yes	944	script_944.mary	86	Proc02D	1	medium	no	Proc02D(20)
20	yes	944	script_944.mary	92	Proc08C	1	medium	no	Proc08C(20, 945)
20	yes	945	script_945.mary	9	Proc02D	1	medium	no	Proc02D(20)
20	yes	945	script_945.mary	12	SetEntityFacing	1	medium	no	SetEntityFacing(20, 2)
20	yes	945	script_945.mary	13	Proc083	1	medium	no	Proc083(20)
20	yes	947	script_947.mary	34	SetEntityAnim	1	medium	no	SetEntityAnim(20, 800)
20	yes	947	script_947.mary	40	SetEntityAnim	1	medium	no	SetEntityAnim(20, 804)
20	yes	947	script_947.mary	42	Proc00A	1	medium	no	Proc00A(20, 112, 1)
20	yes	947	script_947.mary	45	Proc00C	1	medium	no	Proc00C(20)
20	yes	947	script_947.mary	46	SetEntityAnim	1	medium	no	SetEntityAnim(20, 800)
20	yes	947	script_947.mary	70	Proc02D	1	medium	no	Proc02D(20)
20	yes	947	script_947.mary	80	Proc02D	1	medium	no	Proc02D(20)
20	yes	947	script_947.mary	93	Proc011	1	medium	no	Proc011(20, 6, 0)
20	yes	947	script_947.mary	97	Proc02D	1	medium	no	Proc02D(20)
20	yes	947	script_947.mary	114	Proc011	1	medium	no	Proc011(20, 6, 0)
20	yes	947	script_947.mary	118	Proc02D	1	medium	no	Proc02D(20)
20	yes	947	script_947.mary	130	Proc02D	1	medium	no	Proc02D(20)
20	yes	947	script_947.mary	138	SetEntityFacing	1	medium	no	SetEntityFacing(20, 0)
20	yes	947	script_947.mary	140	SetEntityAnim	1	medium	no	SetEntityAnim(20, 804)
20	yes	947	script_947.mary	142	Proc00A	1	medium	no	Proc00A(20, 224, 1)
20	yes	947	script_947.mary	144	Proc00C	1	medium	no	Proc00C(20)
20	yes	947	script_947.mary	146	SetEntityAnim	1	medium	no	SetEntityAnim(20, 800)
20	yes	947	script_947.mary	148	Proc00F	1	medium	no	Proc00F(20)
20	yes	950	script_950.mary	31	SetEntityAnim	1	medium	no	SetEntityAnim(20, 800)
20	yes	950	script_950.mary	35	Proc02D	1	medium	no	Proc02D(20)
20	yes	950	script_950.mary	45	Proc02D	1	medium	no	Proc02D(20)
20	yes	950	script_950.mary	57	Proc02D	1	medium	no	Proc02D(20)
20	yes	950	script_950.mary	67	Proc02D	1	medium	no	Proc02D(20)
20	yes	950	script_950.mary	82	Proc02D	1	medium	no	Proc02D(20)
20	yes	950	script_950.mary	85	Proc02D	1	medium	no	Proc02D(20)
20	yes	950	script_950.mary	98	Proc08C	1	medium	no	Proc08C(20, 951)
20	yes	951	script_951.mary	9	Proc02D	1	medium	no	Proc02D(20)
20	yes	951	script_951.mary	12	SetEntityFacing	1	medium	no	SetEntityFacing(20, 2)
20	yes	951	script_951.mary	13	Proc083	1	medium	no	Proc083(20)
20	yes	953	script_953.mary	31	SetEntityAnim	1	medium	no	SetEntityAnim(20, 800)
20	yes	953	script_953.mary	47	SetEntityFacing	1	medium	no	SetEntityFacing(20, 0)
20	yes	953	script_953.mary	50	Proc02D	1	medium	no	Proc02D(20)
20	yes	953	script_953.mary	60	Proc02D	1	medium	no	Proc02D(20)
20	yes	953	script_953.mary	72	Proc02D	1	medium	no	Proc02D(20)
20	yes	953	script_953.mary	80	Proc011	1	medium	no	Proc011(20, 6, 0)
20	yes	953	script_953.mary	84	Proc02D	1	medium	no	Proc02D(20)
20	yes	953	script_953.mary	94	Proc02D	1	medium	no	Proc02D(20)
20	yes	953	script_953.mary	106	Proc02D	1	medium	no	Proc02D(20)
20	yes	953	script_953.mary	112	Proc08C	1	medium	no	Proc08C(20, 954)
20	yes	954	script_954.mary	9	Proc02D	1	medium	no	Proc02D(20)
20	yes	954	script_954.mary	12	SetEntityFacing	1	medium	no	SetEntityFacing(20, 0)
20	yes	954	script_954.mary	13	Proc083	1	medium	no	Proc083(20)
20	yes	956	script_956.mary	22	SetEntityAnim	1	medium	no	SetEntityAnim(20, 800)
20	yes	956	script_956.mary	26	Proc02D	1	medium	no	Proc02D(20)
20	yes	956	script_956.mary	29	Proc02D	1	medium	no	Proc02D(20)
20	yes	956	script_956.mary	38	SetEntityAnim	1	medium	no	SetEntityAnim(20, 812)
20	yes	956	script_956.mary	81	SetEntityFacing	1	medium	no	SetEntityFacing(20, 3)
20	yes	956	script_956.mary	83	SetEntityAnim	1	medium	no	SetEntityAnim(20, 816)
20	yes	956	script_956.mary	84	Proc008	1	medium	no	Proc008(20, 184, 1)
20	yes	956	script_956.mary	85	Proc00C	1	medium	no	Proc00C(20)
20	yes	956	script_956.mary	86	SetEntityAnim	1	medium	no	SetEntityAnim(20, 812)
20	yes	956	script_956.mary	87	SetEntityAnim	1	medium	no	SetEntityAnim(20, 820)
20	yes	956	script_956.mary	90	SetEntityAnim	1	medium	no	SetEntityAnim(20, 812)
20	yes	956	script_956.mary	92	SetEntityAnim	1	medium	no	SetEntityAnim(20, 816)
20	yes	956	script_956.mary	93	Proc008	1	medium	no	Proc008(20, 168, 1)
20	yes	956	script_956.mary	94	Proc00C	1	medium	no	Proc00C(20)
20	yes	956	script_956.mary	95	SetEntityAnim	1	medium	no	SetEntityAnim(20, 812)
20	yes	956	script_956.mary	97	SetEntityFacing	1	medium	no	SetEntityFacing(20, 0)
20	yes	956	script_956.mary	100	SetEntityAnim	1	medium	no	SetEntityAnim(20, 816)
20	yes	956	script_956.mary	102	Proc00A	1	medium	no	Proc00A(20, 179, 1)
20	yes	956	script_956.mary	104	Proc00C	1	medium	no	Proc00C(20)
20	yes	956	script_956.mary	107	Proc00A	1	medium	no	Proc00A(20, 219, 1)
20	yes	956	script_956.mary	109	Proc00C	1	medium	no	Proc00C(20)
20	yes	956	script_956.mary	113	Proc00A	1	medium	no	Proc00A(20, 272, 1)
20	yes	956	script_956.mary	120	Proc083	1	medium	no	Proc083(20)
20	yes	957	script_957.mary	17	SetEntityAnim	1	medium	no	SetEntityAnim(20, 812)
20	yes	957	script_957.mary	72	Proc080	2	medium	no	Proc080(22, 20)
20	yes	957	script_957.mary	73	Proc080	2	medium	no	Proc080(15, 20)
20	yes	957	script_957.mary	74	Proc080	2	medium	no	Proc080(16, 20)
20	yes	957	script_957.mary	75	Proc080	2	medium	no	Proc080(14, 20)
20	yes	957	script_957.mary	77	Proc081	1	medium	no	Proc081(20, 200)
20	yes	957	script_957.mary	108	Proc08C	1	medium	no	Proc08C(20, 958)
20	yes	957	script_957.mary	122	Proc08C	1	medium	no	Proc08C(20, 958)
20	yes	958	script_958.mary	7	Func086	1	medium	no	if Func086(20) == 0
20	yes	958	script_958.mary	9	Proc083	1	medium	no	Proc083(20)
20	yes	958	script_958.mary	11	Func085	1	medium	no	if Func085(20) == 0
20	yes	958	script_958.mary	16	Proc02D	1	medium	no	Proc02D(20)
20	yes	958	script_958.mary	19	SetEntityFacing	1	medium	no	SetEntityFacing(20, 0)
20	yes	958	script_958.mary	20	Proc083	1	medium	no	Proc083(20)
20	yes	958	script_958.mary	27	Proc02D	1	medium	no	Proc02D(20)
20	yes	958	script_958.mary	30	SetEntityFacing	1	medium	no	SetEntityFacing(20, 0)
20	yes	958	script_958.mary	31	Proc083	1	medium	no	Proc083(20)
20	yes	963	script_963.mary	24	Proc080	2	medium	no	Proc080(22, 20)
20	yes	963	script_963.mary	25	Proc080	2	medium	no	Proc080(15, 20)
20	yes	963	script_963.mary	26	Proc080	2	medium	no	Proc080(16, 20)
20	yes	963	script_963.mary	27	Proc080	2	medium	no	Proc080(14, 20)
20	yes	963	script_963.mary	29	Proc081	1	medium	no	Proc081(20, 200)
20	yes	963	script_963.mary	42	Proc08D	1	medium	no	Proc08D(20)
20	yes	982	script_982.mary	196	Func086	1	medium	no	if Func086(20) == 1
20	yes	982	script_982.mary	198	Func07F	1	medium	no	if Func07F(20) >= 100
20	yes	982	script_982.mary	500	Func086	1	medium	no	if Func086(20) == 1
20	yes	982	script_982.mary	502	Func07F	1	medium	no	if Func07F(20) >= 100
20	yes	982	script_982.mary	549	Func086	1	medium	no	if Func086(20) == 1 && Func086(21) == 1
20	yes	982	script_982.mary	1096	Proc08D	1	medium	no	Proc08D(20)
20	yes	982	script_982.mary	1107	Proc081	1	medium	no	Proc081(20, 100)
20	yes	983	script_983.mary	98	Func07F	1	medium	no	if Func07F(20) < 200 || (GetEntityLocation(0) == 18 || GetEntityLocation(0) == 35 || GetEntityLocation(0) == 39)
20	yes	983	script_983.mary	102	Func07F	1	medium	no	else if Func07F(20) >= 200
20	yes	985	script_985.mary	92	Proc080	1	medium	no	Proc080(20, -3 * var_7)
20	yes	995	script_995.mary	261	Proc030	1	medium	no	Proc030(20)
20	yes	995	script_995.mary	414	Proc030	1	medium	no	Proc030(20)
20	yes	995	script_995.mary	476	Proc030	1	medium	no	Proc030(20)
20	yes	998	script_998.mary	47	SetEntityAnim	1	medium	no	SetEntityAnim(20, 800)
20	yes	998	script_998.mary	48	GetEntityFacing	1	medium	no	var_4 = GetEntityFacing(20)
20	yes	998	script_998.mary	51	Proc02D	1	medium	no	Proc02D(20)
20	yes	998	script_998.mary	52	Func086	1	medium	no	if Func086(20) == 0
20	yes	998	script_998.mary	56	Proc083	1	medium	no	Proc083(20)
20	yes	998	script_998.mary	153	Func07E	1	medium	no	if (var_0 == 1 || var_0 == 2 || var_0 == 3) && Func07E(20)
20	yes	998	script_998.mary	214	Func088	1	medium	no	if Func088(20) == 0
20	yes	998	script_998.mary	306	Func07E	1	medium	no	if Func07E(20)
20	yes	998	script_998.mary	314	Proc080	1	medium	no	Proc080(20, var_1)
20	yes	998	script_998.mary	315	Func07F	1	medium	no	if Func03E(475) == 0 && var_2 == 0 && Func07F(20) > 100 && (var_0 == 1 || var_0 == 2 || var_0 == 3)
20	yes	998	script_998.mary	326	Proc087	1	medium	no	Proc087(20)
20	yes	998	script_998.mary	339	Func07F	1	medium	no	else if Func07F(20) > 250 && Func03E(284) == 2 && Func07A(2) == 0
20	yes	998	script_998.mary	347	GetEntityLocation	1	medium	no	switch GetEntityLocation(20)
20	yes	998	script_998.mary	353	Func085	1	medium	no	if Func085(20) == 0
20	yes	998	script_998.mary	366	Func085	1	medium	no	if Func085(20) == 0
20	yes	998	script_998.mary	379	Func085	1	medium	no	if Func085(20) == 0
20	yes	998	script_998.mary	392	Func085	1	medium	no	if Func085(20) == 0
20	yes	998	script_998.mary	405	Func085	1	medium	no	if Func085(20) == 0
20	yes	998	script_998.mary	418	Func085	1	medium	no	if Func085(20) == 0
20	yes	998	script_998.mary	429	Func085	1	medium	no	else if Func085(20) == 0
20	yes	998	script_998.mary	444	Func085	1	medium	no	if Func085(20) == 0
20	yes	998	script_998.mary	457	Func085	1	medium	no	if Func085(20) == 0
20	yes	998	script_998.mary	468	Func085	1	medium	no	else if Func085(20) == 0
20	yes	998	script_998.mary	481	Func085	1	medium	no	if Func085(20) == 0
20	yes	998	script_998.mary	494	Func085	1	medium	no	if Func085(20) == 0
20	yes	998	script_998.mary	507	Func085	1	medium	no	if Func085(20) == 0
20	yes	998	script_998.mary	519	Proc083	1	medium	no	Proc083(20)
20	yes	998	script_998.mary	523	SetEntityFacing	1	medium	no	SetEntityFacing(20, var_4)
20	yes	1008	script_1008.mary	327	TalkMessage	1	medium	no	TalkMessage(20)
20	yes	1013	script_1013.mary	727	CallId	1	medium	no	Call(CallId(20))
20	yes	1013	script_1013.mary	764	PushInt	1	medium	no	PushInt(20)
20	yes	1031	script_1031.mary	108	Func027	3	medium	no	var_0 = Func027(18, 19, 20, 15, 16)
20	yes	1031	script_1031.mary	149	Func027	3	medium	no	var_0 = Func027(21, 19, 20, 15, 16)
20	yes	1031	script_1031.mary	190	Func027	3	medium	no	var_0 = Func027(22, 19, 20, 15, 16)
20	yes	1031	script_1031.mary	231	Func027	3	medium	no	var_0 = Func027(23, 19, 20, 15, 16)
20	yes	1031	script_1031.mary	445	Proc02D	1	medium	no	Proc02D(20)
20	yes	1031	script_1031.mary	448	Func07F	1	medium	no	Proc039(0, Func07F(20))
20	yes	1031	script_1031.mary	454	Proc080	1	medium	no	Proc080(20, 10)
20	yes	1031	script_1031.mary	459	Proc080	1	medium	no	Proc080(20, -10)
20	yes	1032	script_1032.mary	63	Proc0FF	1	medium	no	Proc0FF(20)
20	yes	1048	script_1048.mary	366	Proc02D	1	medium	no	Proc02D(20)
20	yes	1048	script_1048.mary	389	Proc02D	1	medium	no	Proc02D(20)
20	yes	1048	script_1048.mary	395	Proc02D	1	medium	no	Proc02D(20)
20	yes	1051	script_1051.mary	447	Proc0FF	1	medium	no	Proc0FF(20)
20	yes	1051	script_1051.mary	453	Proc0FF	1	medium	no	Proc0FF(20)
20	yes	1051	script_1051.mary	459	Proc0FF	1	medium	no	Proc0FF(20)
20	yes	1051	script_1051.mary	465	Proc0FF	1	medium	no	Proc0FF(20)
20	yes	1051	script_1051.mary	471	Proc0FF	1	medium	no	Proc0FF(20)
20	yes	1051	script_1051.mary	477	Proc0FF	1	medium	no	Proc0FF(20)
20	yes	1051	script_1051.mary	483	Proc0FF	1	medium	no	Proc0FF(20)
20	yes	1051	script_1051.mary	489	Proc0FF	1	medium	no	Proc0FF(20)
20	yes	1051	script_1051.mary	495	Proc0FF	1	medium	no	Proc0FF(20)
20	yes	1051	script_1051.mary	501	Proc0FF	1	medium	no	Proc0FF(20)
20	yes	1051	script_1051.mary	507	Proc0FF	1	medium	no	Proc0FF(20)
20	yes	1051	script_1051.mary	513	Proc0FF	1	medium	no	Proc0FF(20)
20	yes	1051	script_1051.mary	519	Proc0FF	1	medium	no	Proc0FF(20)
20	yes	1051	script_1051.mary	525	Proc0FF	1	medium	no	Proc0FF(20)
20	yes	1051	script_1051.mary	531	Proc0FF	1	medium	no	Proc0FF(20)
20	yes	1051	script_1051.mary	537	Proc0FF	1	medium	no	Proc0FF(20)
20	yes	1063	script_1063.mary	58	Proc037	1	medium	no	Proc037(20)
20	yes	1063	script_1063.mary	68	Proc037	1	medium	no	Proc037(20)
20	yes	1063	script_1063.mary	78	Proc037	1	medium	no	Proc037(20)
20	yes	1063	script_1063.mary	90	Proc037	1	medium	no	Proc037(20)
20	yes	1063	script_1063.mary	104	Proc037	1	medium	no	Proc037(20)
20	yes	1063	script_1063.mary	111	Proc037	1	medium	no	Proc037(20)
20	yes	1063	script_1063.mary	124	Proc037	1	medium	no	Proc037(20)
20	yes	1063	script_1063.mary	127	Proc037	1	medium	no	Proc037(20)
20	yes	1063	script_1063.mary	131	Proc037	1	medium	no	Proc037(20)
20	yes	1063	script_1063.mary	145	Proc037	1	medium	no	Proc037(20)
20	yes	1063	script_1063.mary	152	Proc037	1	medium	no	Proc037(20)
20	yes	1063	script_1063.mary	171	Proc037	1	medium	no	Proc037(20)
20	yes	1063	script_1063.mary	176	Proc037	1	medium	no	Proc037(20)
20	yes	1063	script_1063.mary	180	Proc037	1	medium	no	Proc037(20)
20	yes	1063	script_1063.mary	187	Proc037	1	medium	no	Proc037(20)
20	yes	1063	script_1063.mary	189	Proc037	1	medium	no	Proc037(20)
20	yes	1063	script_1063.mary	219	Proc037	1	medium	no	Proc037(20)
20	yes	1063	script_1063.mary	221	Proc037	1	medium	no	Proc037(20)
20	yes	1063	script_1063.mary	233	Proc037	1	medium	no	Proc037(20)
20	yes	1063	script_1063.mary	247	Proc037	1	medium	no	Proc037(20)
20	yes	1063	script_1063.mary	249	Proc037	1	medium	no	Proc037(20)
20	yes	1063	script_1063.mary	251	Proc037	1	medium	no	Proc037(20)
20	yes	1063	script_1063.mary	263	Proc037	1	medium	no	Proc037(20)
20	yes	1063	script_1063.mary	278	Proc037	1	medium	no	Proc037(20)
20	yes	1063	script_1063.mary	294	Proc037	1	medium	no	Proc037(20)
20	yes	1063	script_1063.mary	308	Proc037	1	medium	no	Proc037(20)
20	yes	1063	script_1063.mary	312	Proc037	1	medium	no	Proc037(20)
20	yes	1063	script_1063.mary	321	Proc037	1	medium	no	Proc037(20)
20	yes	1063	script_1063.mary	324	Proc037	1	medium	no	Proc037(20)
20	yes	1063	script_1063.mary	332	Proc05B	1	medium	no	Proc05B(20)
20	yes	1063	script_1063.mary	341	Proc037	1	medium	no	Proc037(20)
20	yes	1063	script_1063.mary	343	Proc037	1	medium	no	Proc037(20)
20	yes	1063	script_1063.mary	355	Proc037	1	medium	no	Proc037(20)
20	yes	1063	script_1063.mary	364	Proc037	1	medium	no	Proc037(20)
20	yes	1063	script_1063.mary	373	Proc037	1	medium	no	Proc037(20)
20	yes	1063	script_1063.mary	400	Proc037	1	medium	no	Proc037(20)
20	yes	1063	script_1063.mary	410	Proc037	1	medium	no	Proc037(20)
20	yes	1063	script_1063.mary	419	Proc037	1	medium	no	Proc037(20)
20	yes	1063	script_1063.mary	430	Proc037	1	medium	no	Proc037(20)
20	yes	1063	script_1063.mary	484	Proc037	1	medium	no	Proc037(20)
20	yes	1063	script_1063.mary	506	Proc037	1	medium	no	Proc037(20)
20	yes	1063	script_1063.mary	523	Proc037	1	medium	no	Proc037(20)
20	yes	1063	script_1063.mary	545	Proc037	1	medium	no	Proc037(20)
20	yes	1063	script_1063.mary	562	Proc037	1	medium	no	Proc037(20)
20	yes	1063	script_1063.mary	584	Proc037	1	medium	no	Proc037(20)
20	yes	1063	script_1063.mary	614	Proc037	1	medium	no	Proc037(20)
20	yes	1063	script_1063.mary	645	Proc037	1	medium	no	Proc037(20)
20	yes	1063	script_1063.mary	663	Proc037	1	medium	no	Proc037(20)
20	yes	1063	script_1063.mary	694	Proc037	1	medium	no	Proc037(20)
20	yes	1063	script_1063.mary	734	Proc037	1	medium	no	Proc037(20)
20	yes	1066	script_1066.mary	57	Proc037	1	medium	no	Proc037(20)
20	yes	1066	script_1066.mary	66	Proc037	1	medium	no	Proc037(20)
20	yes	1066	script_1066.mary	70	Proc037	1	medium	no	Proc037(20)
20	yes	1098	script_1098.mary	44	Proc080	2	medium	no	Proc080(2, 20)
20	yes	1098	script_1098.mary	45	Proc080	2	medium	no	Proc080(3, 20)
20	yes	1098	script_1098.mary	46	Proc080	2	medium	no	Proc080(4, 20)
20	yes	1098	script_1098.mary	47	Proc080	2	medium	no	Proc080(5, 20)
20	yes	1098	script_1098.mary	48	Proc080	2	medium	no	Proc080(6, 20)
20	yes	1098	script_1098.mary	49	Proc080	2	medium	no	Proc080(8, 20)
20	yes	1098	script_1098.mary	50	Proc080	2	medium	no	Proc080(9, 20)
20	yes	1098	script_1098.mary	51	Proc080	2	medium	no	Proc080(13, 20)
20	yes	1098	script_1098.mary	52	Proc080	2	medium	no	Proc080(14, 20)
20	yes	1098	script_1098.mary	53	Proc080	2	medium	no	Proc080(17, 20)
20	yes	1098	script_1098.mary	54	Proc080	2	medium	no	Proc080(18, 20)
20	yes	1098	script_1098.mary	55	Proc080	2	medium	no	Proc080(19, 20)
20	yes	1098	script_1098.mary	56	Proc080	2	medium	no	Proc080(24, 20)
20	yes	1098	script_1098.mary	57	Proc080	2	medium	no	Proc080(25, 20)
20	yes	1098	script_1098.mary	58	Proc080	2	medium	no	Proc080(28, 20)
20	yes	1100	script_1100.mary	31	SetEntityAnim	1	medium	no	SetEntityAnim(20, 800)
20	yes	1100	script_1100.mary	47	Proc08C	1	medium	no	Proc08C(20, 1104)
20	yes	1104	script_1104.mary	6	Func086	1	medium	no	if Func086(20) == 0
20	yes	1104	script_1104.mary	8	Proc083	1	medium	no	Proc083(20)
20	yes	1104	script_1104.mary	13	Proc02D	1	medium	no	Proc02D(20)
20	yes	1104	script_1104.mary	16	Func084	1	medium	no	if Func084(20) == 0
20	yes	1104	script_1104.mary	18	Proc080	1	medium	no	Proc080(20, 5)
20	yes	1104	script_1104.mary	20	SetEntityFacing	1	medium	no	SetEntityFacing(20, 1)
20	yes	1104	script_1104.mary	21	Proc083	1	medium	no	Proc083(20)
20	yes	1114	script_1114.mary	31	SetEntityAnim	1	medium	no	SetEntityAnim(20, 800)
20	yes	1114	script_1114.mary	47	Proc08C	1	medium	no	Proc08C(20, 1118)
20	yes	1118	script_1118.mary	6	Func086	1	medium	no	if Func086(20) == 0
20	yes	1118	script_1118.mary	8	Proc083	1	medium	no	Proc083(20)
20	yes	1118	script_1118.mary	13	Proc02D	1	medium	no	Proc02D(20)
20	yes	1118	script_1118.mary	16	Func084	1	medium	no	if Func084(20) == 0
20	yes	1118	script_1118.mary	18	Proc080	1	medium	no	Proc080(20, 5)
20	yes	1118	script_1118.mary	20	SetEntityFacing	1	medium	no	SetEntityFacing(20, 1)
20	yes	1118	script_1118.mary	21	Proc083	1	medium	no	Proc083(20)
20	yes	1129	script_1129.mary	52	Proc080	2	medium	no	Proc080(13, 20)
20	yes	1129	script_1129.mary	53	Proc080	1	medium	no	Proc080(20, 20)
20	yes	1129	script_1129.mary	53	Proc080	2	medium	no	Proc080(20, 20)
20	yes	1129	script_1129.mary	54	Proc080	2	medium	no	Proc080(22, 20)
20	yes	1129	script_1129.mary	55	Proc080	2	medium	no	Proc080(30, 20)
20	yes	1129	script_1129.mary	56	Proc080	2	medium	no	Proc080(28, 20)
20	yes	1129	script_1129.mary	57	Proc080	2	medium	no	Proc080(25, 20)
20	yes	1129	script_1129.mary	58	Proc080	2	medium	no	Proc080(27, 20)
20	yes	1129	script_1129.mary	59	Proc080	2	medium	no	Proc080(19, 20)
20	yes	1129	script_1129.mary	60	Proc080	2	medium	no	Proc080(24, 20)
20	yes	1129	script_1129.mary	61	Proc080	2	medium	no	Proc080(18, 20)
20	yes	1129	script_1129.mary	62	Proc080	2	medium	no	Proc080(9, 20)
20	yes	1129	script_1129.mary	63	Proc080	2	medium	no	Proc080(2, 20)
20	yes	1129	script_1129.mary	64	Proc080	2	medium	no	Proc080(1, 20)
20	yes	1129	script_1129.mary	82	Proc080	2	medium	no	Proc080(13, 20)
20	yes	1129	script_1129.mary	83	Proc080	1	medium	no	Proc080(20, 20)
20	yes	1129	script_1129.mary	83	Proc080	2	medium	no	Proc080(20, 20)
20	yes	1129	script_1129.mary	84	Proc080	2	medium	no	Proc080(22, 20)
20	yes	1129	script_1129.mary	85	Proc080	2	medium	no	Proc080(30, 20)
20	yes	1129	script_1129.mary	86	Proc080	2	medium	no	Proc080(28, 20)
20	yes	1129	script_1129.mary	87	Proc080	2	medium	no	Proc080(25, 20)
20	yes	1129	script_1129.mary	88	Proc080	2	medium	no	Proc080(27, 20)
20	yes	1129	script_1129.mary	89	Proc080	2	medium	no	Proc080(19, 20)
20	yes	1129	script_1129.mary	90	Proc080	2	medium	no	Proc080(24, 20)
20	yes	1129	script_1129.mary	91	Proc080	2	medium	no	Proc080(18, 20)
20	yes	1129	script_1129.mary	92	Proc080	2	medium	no	Proc080(9, 20)
20	yes	1129	script_1129.mary	93	Proc080	2	medium	no	Proc080(2, 20)
20	yes	1129	script_1129.mary	94	Proc080	2	medium	no	Proc080(1, 20)
20	yes	1129	script_1129.mary	195	Proc08D	1	medium	no	Proc08D(20)
20	yes	1145	script_1145.mary	41	Proc080	2	medium	no	Proc080(13, 20)
20	yes	1145	script_1145.mary	42	Proc080	2	medium	no	Proc080(17, 20)
20	yes	1145	script_1145.mary	43	Proc080	2	medium	no	Proc080(18, 20)
20	yes	1145	script_1145.mary	44	Proc080	2	medium	no	Proc080(26, 20)
20	yes	1145	script_1145.mary	45	Proc080	2	medium	no	Proc080(3, 20)
20	yes	1145	script_1145.mary	46	Proc080	2	medium	no	Proc080(28, 20)
20	yes	1163	script_1163.mary	39	Proc080	2	medium	no	Proc080(2, 20)
20	yes	1163	script_1163.mary	40	Proc080	2	medium	no	Proc080(4, 20)
20	yes	1163	script_1163.mary	41	Proc080	2	medium	no	Proc080(6, 20)
20	yes	1163	script_1163.mary	42	Proc080	2	medium	no	Proc080(8, 20)
20	yes	1163	script_1163.mary	43	Proc080	2	medium	no	Proc080(13, 20)
20	yes	1163	script_1163.mary	44	Proc080	2	medium	no	Proc080(3, 20)
20	yes	1163	script_1163.mary	45	Proc080	2	medium	no	Proc080(24, 20)
20	yes	1165	script_1165.mary	27	SetEntityAnim	1	medium	no	SetEntityAnim(20, 800)
20	yes	1165	script_1165.mary	68	Proc08C	1	medium	no	Proc08C(20, 1168)
20	yes	1168	script_1168.mary	7	Func086	1	medium	no	if Func086(20) == 0
20	yes	1168	script_1168.mary	9	Proc083	1	medium	no	Proc083(20)
20	yes	1168	script_1168.mary	16	Proc02D	1	medium	no	Proc02D(20)
20	yes	1168	script_1168.mary	23	Proc02D	1	medium	no	Proc02D(20)
20	yes	1168	script_1168.mary	27	Func084	1	medium	no	if Func084(20) == 0
20	yes	1168	script_1168.mary	29	Proc080	1	medium	no	Proc080(20, 5)
20	yes	1168	script_1168.mary	31	Proc083	1	medium	no	Proc083(20)
20	yes	1168	script_1168.mary	32	SetEntityFacing	1	medium	no	SetEntityFacing(20, 0)
20	yes	1177	script_1177.mary	29	SetEntityAnim	1	medium	no	SetEntityAnim(20, 800)
20	yes	1177	script_1177.mary	59	Proc08C	1	medium	no	Proc08C(20, 1180)
20	yes	1180	script_1180.mary	11	Func086	1	medium	no	if Func086(20) == 0
20	yes	1180	script_1180.mary	13	Proc083	1	medium	no	Proc083(20)
20	yes	1180	script_1180.mary	20	Proc02D	1	medium	no	Proc02D(20)
20	yes	1180	script_1180.mary	27	Proc02D	1	medium	no	Proc02D(20)
20	yes	1180	script_1180.mary	34	Proc02D	1	medium	no	Proc02D(20)
20	yes	1180	script_1180.mary	38	Func084	1	medium	no	if Func084(20) == 0
20	yes	1180	script_1180.mary	40	Proc080	1	medium	no	Proc080(20, 5)
20	yes	1180	script_1180.mary	42	Proc083	1	medium	no	Proc083(20)
20	yes	1180	script_1180.mary	43	SetEntityFacing	1	medium	no	SetEntityFacing(20, 0)
20	yes	1190	script_1190.mary	45	Proc080	2	medium	no	Proc080(2, 20)
20	yes	1190	script_1190.mary	46	Proc080	2	medium	no	Proc080(3, 20)
20	yes	1190	script_1190.mary	47	Proc080	2	medium	no	Proc080(4, 20)
20	yes	1190	script_1190.mary	48	Proc080	2	medium	no	Proc080(5, 20)
20	yes	1190	script_1190.mary	49	Proc080	2	medium	no	Proc080(10, 20)
20	yes	1190	script_1190.mary	50	Proc080	2	medium	no	Proc080(12, 20)
20	yes	1190	script_1190.mary	51	Proc080	2	medium	no	Proc080(13, 20)
20	yes	1190	script_1190.mary	52	Proc080	2	medium	no	Proc080(16, 20)
20	yes	1190	script_1190.mary	53	Proc080	1	medium	no	Proc080(20, 20)
20	yes	1190	script_1190.mary	53	Proc080	2	medium	no	Proc080(20, 20)
20	yes	1190	script_1190.mary	54	Proc080	2	medium	no	Proc080(21, 20)
20	yes	1190	script_1190.mary	55	Proc080	2	medium	no	Proc080(22, 20)
20	yes	1191	script_1191.mary	14	SetEntityAnim	1	medium	no	SetEntityAnim(20, 800)
20	yes	1191	script_1191.mary	35	Proc08C	1	medium	no	Proc08C(20, 1196)
20	yes	1192	script_1192.mary	93	Proc08D	1	medium	no	Proc08D(20)
20	yes	1192	script_1192.mary	113	Proc08D	1	medium	no	Proc08D(20)
20	yes	1192	script_1192.mary	161	Proc08D	1	medium	no	Proc08D(20)
20	yes	1192	script_1192.mary	180	Proc08D	1	medium	no	Proc08D(20)
20	yes	1192	script_1192.mary	228	Proc08D	1	medium	no	Proc08D(20)
20	yes	1192	script_1192.mary	247	Proc08D	1	medium	no	Proc08D(20)
20	yes	1192	script_1192.mary	295	Proc08D	1	medium	no	Proc08D(20)
20	yes	1192	script_1192.mary	314	Proc08D	1	medium	no	Proc08D(20)
20	yes	1192	script_1192.mary	363	Proc08D	1	medium	no	Proc08D(20)
20	yes	1192	script_1192.mary	382	Proc08D	1	medium	no	Proc08D(20)
20	yes	1192	script_1192.mary	414	Proc08D	1	medium	no	Proc08D(20)
20	yes	1193	script_1193.mary	21	Func085	1	medium	no	if Func085(2) && Func085(7) && Func085(20) && (Func03E(244) == 0 || Func085(23)) && Func085(26) && Func085(19) && Func085(21) && Func085(25) && Func085(3) && Func085(12)
20	yes	1194	script_1194.mary	79	Func085	1	medium	no	if Func085(2) && Func085(7) && Func085(20) && (Func03E(244) == 0 || Func085(23)) && Func085(26) && Func085(19) && Func085(21) && Func085(25) && Func085(3) && Func085(12)
20	yes	1195	script_1195.mary	21	Func085	1	medium	no	if Func085(2) && Func085(7) && Func085(20) && (Func03E(244) == 0 || Func085(23)) && Func085(26) && Func085(19) && Func085(21) && Func085(25) && Func085(3) && Func085(12)
20	yes	1196	script_1196.mary	6	Func086	1	medium	no	if Func086(20) == 0
20	yes	1196	script_1196.mary	8	Proc083	1	medium	no	Proc083(20)
20	yes	1196	script_1196.mary	13	Proc02D	1	medium	no	Proc02D(20)
20	yes	1196	script_1196.mary	16	Func085	1	medium	no	if Func085(20) == 0
20	yes	1196	script_1196.mary	18	Proc080	1	medium	no	Proc080(20, 5)
20	yes	1196	script_1196.mary	20	Proc083	1	medium	no	Proc083(20)
20	yes	1196	script_1196.mary	21	Func085	1	medium	no	if Func085(2) && Func085(7) && Func085(20) && (Func03E(244) == 0 || Func085(23)) && Func085(26) && Func085(19) && Func085(21) && Func085(25) && Func085(3) && Func085(12)
20	yes	1196	script_1196.mary	27	SetEntityFacing	1	medium	no	SetEntityFacing(20, 3)
20	yes	1197	script_1197.mary	80	Func085	1	medium	no	if Func085(2) && Func085(7) && Func085(20) && (Func03E(244) == 0 || Func085(23)) && Func085(26) && Func085(19) && Func085(21) && Func085(25) && Func085(3) && Func085(12)
20	yes	1198	script_1198.mary	79	Func085	1	medium	no	if Func085(2) && Func085(7) && Func085(20) && (Func03E(244) == 0 || Func085(23)) && Func085(26) && Func085(19) && Func085(21) && Func085(25) && Func085(3) && Func085(12)
20	yes	1199	script_1199.mary	79	Func085	1	medium	no	if Func085(2) && Func085(7) && Func085(20) && (Func03E(244) == 0 || Func085(23)) && Func085(26) && Func085(19) && Func085(21) && Func085(25) && Func085(3) && Func085(12)
20	yes	1200	script_1200.mary	79	Func085	1	medium	no	if Func085(2) && Func085(7) && Func085(20) && (Func03E(244) == 0 || Func085(23)) && Func085(26) && Func085(19) && Func085(21) && Func085(25) && Func085(3) && Func085(12)
20	yes	1201	script_1201.mary	21	Func085	1	medium	no	if Func085(2) && Func085(7) && Func085(20) && (Func03E(244) == 0 || Func085(23)) && Func085(26) && Func085(19) && Func085(21) && Func085(25) && Func085(3) && Func085(12)
20	yes	1202	script_1202.mary	21	Func085	1	medium	no	if Func085(2) && Func085(7) && Func085(20) && (Func03E(244) == 0 || Func085(23)) && Func085(26) && Func085(19) && Func085(21) && Func085(25) && Func085(3) && Func085(12)
20	yes	1246	script_1246.mary	25	SetEntityAnim	1	medium	no	SetEntityAnim(20, 800)
20	yes	1246	script_1246.mary	68	Proc08C	1	medium	no	Proc08C(20, 1252)
20	yes	1252	script_1252.mary	7	Func086	1	medium	no	if Func086(20) == 0
20	yes	1252	script_1252.mary	9	Proc083	1	medium	no	Proc083(20)
20	yes	1252	script_1252.mary	16	Proc02D	1	medium	no	Proc02D(20)
20	yes	1252	script_1252.mary	23	Proc02D	1	medium	no	Proc02D(20)
20	yes	1252	script_1252.mary	27	Func084	1	medium	no	if Func084(20) == 0
20	yes	1252	script_1252.mary	29	Proc080	1	medium	no	Proc080(20, 5)
20	yes	1252	script_1252.mary	31	Proc083	1	medium	no	Proc083(20)
20	yes	1252	script_1252.mary	32	SetEntityFacing	1	medium	no	SetEntityFacing(20, 2)
20	yes	1264	script_1264.mary	44	Proc080	2	medium	no	Proc080(13, 20)
20	yes	1264	script_1264.mary	45	Proc080	2	medium	no	Proc080(4, 20)
20	yes	1264	script_1264.mary	46	Proc080	2	medium	no	Proc080(6, 20)
20	yes	1264	script_1264.mary	47	Proc080	2	medium	no	Proc080(28, 20)
20	yes	1264	script_1264.mary	48	Proc080	2	medium	no	Proc080(27, 20)
20	yes	1264	script_1264.mary	49	Proc080	2	medium	no	Proc080(7, 20)
20	yes	1264	script_1264.mary	50	Proc080	2	medium	no	Proc080(12, 20)
20	yes	1264	script_1264.mary	51	Proc080	2	medium	no	Proc080(24, 20)
20	yes	1264	script_1264.mary	52	Proc080	2	medium	no	Proc080(21, 20)
20	yes	1264	script_1264.mary	53	Proc080	1	medium	no	Proc080(20, 20)
20	yes	1264	script_1264.mary	53	Proc080	2	medium	no	Proc080(20, 20)
20	yes	1264	script_1264.mary	54	Proc080	2	medium	no	Proc080(22, 20)
20	yes	1264	script_1264.mary	55	Proc080	2	medium	no	Proc080(1, 20)
20	yes	1264	script_1264.mary	56	Proc080	2	medium	no	Proc080(2, 20)
20	yes	1264	script_1264.mary	57	Proc080	2	medium	no	Proc080(14, 20)
20	yes	1264	script_1264.mary	58	Proc080	2	medium	no	Proc080(8, 20)
20	yes	1289	script_1289.mary	45	Proc080	2	medium	no	Proc080(2, 20)
20	yes	1289	script_1289.mary	46	Proc080	2	medium	no	Proc080(19, 20)
20	yes	1289	script_1289.mary	47	Proc080	2	medium	no	Proc080(4, 20)
20	yes	1289	script_1289.mary	48	Proc080	2	medium	no	Proc080(5, 20)
20	yes	1289	script_1289.mary	49	Proc080	2	medium	no	Proc080(7, 20)
20	yes	1289	script_1289.mary	50	Proc080	2	medium	no	Proc080(17, 20)
20	yes	1289	script_1289.mary	51	Proc080	2	medium	no	Proc080(13, 20)
20	yes	1289	script_1289.mary	52	Proc080	2	medium	no	Proc080(11, 20)
20	yes	1289	script_1289.mary	53	Proc080	2	medium	no	Proc080(14, 20)
20	yes	1289	script_1289.mary	54	Proc080	2	medium	no	Proc080(27, 20)
20	yes	1290	script_1290.mary	52	Proc080	2	medium	no	Proc080(5, 20)
20	yes	1291	script_1291.mary	52	Proc080	2	medium	no	Proc080(16, 20)
20	yes	1293	script_1293.mary	118	Proc080	2	medium	no	Proc080(35, 20)
20	yes	1306	script_1306.mary	373	Proc080	2	medium	no	Proc080(35, 20)
20	yes	1307	script_1307.mary	109	Proc080	2	medium	no	Proc080(13, 20)
20	yes	1309	script_1309.mary	51	Proc037	1	medium	no	Proc037(20)
20	yes	1309	script_1309.mary	60	Proc037	1	medium	no	Proc037(20)
20	yes	1309	script_1309.mary	64	Proc037	1	medium	no	Proc037(20)
24	yes	29	script_29.mary	328	Proc037	1	medium	no	Proc037(24)
24	yes	46	script_46.mary	43	SetEntityAnim	1	medium	no	SetEntityAnim(24, 1970)
24	yes	46	script_46.mary	72	Proc02D	1	medium	no	Proc02D(24)
24	yes	46	script_46.mary	108	Proc02D	1	medium	no	Proc02D(24)
24	yes	46	script_46.mary	124	Proc080	1	medium	no	Proc080(24, 20)
24	yes	46	script_46.mary	137	Proc02D	1	medium	no	Proc02D(24)
24	yes	46	script_46.mary	156	SetEntityAnim	1	medium	no	SetEntityAnim(24, 1970)
24	yes	46	script_46.mary	162	Proc02D	1	medium	no	Proc02D(24)
24	yes	46	script_46.mary	179	Proc037	1	medium	no	Proc037(24)
24	yes	46	script_46.mary	195	Proc02D	1	medium	no	Proc02D(24)
24	yes	46	script_46.mary	209	Proc02D	1	medium	no	Proc02D(24)
24	yes	46	script_46.mary	219	Proc02D	1	medium	no	Proc02D(24)
24	yes	46	script_46.mary	230	SetEntityAnim	1	medium	no	SetEntityAnim(24, 1970)
24	yes	46	script_46.mary	240	Proc02D	1	medium	no	Proc02D(24)
24	yes	46	script_46.mary	254	Proc02D	1	medium	no	Proc02D(24)
24	yes	46	script_46.mary	264	Proc083	1	medium	no	Proc083(24)
24	yes	46	script_46.mary	266	Proc08C	1	medium	no	Proc08C(24, 47)
24	yes	46	script_46.mary	271	Proc080	1	medium	no	Proc080(24, -10)
24	yes	46	script_46.mary	284	Proc02D	1	medium	no	Proc02D(24)
24	yes	46	script_46.mary	302	Proc083	1	medium	no	Proc083(24)
24	yes	47	script_47.mary	13	Proc02D	1	medium	no	Proc02D(24)
24	yes	47	script_47.mary	16	SetEntityFacing	1	medium	no	SetEntityFacing(24, 2)
24	yes	47	script_47.mary	17	Proc083	1	medium	no	Proc083(24)
24	yes	51	script_51.mary	45	SetEntityAnim	1	medium	no	SetEntityAnim(24, 1970)
24	yes	51	script_51.mary	54	Proc011	1	medium	no	Proc011(24, 2, 0)
24	yes	51	script_51.mary	58	Proc02D	1	medium	no	Proc02D(24)
24	yes	51	script_51.mary	68	Proc02D	1	medium	no	Proc02D(24)
24	yes	51	script_51.mary	85	Proc02D	1	medium	no	Proc02D(24)
24	yes	51	script_51.mary	97	SetEntityFacing	1	medium	no	SetEntityFacing(24, 0)
24	yes	51	script_51.mary	98	Proc011	1	medium	no	Proc011(24, 2, 0)
24	yes	51	script_51.mary	102	Proc02D	1	medium	no	Proc02D(24)
24	yes	51	script_51.mary	109	Proc02D	1	medium	no	Proc02D(24)
24	yes	51	script_51.mary	119	Proc080	1	medium	no	Proc080(24, 20)
24	yes	51	script_51.mary	126	Proc02D	1	medium	no	Proc02D(24)
24	yes	51	script_51.mary	140	Proc02D	1	medium	no	Proc02D(24)
24	yes	51	script_51.mary	156	SetEntityAnim	1	medium	no	SetEntityAnim(24, 1970)
24	yes	51	script_51.mary	164	Proc02D	1	medium	no	Proc02D(24)
24	yes	51	script_51.mary	172	SetEntityFacing	1	medium	no	SetEntityFacing(24, 2)
24	yes	51	script_51.mary	175	Proc02D	1	medium	no	Proc02D(24)
24	yes	51	script_51.mary	185	Proc02D	1	medium	no	Proc02D(24)
24	yes	51	script_51.mary	188	SetEntityFacing	1	medium	no	SetEntityFacing(24, 0)
24	yes	51	script_51.mary	191	Proc02D	1	medium	no	Proc02D(24)
24	yes	51	script_51.mary	205	Proc011	1	medium	no	Proc011(24, 6, 0)
24	yes	51	script_51.mary	213	Proc02D	1	medium	no	Proc02D(24)
24	yes	51	script_51.mary	226	SetEntityFacing	1	medium	no	SetEntityFacing(24, 2)
24	yes	51	script_51.mary	230	Proc02D	1	medium	no	Proc02D(24)
24	yes	51	script_51.mary	331	Proc083	1	medium	no	Proc083(24)
24	yes	52	script_52.mary	33	SetEntityAnim	1	medium	no	SetEntityAnim(24, 1970)
24	yes	52	script_52.mary	35	Proc011	1	medium	no	Proc011(24, 2, 0)
24	yes	52	script_52.mary	39	Proc02D	1	medium	no	Proc02D(24)
24	yes	52	script_52.mary	48	Proc02D	1	medium	no	Proc02D(24)
24	yes	52	script_52.mary	55	Proc02D	1	medium	no	Proc02D(24)
24	yes	52	script_52.mary	58	Proc02D	1	medium	no	Proc02D(24)
24	yes	52	script_52.mary	66	Proc02D	1	medium	no	Proc02D(24)
24	yes	52	script_52.mary	76	Proc080	1	medium	no	Proc080(24, 20)
24	yes	52	script_52.mary	78	Proc011	1	medium	no	Proc011(24, 5, 0)
24	yes	52	script_52.mary	82	Proc02D	1	medium	no	Proc02D(24)
24	yes	52	script_52.mary	97	SetEntityFacing	1	medium	no	SetEntityFacing(24, 2)
24	yes	52	script_52.mary	100	Proc02D	1	medium	no	Proc02D(24)
24	yes	52	script_52.mary	110	Proc02D	1	medium	no	Proc02D(24)
24	yes	52	script_52.mary	119	SetEntityFacing	1	medium	no	SetEntityFacing(24, 0)
24	yes	52	script_52.mary	126	Proc02D	1	medium	no	Proc02D(24)
24	yes	52	script_52.mary	139	Proc02D	1	medium	no	Proc02D(24)
24	yes	52	script_52.mary	152	SetEntityFacing	1	medium	no	SetEntityFacing(24, 2)
24	yes	52	script_52.mary	158	SetEntityFacing	1	medium	no	SetEntityFacing(24, 0)
24	yes	52	script_52.mary	162	Proc02D	1	medium	no	Proc02D(24)
24	yes	52	script_52.mary	165	Proc02D	1	medium	no	Proc02D(24)
24	yes	52	script_52.mary	172	Proc083	1	medium	no	Proc083(24)
24	yes	52	script_52.mary	173	Proc08C	1	medium	no	Proc08C(24, 53)
24	yes	52	script_52.mary	179	Proc080	1	medium	no	Proc080(24, -10)
24	yes	52	script_52.mary	182	Proc011	1	medium	no	Proc011(24, 6, 0)
24	yes	52	script_52.mary	186	Proc02D	1	medium	no	Proc02D(24)
24	yes	52	script_52.mary	193	Proc083	1	medium	no	Proc083(24)
24	yes	52	script_52.mary	194	Proc08C	1	medium	no	Proc08C(24, 53)
24	yes	53	script_53.mary	16	Proc02D	1	medium	no	Proc02D(24)
24	yes	53	script_53.mary	19	SetEntityFacing	1	medium	no	SetEntityFacing(24, 0)
24	yes	53	script_53.mary	20	Proc083	1	medium	no	Proc083(24)
24	yes	53	script_53.mary	27	Proc02D	1	medium	no	Proc02D(24)
24	yes	53	script_53.mary	30	SetEntityFacing	1	medium	no	SetEntityFacing(24, 0)
24	yes	53	script_53.mary	31	Proc083	1	medium	no	Proc083(24)
24	yes	55	script_55.mary	23	SetEntityAnim	1	medium	no	SetEntityAnim(24, 1970)
24	yes	55	script_55.mary	98	SetEntityFacing	1	medium	no	SetEntityFacing(24, 0)
24	yes	55	script_55.mary	122	Proc080	1	medium	no	Proc080(24, 255)
24	yes	55	script_55.mary	128	Proc083	1	medium	no	Proc083(24)
24	yes	59	script_59.mary	117	Proc008	2	medium	no	Proc008(0, 24, 1)
24	yes	93	script_93.mary	46	GetEntityLocation	1	medium	no	else if Func03E(98) == 2 && Func03E(100) == 0 && !(var_0 == 0 && var_1 == 1 || var_0 == 0 && var_1 == 18 || var_0 == 0 && var_1 == 22 || var_0 == 1 && var_1 == 1 || var_0 == 1 && var_1 == 7 || var_0 == 1 && var_1 == 24 || var_0 == 1 && var_1 == 20 || var_0 == 2 && var_1 == 3 || var_0 == 2 && var_1 == 9 || var_0 == 2 && var_1 == 13 || var_0 == 2 && var_1 == 18 || var_0 == 2 && var_1 == 21 || var_0 == 3 && var_1 == 24 || var_0 == 3 && var_1 == 30) && var_2 == 1 && var_4 == 0 && (var_3 >= 12 && var_3 < 17) && Func03E(76) == 0 && Func03E(85) == 0 && Func03E(95) == 0 && Func03E(103) == 0 && Func03E(111) == 0 && Func03E(371) == 0 && Func03E(142) == 0 && Func03E(143) == 0 && Func03E(75) == 0 && Func03E(84) == 0 && Func03E(94) == 0 && Func03E(102) == 0 && Func03E(110) == 0 && Func03E(370) == 0 && Func03E(141) == 0 && GetEntityLocation(24) != 8 && Func089(12) >= 20000 && Func040() == 1 && (Func03E(44) == 2 || Func03E(22) == 1)
24	yes	93	script_93.mary	51	GetEntityLocation	1	medium	no	else if Func03E(139) == 2 && Func03E(140) == 0 && !(var_0 == 0 && var_1 == 1 || var_0 == 0 && var_1 == 18 || var_0 == 0 && var_1 == 22 || var_0 == 1 && var_1 == 1 || var_0 == 1 && var_1 == 7 || var_0 == 1 && var_1 == 24 || var_0 == 1 && var_1 == 20 || var_0 == 2 && var_1 == 3 || var_0 == 2 && var_1 == 9 || var_0 == 2 && var_1 == 13 || var_0 == 2 && var_1 == 18 || var_0 == 2 && var_1 == 21 || var_0 == 3 && var_1 == 24 || var_0 == 3 && var_1 == 30) && (var_2 == 0 || var_2 == 2 || var_2 == 5) && var_5 >= 2 && var_4 == 0 && (var_3 >= 7 && var_3 < 10) && Func03E(103) == 0 && Func03E(142) == 0 && Func03E(143) == 0 && Func03E(102) == 0 && Func089(12) < 40000 && GetEntityLocation(24) != 8
24	yes	93	script_93.mary	56	Func086	1	medium	no	else if Func03E(295) == 0 && (var_0 == 2 && var_1 == 5) && (var_3 >= 6 && var_3 < 17) && Func03E(95) == 0 && Func086(24) == 1
24	yes	93	script_93.mary	61	GetEntityLocation	1	medium	no	else if Func03E(260) == 0 && !(var_0 == 0 && var_1 == 1 || var_0 == 0 && var_1 == 18 || var_0 == 0 && var_1 == 22 || var_0 == 1 && var_1 == 1 || var_0 == 1 && var_1 == 7 || var_0 == 1 && var_1 == 24 || var_0 == 1 && var_1 == 20 || var_0 == 2 && var_1 == 3 || var_0 == 2 && var_1 == 9 || var_0 == 2 && var_1 == 13 || var_0 == 2 && var_1 == 18 || var_0 == 2 && var_1 == 21 || var_0 == 3 && var_1 == 24 || var_0 == 3 && var_1 == 30) && var_2 == 4 && var_4 == 0 && (var_3 >= 13 && var_3 < 16) && (Func03E(142) == 2 || Func03E(143) == 2) && GetEntityLocation(12) == 8 && GetEntityLocation(7) == 8 && GetEntityLocation(24) != 8
24	yes	139	script_139.mary	305	Proc080	1	medium	no	Proc080(24, 2)
24	yes	139	script_139.mary	393	Proc080	1	medium	no	Proc080(24, 2)
24	yes	220	script_220.mary	34	Proc048	1	medium	no	Proc048(24)
24	yes	259	script_259.mary	14	Func07F	1	medium	no	else if Func07F(24) <= 100
24	yes	259	script_259.mary	18	Func07F	1	medium	no	else if Func07F(24) > 100
24	yes	259	script_259.mary	21	Func07F	1	medium	no	if Func07F(24) > 200
24	yes	268	script_268.mary	10	Proc08D	1	medium	no	Proc08D(24)
24	yes	271	script_271.mary	41	Func07F	1	medium	no	else if Func07F(24) <= 100
24	yes	271	script_271.mary	45	Func07F	1	medium	no	else if Func07F(24) > 100
24	yes	271	script_271.mary	48	Func07F	1	medium	no	if Func07F(24) > 200
24	yes	271	script_271.mary	60	Func086	1	medium	no	if Func03E(298) == 0 && var_0 == 3 && var_1 == 11 && (var_3 >= 19 && var_3 < 21) && Func03E(95) == 0 && Func03E(134) == 0 && Func03E(135) == 0 && Func086(25) == 1 && Func086(24) == 1 && GetEntityLocation(25) == 21 && GetEntityLocation(24) == 22
24	yes	271	script_271.mary	60	GetEntityLocation	1	medium	no	if Func03E(298) == 0 && var_0 == 3 && var_1 == 11 && (var_3 >= 19 && var_3 < 21) && Func03E(95) == 0 && Func03E(134) == 0 && Func03E(135) == 0 && Func086(25) == 1 && Func086(24) == 1 && GetEntityLocation(25) == 21 && GetEntityLocation(24) == 22
24	yes	271	script_271.mary	70	GetEntityLocation	1	medium	no	if Func03E(87) == 1 || Func03E(92) == 1 || Func03E(132) == 1 || Func03E(295) == 1 || Func03E(296) == 1 || GetEntityLocation(24) != 21
24	yes	271	script_271.mary	77	Proc02D	1	medium	no	Proc02D(24)
24	yes	272	script_272.mary	26	Proc02D	1	medium	no	Proc02D(24)
24	yes	273	script_273.mary	11	Proc08D	1	medium	no	Proc08D(24)
24	yes	273	script_273.mary	17	Proc08D	1	medium	no	Proc08D(24)
24	yes	273	script_273.mary	24	Proc08D	1	medium	no	Proc08D(24)
24	yes	273	script_273.mary	32	Proc08D	1	medium	no	Proc08D(24)
24	yes	316	script_316.mary	190	Proc09B	1	medium	no	Proc09B(24)
24	yes	354	script_354.mary	76	Proc04B	1	medium	no	Proc04B(24)
24	yes	372	script_372.mary	86	Proc038	1	medium	no	Proc038(24)
24	yes	374	script_374.mary	45	Func07F	1	medium	no	else if Func07F(24) <= 200
24	yes	374	script_374.mary	69	GetEntityLocation	1	medium	no	if Func03E(87) == 0 && !(var_3 == 1 || var_3 == 6) && (var_4 >= 10 && var_4 < 13) && Func03E(76) == 0 && Func03E(85) == 0 && Func03E(95) == 0 && Func03E(103) == 0 && Func03E(111) == 0 && Func03E(371) == 0 && Func03E(134) == 0 && Func03E(135) == 0 && Func03E(75) == 0 && Func03E(84) == 0 && Func03E(94) == 0 && Func03E(102) == 0 && Func03E(110) == 0 && Func03E(370) == 0 && Func03E(133) == 0 && (GetEntityLocation(24) == 21 || GetEntityLocation(24) == 22 || GetEntityLocation(24) == 23) && (GetEntityLocation(25) == 21 || GetEntityLocation(25) == 22 || GetEntityLocation(25) == 23) && Func040() == 1
24	yes	374	script_374.mary	69	GetEntityLocation	1	medium	no	if Func03E(87) == 0 && !(var_3 == 1 || var_3 == 6) && (var_4 >= 10 && var_4 < 13) && Func03E(76) == 0 && Func03E(85) == 0 && Func03E(95) == 0 && Func03E(103) == 0 && Func03E(111) == 0 && Func03E(371) == 0 && Func03E(134) == 0 && Func03E(135) == 0 && Func03E(75) == 0 && Func03E(84) == 0 && Func03E(94) == 0 && Func03E(102) == 0 && Func03E(110) == 0 && Func03E(370) == 0 && Func03E(133) == 0 && (GetEntityLocation(24) == 21 || GetEntityLocation(24) == 22 || GetEntityLocation(24) == 23) && (GetEntityLocation(25) == 21 || GetEntityLocation(25) == 22 || GetEntityLocation(25) == 23) && Func040() == 1
24	yes	374	script_374.mary	69	GetEntityLocation	1	medium	no	if Func03E(87) == 0 && !(var_3 == 1 || var_3 == 6) && (var_4 >= 10 && var_4 < 13) && Func03E(76) == 0 && Func03E(85) == 0 && Func03E(95) == 0 && Func03E(103) == 0 && Func03E(111) == 0 && Func03E(371) == 0 && Func03E(134) == 0 && Func03E(135) == 0 && Func03E(75) == 0 && Func03E(84) == 0 && Func03E(94) == 0 && Func03E(102) == 0 && Func03E(110) == 0 && Func03E(370) == 0 && Func03E(133) == 0 && (GetEntityLocation(24) == 21 || GetEntityLocation(24) == 22 || GetEntityLocation(24) == 23) && (GetEntityLocation(25) == 21 || GetEntityLocation(25) == 22 || GetEntityLocation(25) == 23) && Func040() == 1
24	yes	374	script_374.mary	74	GetEntityLocation	1	medium	no	else if Func03E(88) == 2 && Func03E(90) == 0 && (var_3 == 1 || var_3 == 5) && (var_4 >= 12 && var_4 < 19) && Func03E(76) == 0 && Func03E(85) == 0 && Func03E(95) == 0 && Func03E(103) == 0 && Func03E(111) == 0 && Func03E(371) == 0 && Func03E(134) == 0 && Func03E(135) == 0 && Func03E(75) == 0 && Func03E(84) == 0 && Func03E(94) == 0 && Func03E(102) == 0 && Func03E(110) == 0 && Func03E(370) == 0 && Func03E(133) == 0 && Func089(25) >= 20000 && (GetEntityLocation(24) == 21 || GetEntityLocation(24) == 22 || GetEntityLocation(24) == 23) && (GetEntityLocation(25) == 21 || GetEntityLocation(25) == 22 || GetEntityLocation(25) == 23) && Func040() == 1 && (Func03E(44) == 2 || Func03E(22) == 1)
24	yes	374	script_374.mary	74	GetEntityLocation	1	medium	no	else if Func03E(88) == 2 && Func03E(90) == 0 && (var_3 == 1 || var_3 == 5) && (var_4 >= 12 && var_4 < 19) && Func03E(76) == 0 && Func03E(85) == 0 && Func03E(95) == 0 && Func03E(103) == 0 && Func03E(111) == 0 && Func03E(371) == 0 && Func03E(134) == 0 && Func03E(135) == 0 && Func03E(75) == 0 && Func03E(84) == 0 && Func03E(94) == 0 && Func03E(102) == 0 && Func03E(110) == 0 && Func03E(370) == 0 && Func03E(133) == 0 && Func089(25) >= 20000 && (GetEntityLocation(24) == 21 || GetEntityLocation(24) == 22 || GetEntityLocation(24) == 23) && (GetEntityLocation(25) == 21 || GetEntityLocation(25) == 22 || GetEntityLocation(25) == 23) && Func040() == 1 && (Func03E(44) == 2 || Func03E(22) == 1)
24	yes	374	script_374.mary	74	GetEntityLocation	1	medium	no	else if Func03E(88) == 2 && Func03E(90) == 0 && (var_3 == 1 || var_3 == 5) && (var_4 >= 12 && var_4 < 19) && Func03E(76) == 0 && Func03E(85) == 0 && Func03E(95) == 0 && Func03E(103) == 0 && Func03E(111) == 0 && Func03E(371) == 0 && Func03E(134) == 0 && Func03E(135) == 0 && Func03E(75) == 0 && Func03E(84) == 0 && Func03E(94) == 0 && Func03E(102) == 0 && Func03E(110) == 0 && Func03E(370) == 0 && Func03E(133) == 0 && Func089(25) >= 20000 && (GetEntityLocation(24) == 21 || GetEntityLocation(24) == 22 || GetEntityLocation(24) == 23) && (GetEntityLocation(25) == 21 || GetEntityLocation(25) == 22 || GetEntityLocation(25) == 23) && Func040() == 1 && (Func03E(44) == 2 || Func03E(22) == 1)
24	yes	374	script_374.mary	79	GetEntityLocation	1	medium	no	else if Func03E(90) == 2 && Func03E(92) == 0 && !(var_3 == 1 || var_3 == 5) && (var_4 >= 10 && var_4 < 19) && Func03E(76) == 0 && Func03E(85) == 0 && Func03E(95) == 0 && Func03E(103) == 0 && Func03E(111) == 0 && Func03E(371) == 0 && Func03E(134) == 0 && Func03E(135) == 0 && Func03E(75) == 0 && Func03E(84) == 0 && Func03E(94) == 0 && Func03E(102) == 0 && Func03E(110) == 0 && Func03E(370) == 0 && Func03E(133) == 0 && Func089(25) >= 40000 && (GetEntityLocation(24) == 21 || GetEntityLocation(24) == 22 || GetEntityLocation(24) == 23) && (GetEntityLocation(25) == 21 || GetEntityLocation(25) == 22 || GetEntityLocation(25) == 23) && Func040() == 1
24	yes	374	script_374.mary	79	GetEntityLocation	1	medium	no	else if Func03E(90) == 2 && Func03E(92) == 0 && !(var_3 == 1 || var_3 == 5) && (var_4 >= 10 && var_4 < 19) && Func03E(76) == 0 && Func03E(85) == 0 && Func03E(95) == 0 && Func03E(103) == 0 && Func03E(111) == 0 && Func03E(371) == 0 && Func03E(134) == 0 && Func03E(135) == 0 && Func03E(75) == 0 && Func03E(84) == 0 && Func03E(94) == 0 && Func03E(102) == 0 && Func03E(110) == 0 && Func03E(370) == 0 && Func03E(133) == 0 && Func089(25) >= 40000 && (GetEntityLocation(24) == 21 || GetEntityLocation(24) == 22 || GetEntityLocation(24) == 23) && (GetEntityLocation(25) == 21 || GetEntityLocation(25) == 22 || GetEntityLocation(25) == 23) && Func040() == 1
24	yes	374	script_374.mary	79	GetEntityLocation	1	medium	no	else if Func03E(90) == 2 && Func03E(92) == 0 && !(var_3 == 1 || var_3 == 5) && (var_4 >= 10 && var_4 < 19) && Func03E(76) == 0 && Func03E(85) == 0 && Func03E(95) == 0 && Func03E(103) == 0 && Func03E(111) == 0 && Func03E(371) == 0 && Func03E(134) == 0 && Func03E(135) == 0 && Func03E(75) == 0 && Func03E(84) == 0 && Func03E(94) == 0 && Func03E(102) == 0 && Func03E(110) == 0 && Func03E(370) == 0 && Func03E(133) == 0 && Func089(25) >= 40000 && (GetEntityLocation(24) == 21 || GetEntityLocation(24) == 22 || GetEntityLocation(24) == 23) && (GetEntityLocation(25) == 21 || GetEntityLocation(25) == 22 || GetEntityLocation(25) == 23) && Func040() == 1
24	yes	374	script_374.mary	84	GetEntityLocation	1	medium	no	else if Func03E(131) == 2 && Func03E(132) == 0 && var_6 >= 2 && var_3 == 6 && (var_4 >= 10 && var_4 < 13) && Func03E(95) == 0 && Func03E(134) == 0 && Func03E(135) == 0 && Func03E(94) == 0 && Func089(25) < 40000 && (GetEntityLocation(24) == 21 || GetEntityLocation(24) == 22 || GetEntityLocation(24) == 23) && (GetEntityLocation(23) == 21 || GetEntityLocation(23) == 22 || GetEntityLocation(23) == 23) && (GetEntityLocation(25) == 21 || GetEntityLocation(25) == 22 || GetEntityLocation(25) == 23)
24	yes	374	script_374.mary	84	GetEntityLocation	1	medium	no	else if Func03E(131) == 2 && Func03E(132) == 0 && var_6 >= 2 && var_3 == 6 && (var_4 >= 10 && var_4 < 13) && Func03E(95) == 0 && Func03E(134) == 0 && Func03E(135) == 0 && Func03E(94) == 0 && Func089(25) < 40000 && (GetEntityLocation(24) == 21 || GetEntityLocation(24) == 22 || GetEntityLocation(24) == 23) && (GetEntityLocation(23) == 21 || GetEntityLocation(23) == 22 || GetEntityLocation(23) == 23) && (GetEntityLocation(25) == 21 || GetEntityLocation(25) == 22 || GetEntityLocation(25) == 23)
24	yes	374	script_374.mary	84	GetEntityLocation	1	medium	no	else if Func03E(131) == 2 && Func03E(132) == 0 && var_6 >= 2 && var_3 == 6 && (var_4 >= 10 && var_4 < 13) && Func03E(95) == 0 && Func03E(134) == 0 && Func03E(135) == 0 && Func03E(94) == 0 && Func089(25) < 40000 && (GetEntityLocation(24) == 21 || GetEntityLocation(24) == 22 || GetEntityLocation(24) == 23) && (GetEntityLocation(23) == 21 || GetEntityLocation(23) == 22 || GetEntityLocation(23) == 23) && (GetEntityLocation(25) == 21 || GetEntityLocation(25) == 22 || GetEntityLocation(25) == 23)
24	yes	374	script_374.mary	89	GetEntityLocation	1	medium	no	else if Func03E(235) == 0 && var_6 >= 2 && var_5 == 0 && var_3 == 5 && (var_4 >= 16 && var_4 < 19) && Func07F(4) >= 100 && (GetEntityLocation(24) == 21 || GetEntityLocation(24) == 22)
24	yes	374	script_374.mary	89	GetEntityLocation	1	medium	no	else if Func03E(235) == 0 && var_6 >= 2 && var_5 == 0 && var_3 == 5 && (var_4 >= 16 && var_4 < 19) && Func07F(4) >= 100 && (GetEntityLocation(24) == 21 || GetEntityLocation(24) == 22)
24	yes	374	script_374.mary	94	GetEntityLocation	1	medium	no	else if Func03E(235) == 2 && Func03E(238) == 0 && var_6 >= 3 && var_5 == 0 && var_3 == 3 && (var_4 >= 16 && var_4 < 19) && Func07F(5) >= 200 && (GetEntityLocation(24) == 21 || GetEntityLocation(24) == 22)
24	yes	374	script_374.mary	94	GetEntityLocation	1	medium	no	else if Func03E(235) == 2 && Func03E(238) == 0 && var_6 >= 3 && var_5 == 0 && var_3 == 3 && (var_4 >= 16 && var_4 < 19) && Func07F(5) >= 200 && (GetEntityLocation(24) == 21 || GetEntityLocation(24) == 22)
24	yes	374	script_374.mary	99	GetEntityLocation	1	medium	no	else if Func03E(282) == 0 && var_3 == 0 && (var_4 >= 19 && var_4 < 22) && Func086(19) == 1 && Func03E(76) == 0 && Func03E(85) == 0 && Func03E(95) == 0 && Func03E(103) == 0 && Func03E(111) == 0 && Func03E(371) == 0 && Func03E(117) == 0 && Func03E(118) == 0 && Func03E(119) == 0 && Func03E(75) == 0 && Func03E(84) == 0 && Func03E(94) == 0 && Func03E(102) == 0 && Func03E(110) == 0 && Func03E(370) == 0 && Func03E(116) == 0 && Func089(19) >= 30000 && GetEntityLocation(8) == 21 && GetEntityLocation(19) == 21 && (GetEntityLocation(24) == 21 || GetEntityLocation(24) == 22)
24	yes	374	script_374.mary	99	GetEntityLocation	1	medium	no	else if Func03E(282) == 0 && var_3 == 0 && (var_4 >= 19 && var_4 < 22) && Func086(19) == 1 && Func03E(76) == 0 && Func03E(85) == 0 && Func03E(95) == 0 && Func03E(103) == 0 && Func03E(111) == 0 && Func03E(371) == 0 && Func03E(117) == 0 && Func03E(118) == 0 && Func03E(119) == 0 && Func03E(75) == 0 && Func03E(84) == 0 && Func03E(94) == 0 && Func03E(102) == 0 && Func03E(110) == 0 && Func03E(370) == 0 && Func03E(116) == 0 && Func089(19) >= 30000 && GetEntityLocation(8) == 21 && GetEntityLocation(19) == 21 && (GetEntityLocation(24) == 21 || GetEntityLocation(24) == 22)
24	yes	374	script_374.mary	104	Func086	1	medium	no	else if Func03E(296) == 0 && var_3 == 6 && (var_4 >= 13 && var_4 < 16) && Func03E(76) == 0 && Func03E(85) == 0 && Func03E(95) == 0 && Func03E(103) == 0 && Func03E(111) == 0 && Func03E(371) == 0 && Func03E(134) == 0 && Func03E(135) == 0 && Func03E(94) == 0 && Func089(25) >= 10000 && Func086(8) == 1 && Func086(25) == 1 && Func086(14) == 1 && Func086(13) == 1 && Func086(24) == 1 && GetEntityLocation(8) == 21 && (GetEntityLocation(25) == 21 || GetEntityLocation(25) == 22) && GetEntityLocation(14) == 21 && GetEntityLocation(13) == 21 && (GetEntityLocation(24) == 21 || GetEntityLocation(24) == 22)
24	yes	374	script_374.mary	104	GetEntityLocation	1	medium	no	else if Func03E(296) == 0 && var_3 == 6 && (var_4 >= 13 && var_4 < 16) && Func03E(76) == 0 && Func03E(85) == 0 && Func03E(95) == 0 && Func03E(103) == 0 && Func03E(111) == 0 && Func03E(371) == 0 && Func03E(134) == 0 && Func03E(135) == 0 && Func03E(94) == 0 && Func089(25) >= 10000 && Func086(8) == 1 && Func086(25) == 1 && Func086(14) == 1 && Func086(13) == 1 && Func086(24) == 1 && GetEntityLocation(8) == 21 && (GetEntityLocation(25) == 21 || GetEntityLocation(25) == 22) && GetEntityLocation(14) == 21 && GetEntityLocation(13) == 21 && (GetEntityLocation(24) == 21 || GetEntityLocation(24) == 22)
24	yes	374	script_374.mary	104	GetEntityLocation	1	medium	no	else if Func03E(296) == 0 && var_3 == 6 && (var_4 >= 13 && var_4 < 16) && Func03E(76) == 0 && Func03E(85) == 0 && Func03E(95) == 0 && Func03E(103) == 0 && Func03E(111) == 0 && Func03E(371) == 0 && Func03E(134) == 0 && Func03E(135) == 0 && Func03E(94) == 0 && Func089(25) >= 10000 && Func086(8) == 1 && Func086(25) == 1 && Func086(14) == 1 && Func086(13) == 1 && Func086(24) == 1 && GetEntityLocation(8) == 21 && (GetEntityLocation(25) == 21 || GetEntityLocation(25) == 22) && GetEntityLocation(14) == 21 && GetEntityLocation(13) == 21 && (GetEntityLocation(24) == 21 || GetEntityLocation(24) == 22)
24	yes	409	script_409.mary	35	Proc08D	1	medium	no	Proc08D(24)
24	yes	409	script_409.mary	71	Proc08D	1	medium	no	Proc08D(24)
24	yes	409	script_409.mary	93	Proc08D	1	medium	no	Proc08D(24)
24	yes	409	script_409.mary	152	Proc08D	1	medium	no	Proc08D(24)
24	yes	409	script_409.mary	188	Proc08D	1	medium	no	Proc08D(24)
24	yes	409	script_409.mary	267	Proc08D	1	medium	no	Proc08D(24)
24	yes	410	script_410.mary	34	Proc08D	1	medium	no	Proc08D(24)
24	yes	410	script_410.mary	70	Proc08D	1	medium	no	Proc08D(24)
24	yes	410	script_410.mary	92	Proc08D	1	medium	no	Proc08D(24)
24	yes	410	script_410.mary	151	Proc08D	1	medium	no	Proc08D(24)
24	yes	410	script_410.mary	187	Proc08D	1	medium	no	Proc08D(24)
24	yes	410	script_410.mary	266	Proc08D	1	medium	no	Proc08D(24)
24	yes	411	script_411.mary	34	Proc08D	1	medium	no	Proc08D(24)
24	yes	411	script_411.mary	70	Proc08D	1	medium	no	Proc08D(24)
24	yes	411	script_411.mary	92	Proc08D	1	medium	no	Proc08D(24)
24	yes	411	script_411.mary	151	Proc08D	1	medium	no	Proc08D(24)
24	yes	411	script_411.mary	187	Proc08D	1	medium	no	Proc08D(24)
24	yes	411	script_411.mary	266	Proc08D	1	medium	no	Proc08D(24)
24	yes	484	script_484.mary	27	GetEntityLocation	1	medium	no	if GetEntityLocation(24) == 21 && (Func03E(3) >= 8 && Func03E(3) < 22)
24	yes	484	script_484.mary	29	Proc083	1	medium	no	Proc083(24)
24	yes	484	script_484.mary	34	Proc02D	1	medium	no	Proc02D(24)
24	yes	484	script_484.mary	45	Proc02D	1	medium	no	Proc02D(24)
24	yes	532	script_532.mary	55	Proc08D	1	medium	no	Proc08D(24)
24	yes	571	script_571.mary	392	Func07B	1	medium	no	if Func07B(24) == 1
24	yes	571	script_571.mary	823	PushInt	1	medium	no	PushInt(24)
24	yes	660	script_660.mary	29	SetEntityAnim	1	medium	no	SetEntityAnim(24, 1970)
24	yes	660	script_660.mary	92	Proc02D	1	medium	no	Proc02D(24)
24	yes	660	script_660.mary	108	Proc02D	1	medium	no	Proc02D(24)
24	yes	660	script_660.mary	215	SetEntityAnim	1	medium	no	SetEntityAnim(24, 1970)
24	yes	660	script_660.mary	227	Proc02D	1	medium	no	Proc02D(24)
24	yes	660	script_660.mary	282	Proc083	1	medium	no	Proc083(24)
24	yes	660	script_660.mary	286	Proc080	1	medium	no	Proc080(24, 20)
24	yes	703	script_703.mary	100	Proc017	1	medium	no	Proc017(24, 280, 2)
24	yes	710	script_710.mary	26	SetEntityAnim	1	medium	no	SetEntityAnim(24, 1970)
24	yes	710	script_710.mary	87	Proc02D	1	medium	no	Proc02D(24)
24	yes	710	script_710.mary	98	Proc02D	1	medium	no	Proc02D(24)
24	yes	710	script_710.mary	108	Proc02D	1	medium	no	Proc02D(24)
24	yes	710	script_710.mary	123	Proc011	1	medium	no	Proc011(24, 6, 0)
24	yes	710	script_710.mary	127	Proc02D	1	medium	no	Proc02D(24)
24	yes	711	script_711.mary	31	SetEntityAnim	1	medium	no	SetEntityAnim(24, 1970)
24	yes	711	script_711.mary	120	Proc02D	1	medium	no	Proc02D(24)
24	yes	711	script_711.mary	130	Proc02D	1	medium	no	Proc02D(24)
24	yes	711	script_711.mary	147	Proc02D	1	medium	no	Proc02D(24)
24	yes	711	script_711.mary	163	Proc02D	1	medium	no	Proc02D(24)
24	yes	717	script_717.mary	109	Proc030	1	medium	no	Proc030(24)
24	yes	717	script_717.mary	179	Proc037	1	medium	no	Proc037(24)
24	yes	717	script_717.mary	230	Proc030	1	medium	no	Proc030(24)
24	yes	717	script_717.mary	238	Proc030	1	medium	no	Proc030(24)
24	yes	717	script_717.mary	329	Proc030	1	medium	no	Proc030(24)
24	yes	724	script_724.mary	86	Proc008	2	medium	no	Proc008(10, 24, 1)
24	yes	763	script_763.mary	49	SetEntityAnim	1	medium	no	SetEntityAnim(24, 1970)
24	yes	763	script_763.mary	263	Proc02D	1	medium	no	Proc02D(24)
24	yes	763	script_763.mary	279	Proc02D	1	medium	no	Proc02D(24)
24	yes	763	script_763.mary	451	Proc083	1	medium	no	Proc083(24)
24	yes	781	script_781.mary	68	SetEntityAnim	1	medium	no	SetEntityAnim(24, 1970)
24	yes	781	script_781.mary	91	Proc011	1	medium	no	Proc011(24, 2, 0)
24	yes	781	script_781.mary	93	SetEntityFacing	1	medium	no	SetEntityFacing(24, 0)
24	yes	781	script_781.mary	107	SetEntityAnim	1	medium	no	SetEntityAnim(24, 1970)
24	yes	781	script_781.mary	140	Proc080	1	medium	no	Proc080(24, 20)
24	yes	781	script_781.mary	144	Proc00F	1	medium	no	Proc00F(24)
24	yes	781	script_781.mary	148	Proc083	1	medium	no	Proc083(24)
24	yes	783	script_783.mary	18	SetEntityAnim	1	medium	no	SetEntityAnim(24, 1970)
24	yes	783	script_783.mary	31	Proc02D	1	medium	no	Proc02D(24)
24	yes	783	script_783.mary	41	Proc02D	1	medium	no	Proc02D(24)
24	yes	783	script_783.mary	51	Proc02D	1	medium	no	Proc02D(24)
24	yes	783	script_783.mary	60	SetEntityFacing	1	medium	no	SetEntityFacing(24, 3)
24	yes	783	script_783.mary	67	Proc02D	1	medium	no	Proc02D(24)
24	yes	783	script_783.mary	79	Proc02D	1	medium	no	Proc02D(24)
24	yes	783	script_783.mary	88	SetEntityFacing	1	medium	no	SetEntityFacing(24, 0)
24	yes	783	script_783.mary	89	SetEntityAnim	1	medium	no	SetEntityAnim(24, 1974)
24	yes	783	script_783.mary	90	Proc00A	1	medium	no	Proc00A(24, 307, 1)
24	yes	783	script_783.mary	91	Proc00C	1	medium	no	Proc00C(24)
24	yes	783	script_783.mary	92	Proc00F	1	medium	no	Proc00F(24)
24	yes	784	script_784.mary	17	SetEntityAnim	1	medium	no	SetEntityAnim(24, 1970)
24	yes	784	script_784.mary	40	Proc02D	1	medium	no	Proc02D(24)
24	yes	784	script_784.mary	43	Proc083	1	medium	no	Proc083(24)
24	yes	784	script_784.mary	46	Proc08C	1	medium	no	Proc08C(24, 785)
24	yes	785	script_785.mary	11	Proc02D	1	medium	no	Proc02D(24)
24	yes	785	script_785.mary	14	Proc083	1	medium	no	Proc083(24)
24	yes	785	script_785.mary	15	SetEntityFacing	1	medium	no	SetEntityFacing(24, 1)
24	yes	786	script_786.mary	34	SetEntityAnim	1	medium	no	SetEntityAnim(24, 1970)
24	yes	786	script_786.mary	44	Proc011	1	medium	no	Proc011(24, 0, 1)
24	yes	786	script_786.mary	57	Proc02D	1	medium	no	Proc02D(24)
24	yes	786	script_786.mary	150	Proc008	1	medium	no	Proc008(24, 168, 1)
24	yes	786	script_786.mary	163	Proc02D	1	medium	no	Proc02D(24)
24	yes	786	script_786.mary	183	Proc02D	1	medium	no	Proc02D(24)
24	yes	786	script_786.mary	185	Proc012	1	medium	no	Proc012(24)
24	yes	786	script_786.mary	189	Proc011	1	medium	no	Proc011(24, 3, 0)
24	yes	786	script_786.mary	194	Proc02D	1	medium	no	Proc02D(24)
24	yes	786	script_786.mary	211	Proc02D	1	medium	no	Proc02D(24)
24	yes	786	script_786.mary	242	Proc080	1	medium	no	Proc080(24, 20)
24	yes	786	script_786.mary	258	Proc012	1	medium	no	Proc012(24)
24	yes	786	script_786.mary	263	Proc080	1	medium	no	Proc080(24, -10)
24	yes	786	script_786.mary	269	Proc083	1	medium	no	Proc083(24)
24	yes	786	script_786.mary	283	Proc08C	1	medium	no	Proc08C(24, 787)
24	yes	787	script_787.mary	10	Proc02D	1	medium	no	Proc02D(24)
24	yes	787	script_787.mary	24	Proc083	1	medium	no	Proc083(24)
24	yes	787	script_787.mary	25	SetEntityFacing	1	medium	no	SetEntityFacing(24, 3)
24	yes	792	script_792.mary	28	SetEntityAnim	1	medium	no	SetEntityAnim(24, 1970)
24	yes	792	script_792.mary	51	SetEntityFacing	1	medium	no	SetEntityFacing(24, 3)
24	yes	792	script_792.mary	54	Proc02D	1	medium	no	Proc02D(24)
24	yes	792	script_792.mary	66	SetEntityFacing	1	medium	no	SetEntityFacing(24, 0)
24	yes	792	script_792.mary	74	Proc02D	1	medium	no	Proc02D(24)
24	yes	792	script_792.mary	84	Proc02D	1	medium	no	Proc02D(24)
24	yes	792	script_792.mary	95	Proc011	1	medium	no	Proc011(24, 3, 0)
24	yes	792	script_792.mary	99	Proc02D	1	medium	no	Proc02D(24)
24	yes	792	script_792.mary	109	Proc02D	1	medium	no	Proc02D(24)
24	yes	792	script_792.mary	119	Proc02D	1	medium	no	Proc02D(24)
24	yes	792	script_792.mary	130	Proc083	1	medium	no	Proc083(24)
24	yes	792	script_792.mary	133	Proc08C	1	medium	no	Proc08C(24, 793)
24	yes	793	script_793.mary	9	Proc02D	1	medium	no	Proc02D(24)
24	yes	793	script_793.mary	12	Proc083	1	medium	no	Proc083(24)
24	yes	793	script_793.mary	13	SetEntityFacing	1	medium	no	SetEntityFacing(24, 0)
24	yes	795	script_795.mary	283	SetEntityAnim	1	medium	no	SetEntityAnim(24, 1970)
24	yes	795	script_795.mary	294	Proc00F	1	medium	no	Proc00F(24)
24	yes	819	script_819.mary	342	SetEntityAnim	1	medium	no	SetEntityAnim(24, 1974)
24	yes	819	script_819.mary	343	Proc011	1	medium	no	Proc011(24, 0, 1)
24	yes	819	script_819.mary	344	Proc00A	1	medium	no	Proc00A(24, 120, 1)
24	yes	819	script_819.mary	345	Proc00C	1	medium	no	Proc00C(24)
24	yes	819	script_819.mary	346	SetEntityAnim	1	medium	no	SetEntityAnim(24, 1970)
24	yes	819	script_819.mary	347	SetEntityFacing	1	medium	no	SetEntityFacing(24, 2)
24	yes	819	script_819.mary	350	Proc02D	1	medium	no	Proc02D(24)
24	yes	819	script_819.mary	355	SetEntityFacing	1	medium	no	SetEntityFacing(24, 1)
24	yes	819	script_819.mary	357	SetEntityAnim	1	medium	no	SetEntityAnim(24, 1974)
24	yes	819	script_819.mary	358	Proc00A	1	medium	no	Proc00A(24, 0, 1)
24	yes	819	script_819.mary	359	Proc00C	1	medium	no	Proc00C(24)
24	yes	819	script_819.mary	360	Proc00F	1	medium	no	Proc00F(24)
24	yes	819	script_819.mary	476	Proc080	1	medium	no	Proc080(24, -10)
24	yes	821	script_821.mary	70	Proc080	1	medium	no	Proc080(24, 10)
24	yes	886	script_886.mary	79	Proc017	1	medium	no	Proc017(24, 280, 2)
24	yes	889	script_889.mary	182	Proc017	1	medium	no	Proc017(24, 280, 2)
24	yes	891	script_891.mary	133	Proc017	1	medium	no	Proc017(24, 280, 2)
24	yes	911	script_911.mary	34	SetEntityAnim	1	medium	no	SetEntityAnim(24, 1970)
24	yes	911	script_911.mary	38	Proc02D	1	medium	no	Proc02D(24)
24	yes	911	script_911.mary	48	Proc02D	1	medium	no	Proc02D(24)
24	yes	911	script_911.mary	68	Proc011	1	medium	no	Proc011(24, 2, 0)
24	yes	911	script_911.mary	71	SetEntityFacing	1	medium	no	SetEntityFacing(24, 0)
24	yes	911	script_911.mary	74	Proc02D	1	medium	no	Proc02D(24)
24	yes	911	script_911.mary	96	Proc02D	1	medium	no	Proc02D(24)
24	yes	911	script_911.mary	107	Proc011	1	medium	no	Proc011(24, 5, 0)
24	yes	911	script_911.mary	111	Proc02D	1	medium	no	Proc02D(24)
24	yes	911	script_911.mary	123	Proc08C	1	medium	no	Proc08C(24, 913)
24	yes	912	script_912.mary	8	Proc030	1	medium	no	Proc030(24)
24	yes	913	script_913.mary	9	Proc02D	1	medium	no	Proc02D(24)
24	yes	913	script_913.mary	12	SetEntityFacing	1	medium	no	SetEntityFacing(24, 0)
24	yes	913	script_913.mary	13	Proc083	1	medium	no	Proc083(24)
24	yes	915	script_915.mary	75	Proc030	1	medium	no	Proc030(24)
24	yes	918	script_918.mary	28	Proc030	1	medium	no	Proc030(24)
24	yes	918	script_918.mary	48	SetEntityAnim	1	medium	no	SetEntityAnim(24, 1970)
24	yes	918	script_918.mary	99	SetEntityFacing	1	medium	no	SetEntityFacing(24, 0)
24	yes	919	script_919.mary	34	SetEntityAnim	1	medium	no	SetEntityAnim(24, 1970)
24	yes	919	script_919.mary	67	Proc080	1	medium	no	Proc080(24, 20)
24	yes	919	script_919.mary	101	Proc08C	1	medium	no	Proc08C(24, 921)
24	yes	919	script_919.mary	115	Proc08C	1	medium	no	Proc08C(24, 921)
24	yes	921	script_921.mary	7	Func086	1	medium	no	if Func086(24) == 0
24	yes	921	script_921.mary	9	Proc083	1	medium	no	Proc083(24)
24	yes	921	script_921.mary	11	Func085	1	medium	no	if Func085(24) == 0
24	yes	921	script_921.mary	16	Proc02D	1	medium	no	Proc02D(24)
24	yes	921	script_921.mary	19	SetEntityFacing	1	medium	no	SetEntityFacing(24, 2)
24	yes	921	script_921.mary	20	Proc083	1	medium	no	Proc083(24)
24	yes	921	script_921.mary	27	Proc02D	1	medium	no	Proc02D(24)
24	yes	921	script_921.mary	30	SetEntityFacing	1	medium	no	SetEntityFacing(24, 2)
24	yes	921	script_921.mary	31	Proc083	1	medium	no	Proc083(24)
24	yes	925	script_925.mary	27	Proc080	1	medium	no	Proc080(24, 20)
24	yes	925	script_925.mary	43	Proc08D	1	medium	no	Proc08D(24)
24	yes	953	script_953.mary	109	Proc017	1	medium	no	Proc017(24, 280, 2)
24	yes	982	script_982.mary	278	Func086	1	medium	no	if Func086(24) == 1
24	yes	982	script_982.mary	280	Func07F	1	medium	no	if Func07F(24) >= 100
24	yes	982	script_982.mary	967	Proc08D	1	medium	no	Proc08D(24)
24	yes	982	script_982.mary	1051	Proc08D	1	medium	no	Proc08D(24)
24	yes	982	script_982.mary	1059	Proc080	1	medium	no	Proc080(24, -10)
24	yes	985	script_985.mary	96	Proc080	1	medium	no	Proc080(24, -3 * var_7)
24	yes	996	script_996.mary	171	Proc030	1	medium	no	Proc030(24)
24	yes	996	script_996.mary	180	Proc030	1	medium	no	Proc030(24)
24	yes	996	script_996.mary	185	Proc030	1	medium	no	Proc030(24)
24	yes	996	script_996.mary	205	Proc030	1	medium	no	Proc030(24)
24	yes	996	script_996.mary	226	Proc030	1	medium	no	Proc030(24)
24	yes	996	script_996.mary	355	Proc030	1	medium	no	Proc030(24)
24	yes	996	script_996.mary	362	Proc030	1	medium	no	Proc030(24)
24	yes	996	script_996.mary	371	Proc030	1	medium	no	Proc030(24)
24	yes	996	script_996.mary	405	Proc030	1	medium	no	Proc030(24)
24	yes	996	script_996.mary	429	Proc030	1	medium	no	Proc030(24)
24	yes	996	script_996.mary	434	Proc030	1	medium	no	Proc030(24)
24	yes	996	script_996.mary	460	Proc030	1	medium	no	Proc030(24)
24	yes	996	script_996.mary	481	Proc030	1	medium	no	Proc030(24)
24	yes	996	script_996.mary	499	Proc030	1	medium	no	Proc030(24)
24	yes	996	script_996.mary	505	Proc030	1	medium	no	Proc030(24)
24	yes	996	script_996.mary	538	Proc030	1	medium	no	Proc030(24)
24	yes	996	script_996.mary	583	Proc030	1	medium	no	Proc030(24)
24	yes	996	script_996.mary	601	Proc030	1	medium	no	Proc030(24)
24	yes	1008	script_1008.mary	359	TalkMessage	1	medium	no	TalkMessage(24)
24	yes	1010	script_1010.mary	43	SetEntityAnim	1	medium	no	SetEntityAnim(24, 1970)
24	yes	1010	script_1010.mary	44	GetEntityFacing	1	medium	no	var_3 = GetEntityFacing(24)
24	yes	1010	script_1010.mary	47	Proc02D	1	medium	no	Proc02D(24)
24	yes	1010	script_1010.mary	48	Func086	1	medium	no	if Func086(24) == 0
24	yes	1010	script_1010.mary	52	Proc083	1	medium	no	Proc083(24)
24	yes	1010	script_1010.mary	145	Func07E	1	medium	no	if (var_0 == 1 || var_0 == 2 || var_0 == 3) && Func07E(24)
24	yes	1010	script_1010.mary	206	Func088	1	medium	no	if Func088(24) == 0
24	yes	1010	script_1010.mary	298	Func07E	1	medium	no	if Func07E(24)
24	yes	1010	script_1010.mary	306	Proc080	1	medium	no	Proc080(24, var_1)
24	yes	1010	script_1010.mary	307	Func07F	1	medium	no	if Func03E(477) == 0 && var_2 == 0 && Func07F(24) > 100 && (var_0 == 1 || var_0 == 2 || var_0 == 3)
24	yes	1010	script_1010.mary	318	Proc087	1	medium	no	Proc087(24)
24	yes	1010	script_1010.mary	331	Func07F	1	medium	no	else if Func07F(24) > 250 && Func07A(9) == 0
24	yes	1010	script_1010.mary	339	GetEntityLocation	1	medium	no	switch GetEntityLocation(24)
24	yes	1010	script_1010.mary	347	Func085	1	medium	no	if Func085(24) == 0
24	yes	1010	script_1010.mary	358	Func085	1	medium	no	else if Func085(24) == 0
24	yes	1010	script_1010.mary	371	Func085	1	medium	no	if Func085(24) == 0
24	yes	1010	script_1010.mary	384	Func085	1	medium	no	if Func085(24) == 0
24	yes	1010	script_1010.mary	395	Func07F	1	medium	no	else if Func07F(24) <= 100
24	yes	1010	script_1010.mary	397	Func085	1	medium	no	if Func085(24) == 0
24	yes	1010	script_1010.mary	408	Func07F	1	medium	no	else if Func07F(24) > 100 && Func07F(24) <= 200
24	yes	1010	script_1010.mary	408	Func07F	1	medium	no	else if Func07F(24) > 100 && Func07F(24) <= 200
24	yes	1010	script_1010.mary	410	Func085	1	medium	no	if Func085(24) == 0
24	yes	1010	script_1010.mary	421	Func085	1	medium	no	else if Func085(24) == 0
24	yes	1010	script_1010.mary	436	Func085	1	medium	no	if Func085(24) == 0
24	yes	1010	script_1010.mary	447	Func085	1	medium	no	else if Func085(24) == 0
24	yes	1010	script_1010.mary	460	Func07F	1	medium	no	if Func07F(24) <= 100
24	yes	1010	script_1010.mary	462	Func085	1	medium	no	if Func085(24) == 0
24	yes	1010	script_1010.mary	473	Func085	1	medium	no	else if Func085(24) == 0
24	yes	1010	script_1010.mary	485	Proc083	1	medium	no	Proc083(24)
24	yes	1010	script_1010.mary	489	SetEntityFacing	1	medium	no	SetEntityFacing(24, var_3)
24	yes	1013	script_1013.mary	828	PushInt	1	medium	no	PushInt(24)
24	yes	1031	script_1031.mary	279	Proc02E	1	medium	no	Proc02E(24)
24	yes	1031	script_1031.mary	1186	Proc02D	1	medium	no	Proc02D(24)
24	yes	1031	script_1031.mary	1189	Func07F	1	medium	no	Proc039(0, Func07F(24))
24	yes	1031	script_1031.mary	1195	Proc080	1	medium	no	Proc080(24, 10)
24	yes	1031	script_1031.mary	1200	Proc080	1	medium	no	Proc080(24, -10)
24	yes	1048	script_1048.mary	304	Proc030	1	medium	no	Proc030(24)
24	yes	1048	script_1048.mary	1016	Proc02D	1	medium	no	Proc02D(24)
24	yes	1048	script_1048.mary	1038	Proc02D	1	medium	no	Proc02D(24)
24	yes	1048	script_1048.mary	1043	Proc02D	1	medium	no	Proc02D(24)
24	yes	1048	script_1048.mary	1079	Proc02D	1	medium	no	Proc02D(24)
24	yes	1057	script_1057.mary	43	Proc0FF	1	medium	no	Proc0FF(24)
24	yes	1057	script_1057.mary	139	Proc0FF	1	medium	no	Proc0FF(24)
24	yes	1058	script_1058.mary	43	Proc0FF	1	medium	no	Proc0FF(24)
24	yes	1058	script_1058.mary	139	Proc0FF	1	medium	no	Proc0FF(24)
24	yes	1063	script_1063.mary	71	Proc037	1	medium	no	Proc037(24)
24	yes	1063	script_1063.mary	81	Proc037	1	medium	no	Proc037(24)
24	yes	1063	script_1063.mary	141	Proc05B	1	medium	no	Proc05B(24)
24	yes	1063	script_1063.mary	148	Proc037	1	medium	no	Proc037(24)
24	yes	1063	script_1063.mary	208	Proc037	1	medium	no	Proc037(24)
24	yes	1063	script_1063.mary	226	Proc037	1	medium	no	Proc037(24)
24	yes	1063	script_1063.mary	243	Proc037	1	medium	no	Proc037(24)
24	yes	1063	script_1063.mary	256	Proc037	1	medium	no	Proc037(24)
24	yes	1063	script_1063.mary	281	Proc037	1	medium	no	Proc037(24)
24	yes	1063	script_1063.mary	337	Proc037	1	medium	no	Proc037(24)
24	yes	1063	script_1063.mary	348	Proc037	1	medium	no	Proc037(24)
24	yes	1063	script_1063.mary	376	Proc037	1	medium	no	Proc037(24)
24	yes	1063	script_1063.mary	403	Proc037	1	medium	no	Proc037(24)
24	yes	1063	script_1063.mary	413	Proc037	1	medium	no	Proc037(24)
24	yes	1063	script_1063.mary	422	Proc037	1	medium	no	Proc037(24)
24	yes	1065	script_1065.mary	27	SetEntityAnim	1	medium	no	SetEntityAnim(24, 1970)
24	yes	1065	script_1065.mary	47	Proc08C	1	medium	no	Proc08C(24, 1068)
24	yes	1066	script_1066.mary	82	Proc08D	1	medium	no	Proc08D(24)
24	yes	1068	script_1068.mary	6	Func086	1	medium	no	if Func086(24) == 0
24	yes	1068	script_1068.mary	8	Proc083	1	medium	no	Proc083(24)
24	yes	1068	script_1068.mary	13	Proc02D	1	medium	no	Proc02D(24)
24	yes	1068	script_1068.mary	17	Func084	1	medium	no	if Func084(24) == 0
24	yes	1068	script_1068.mary	19	Proc080	1	medium	no	Proc080(24, 5)
24	yes	1068	script_1068.mary	21	Proc083	1	medium	no	Proc083(24)
24	yes	1068	script_1068.mary	22	SetEntityFacing	1	medium	no	SetEntityFacing(24, 0)
24	yes	1080	script_1080.mary	34	SetEntityAnim	1	medium	no	SetEntityAnim(24, 1970)
24	yes	1080	script_1080.mary	74	Proc08C	1	medium	no	Proc08C(24, 1089)
24	yes	1089	script_1089.mary	7	Func086	1	medium	no	if Func086(24) == 0
24	yes	1089	script_1089.mary	9	Proc083	1	medium	no	Proc083(24)
24	yes	1089	script_1089.mary	16	Proc02D	1	medium	no	Proc02D(24)
24	yes	1089	script_1089.mary	23	Proc02D	1	medium	no	Proc02D(24)
24	yes	1089	script_1089.mary	27	Func084	1	medium	no	if Func084(24) == 0
24	yes	1089	script_1089.mary	29	Proc080	1	medium	no	Proc080(24, 5)
24	yes	1089	script_1089.mary	31	Proc083	1	medium	no	Proc083(24)
24	yes	1089	script_1089.mary	32	SetEntityFacing	1	medium	no	SetEntityFacing(24, 2)
24	yes	1098	script_1098.mary	56	Proc080	1	medium	no	Proc080(24, 20)
24	yes	1100	script_1100.mary	25	SetEntityAnim	1	medium	no	SetEntityAnim(24, 1970)
24	yes	1100	script_1100.mary	54	Proc08C	1	medium	no	Proc08C(24, 1108)
24	yes	1108	script_1108.mary	6	Func086	1	medium	no	if Func086(24) == 0
24	yes	1108	script_1108.mary	8	Proc083	1	medium	no	Proc083(24)
24	yes	1108	script_1108.mary	13	Proc02D	1	medium	no	Proc02D(24)
24	yes	1108	script_1108.mary	16	Func084	1	medium	no	if Func084(24) == 0
24	yes	1108	script_1108.mary	18	Proc080	1	medium	no	Proc080(24, 5)
24	yes	1108	script_1108.mary	20	SetEntityFacing	1	medium	no	SetEntityFacing(24, 2)
24	yes	1108	script_1108.mary	21	Proc083	1	medium	no	Proc083(24)
24	yes	1114	script_1114.mary	25	SetEntityAnim	1	medium	no	SetEntityAnim(24, 1970)
24	yes	1114	script_1114.mary	54	Proc08C	1	medium	no	Proc08C(24, 1122)
24	yes	1122	script_1122.mary	6	Func086	1	medium	no	if Func086(24) == 0
24	yes	1122	script_1122.mary	8	Proc083	1	medium	no	Proc083(24)
24	yes	1122	script_1122.mary	13	Proc02D	1	medium	no	Proc02D(24)
24	yes	1122	script_1122.mary	16	Func084	1	medium	no	if Func084(24) == 0
24	yes	1122	script_1122.mary	18	Proc080	1	medium	no	Proc080(24, 5)
24	yes	1122	script_1122.mary	20	SetEntityFacing	1	medium	no	SetEntityFacing(24, 2)
24	yes	1122	script_1122.mary	21	Proc083	1	medium	no	Proc083(24)
24	yes	1128	script_1128.mary	60	SetEntityAnim	1	medium	no	SetEntityAnim(24, 1970)
24	yes	1128	script_1128.mary	145	SetEntityAnim	1	medium	no	SetEntityAnim(24, 1974)
24	yes	1128	script_1128.mary	146	Proc008	1	medium	no	Proc008(24, 167, 1)
24	yes	1128	script_1128.mary	147	Proc00C	1	medium	no	Proc00C(24)
24	yes	1128	script_1128.mary	148	SetEntityAnim	1	medium	no	SetEntityAnim(24, 1970)
24	yes	1128	script_1128.mary	149	SetEntityFacing	1	medium	no	SetEntityFacing(24, 1)
24	yes	1128	script_1128.mary	193	SetEntityFacing	1	medium	no	SetEntityFacing(24, 3)
24	yes	1128	script_1128.mary	194	SetEntityAnim	1	medium	no	SetEntityAnim(24, 1974)
24	yes	1128	script_1128.mary	195	Proc008	1	medium	no	Proc008(24, 372, 1)
24	yes	1128	script_1128.mary	196	Proc00C	1	medium	no	Proc00C(24)
24	yes	1128	script_1128.mary	197	SetEntityAnim	1	medium	no	SetEntityAnim(24, 1970)
24	yes	1128	script_1128.mary	198	Proc00F	1	medium	no	Proc00F(24)
24	yes	1129	script_1129.mary	22	SetEntityAnim	1	medium	no	SetEntityAnim(24, 1970)
24	yes	1129	script_1129.mary	60	Proc080	1	medium	no	Proc080(24, 20)
24	yes	1129	script_1129.mary	90	Proc080	1	medium	no	Proc080(24, 20)
24	yes	1129	script_1129.mary	116	SetEntityAnim	1	medium	no	SetEntityAnim(24, 1974)
24	yes	1129	script_1129.mary	117	Proc00A	1	medium	no	Proc00A(24, 170, 1)
24	yes	1129	script_1129.mary	118	Proc00C	1	medium	no	Proc00C(24)
24	yes	1129	script_1129.mary	119	SetEntityAnim	1	medium	no	SetEntityAnim(24, 1970)
24	yes	1129	script_1129.mary	120	SetEntityFacing	1	medium	no	SetEntityFacing(24, 3)
24	yes	1129	script_1129.mary	121	SetEntityAnim	1	medium	no	SetEntityAnim(24, 1974)
24	yes	1129	script_1129.mary	122	Proc008	1	medium	no	Proc008(24, 231, 1)
24	yes	1129	script_1129.mary	123	Proc00C	1	medium	no	Proc00C(24)
24	yes	1129	script_1129.mary	124	SetEntityAnim	1	medium	no	SetEntityAnim(24, 1970)
24	yes	1129	script_1129.mary	125	SetEntityFacing	1	medium	no	SetEntityFacing(24, 1)
24	yes	1129	script_1129.mary	202	Proc08D	1	medium	no	Proc08D(24)
24	yes	1149	script_1149.mary	7	Func086	1	medium	no	if Func086(24) == 0
24	yes	1149	script_1149.mary	9	Proc083	1	medium	no	Proc083(24)
24	yes	1149	script_1149.mary	16	Proc02D	1	medium	no	Proc02D(24)
24	yes	1149	script_1149.mary	23	Proc02D	1	medium	no	Proc02D(24)
24	yes	1149	script_1149.mary	27	Func084	1	medium	no	if Func084(24) == 0
24	yes	1149	script_1149.mary	29	Proc080	1	medium	no	Proc080(24, 5)
24	yes	1149	script_1149.mary	31	Proc083	1	medium	no	Proc083(24)
24	yes	1149	script_1149.mary	32	SetEntityFacing	1	medium	no	SetEntityFacing(24, 2)
24	yes	1156	script_1156.mary	8	Func086	1	medium	no	if Func086(24) == 0
24	yes	1156	script_1156.mary	10	Proc083	1	medium	no	Proc083(24)
24	yes	1156	script_1156.mary	17	Proc02D	1	medium	no	Proc02D(24)
24	yes	1156	script_1156.mary	24	Proc02D	1	medium	no	Proc02D(24)
24	yes	1156	script_1156.mary	31	Proc02D	1	medium	no	Proc02D(24)
24	yes	1156	script_1156.mary	35	Func084	1	medium	no	if Func084(24) == 0
24	yes	1156	script_1156.mary	37	Proc080	1	medium	no	Proc080(24, 5)
24	yes	1156	script_1156.mary	39	Proc083	1	medium	no	Proc083(24)
24	yes	1156	script_1156.mary	40	SetEntityFacing	1	medium	no	SetEntityFacing(24, 2)
24	yes	1161	script_1161.mary	27	SetEntityAnim	1	medium	no	SetEntityAnim(24, 1970)
24	yes	1161	script_1161.mary	49	Proc08C	1	medium	no	Proc08C(24, 1149)
24	yes	1162	script_1162.mary	29	SetEntityAnim	1	medium	no	SetEntityAnim(24, 1970)
24	yes	1162	script_1162.mary	40	Proc08C	1	medium	no	Proc08C(24, 1156)
24	yes	1163	script_1163.mary	45	Proc080	1	medium	no	Proc080(24, 20)
24	yes	1217	script_1217.mary	23	SetEntityAnim	1	medium	no	SetEntityAnim(24, 1970)
24	yes	1217	script_1217.mary	49	Proc08C	1	medium	no	Proc08C(24, 1232)
24	yes	1218	script_1218.mary	25	SetEntityAnim	1	medium	no	SetEntityAnim(24, 1970)
24	yes	1218	script_1218.mary	39	Proc08C	1	medium	no	Proc08C(24, 1221)
24	yes	1221	script_1221.mary	7	Func086	1	medium	no	if Func086(24) == 0
24	yes	1221	script_1221.mary	9	Proc083	1	medium	no	Proc083(24)
24	yes	1221	script_1221.mary	12	Func084	1	medium	no	if Func084(24) == 0
24	yes	1221	script_1221.mary	14	Proc080	1	medium	no	Proc080(24, 5)
24	yes	1221	script_1221.mary	17	Proc02D	1	medium	no	Proc02D(24)
24	yes	1221	script_1221.mary	23	Proc083	1	medium	no	Proc083(24)
24	yes	1221	script_1221.mary	30	Proc083	1	medium	no	Proc083(24)
24	yes	1221	script_1221.mary	32	SetEntityFacing	1	medium	no	SetEntityFacing(24, 2)
24	yes	1232	script_1232.mary	6	Func086	1	medium	no	if Func086(24) == 0
24	yes	1232	script_1232.mary	8	Proc083	1	medium	no	Proc083(24)
24	yes	1232	script_1232.mary	13	Proc02D	1	medium	no	Proc02D(24)
24	yes	1232	script_1232.mary	16	Func084	1	medium	no	if Func084(24) == 0
24	yes	1232	script_1232.mary	18	Proc080	1	medium	no	Proc080(24, 5)
24	yes	1232	script_1232.mary	20	SetEntityFacing	1	medium	no	SetEntityFacing(24, 2)
24	yes	1232	script_1232.mary	21	Proc083	1	medium	no	Proc083(24)
24	yes	1241	script_1241.mary	18	SetEntityAnim	1	medium	no	SetEntityAnim(24, 1970)
24	yes	1241	script_1241.mary	38	Proc037	1	medium	no	Proc037(24)
24	yes	1246	script_1246.mary	21	SetEntityAnim	1	medium	no	SetEntityAnim(24, 1970)
24	yes	1246	script_1246.mary	66	Proc08C	1	medium	no	Proc08C(24, 1253)
24	yes	1253	script_1253.mary	7	Func086	1	medium	no	if Func086(24) == 0
24	yes	1253	script_1253.mary	9	Proc083	1	medium	no	Proc083(24)
24	yes	1253	script_1253.mary	16	Proc02D	1	medium	no	Proc02D(24)
24	yes	1253	script_1253.mary	23	Proc02D	1	medium	no	Proc02D(24)
24	yes	1253	script_1253.mary	27	Func084	1	medium	no	if Func084(24) == 0
24	yes	1253	script_1253.mary	29	Proc080	1	medium	no	Proc080(24, 5)
24	yes	1253	script_1253.mary	31	Proc083	1	medium	no	Proc083(24)
24	yes	1253	script_1253.mary	32	SetEntityFacing	1	medium	no	SetEntityFacing(24, 2)
24	yes	1264	script_1264.mary	51	Proc080	1	medium	no	Proc080(24, 20)
24	yes	1302	script_1302.mary	17	SetEntityAnim	1	medium	no	SetEntityAnim(24, 1970)
24	yes	1302	script_1302.mary	39	SetEntityFacing	1	medium	no	SetEntityFacing(24, 3)
24	yes	1302	script_1302.mary	48	Proc02D	1	medium	no	Proc02D(24)
24	yes	1302	script_1302.mary	60	Proc080	1	medium	no	Proc080(24, 30)
24	yes	1318	script_1318.mary	15	SetEntityAnim	1	medium	no	SetEntityAnim(24, 1970)
24	yes	1318	script_1318.mary	29	Proc08C	1	medium	no	Proc08C(24, 1321)
24	yes	1319	script_1319.mary	23	SetEntityAnim	1	medium	no	SetEntityAnim(24, 1970)
24	yes	1319	script_1319.mary	38	Proc02D	1	medium	no	Proc02D(24)
24	yes	1319	script_1319.mary	56	Proc08D	1	medium	no	Proc08D(24)
24	yes	1320	script_1320.mary	21	Func085	1	medium	no	if (Func03E(244) == 0 || Func085(23)) && Func085(24) && Func085(11) && Func085(10) && Func085(12) && Func085(6) && Func085(7)
24	yes	1321	script_1321.mary	6	Func086	1	medium	no	if Func086(24) == 0
24	yes	1321	script_1321.mary	8	Proc083	1	medium	no	Proc083(24)
24	yes	1321	script_1321.mary	13	Proc02D	1	medium	no	Proc02D(24)
24	yes	1321	script_1321.mary	16	Func085	1	medium	no	if Func085(24) == 0
24	yes	1321	script_1321.mary	18	Proc080	1	medium	no	Proc080(24, 5)
24	yes	1321	script_1321.mary	20	Proc083	1	medium	no	Proc083(24)
24	yes	1321	script_1321.mary	21	Func085	1	medium	no	if (Func03E(244) == 0 || Func085(23)) && Func085(24) && Func085(11) && Func085(10) && Func085(12) && Func085(6) && Func085(7)
24	yes	1321	script_1321.mary	26	SetEntityFacing	1	medium	no	SetEntityFacing(24, 1)
24	yes	1322	script_1322.mary	21	Func085	1	medium	no	if (Func03E(244) == 0 || Func085(23)) && Func085(24) && Func085(11) && Func085(10) && Func085(12) && Func085(6) && Func085(7)
24	yes	1323	script_1323.mary	25	Func085	1	medium	no	if (Func03E(244) == 0 || Func085(23)) && Func085(24) && Func085(11) && Func085(10) && Func085(12) && Func085(6) && Func085(7)
24	yes	1324	script_1324.mary	21	Func085	1	medium	no	if (Func03E(244) == 0 || Func085(23)) && Func085(24) && Func085(11) && Func085(10) && Func085(12) && Func085(6) && Func085(7)
24	yes	1325	script_1325.mary	21	Func085	1	medium	no	if (Func03E(244) == 0 || Func085(23)) && Func085(24) && Func085(11) && Func085(10) && Func085(12) && Func085(6) && Func085(7)
24	yes	1326	script_1326.mary	21	Func085	1	medium	no	if (Func03E(244) == 0 || Func085(23)) && Func085(24) && Func085(11) && Func085(10) && Func085(12) && Func085(6) && Func085(7)
29	yes	105	script_105.mary	53	Func086	1	medium	no	if Func03E(234) == 0 && var_1 == 0 && (var_3 >= 10 && var_3 < 15) && (var_2 >= 10 && var_2 <= 17) && Func03E(126) == 0 && Func03E(127) == 0 && Func03E(85) == 0 && Func086(3) == 1 && Func086(28) == 1 && Func086(29) == 1 && GetEntityLocation(28) == 13 && GetEntityLocation(29) == 13
29	yes	105	script_105.mary	53	GetEntityLocation	1	medium	no	if Func03E(234) == 0 && var_1 == 0 && (var_3 >= 10 && var_3 < 15) && (var_2 >= 10 && var_2 <= 17) && Func03E(126) == 0 && Func03E(127) == 0 && Func03E(85) == 0 && Func086(3) == 1 && Func086(28) == 1 && Func086(29) == 1 && GetEntityLocation(28) == 13 && GetEntityLocation(29) == 13
29	yes	105	script_105.mary	58	Func086	1	medium	no	else if Func03E(283) == 0 && !(var_4 == 0 || var_4 == 2) && var_5 == 0 && Func03E(76) == 0 && Func03E(117) == 0 && Func03E(118) == 0 && Func03E(119) == 0 && Func086(19) == 1 && Func086(28) == 1 && Func086(29) == 1 && GetEntityLocation(28) == 13 && GetEntityLocation(29) == 13
29	yes	105	script_105.mary	58	GetEntityLocation	1	medium	no	else if Func03E(283) == 0 && !(var_4 == 0 || var_4 == 2) && var_5 == 0 && Func03E(76) == 0 && Func03E(117) == 0 && Func03E(118) == 0 && Func03E(119) == 0 && Func086(19) == 1 && Func086(28) == 1 && Func086(29) == 1 && GetEntityLocation(28) == 13 && GetEntityLocation(29) == 13
29	yes	139	script_139.mary	310	Proc080	1	medium	no	Proc080(29, 2)
29	yes	139	script_139.mary	398	Proc080	1	medium	no	Proc080(29, 2)
29	yes	153	script_153.mary	12	Proc08D	1	medium	no	Proc08D(29)
29	yes	153	script_153.mary	19	Proc08D	1	medium	no	Proc08D(29)
29	yes	168	script_168.mary	16	Func0B7	1	medium	no	if Func0B7(29)
29	yes	316	script_316.mary	282	Proc09B	1	medium	no	Proc09B(29)
29	yes	358	script_358.mary	388	Func084	1	medium	no	else if Func03E(312) == 0 && var_2 == 4 && (var_4 >= 6 && var_4 < 12) && Func084(29) == 0 && Func040() == 1 && Func0EF() >= 500
29	yes	358	script_358.mary	392	Func084	1	medium	no	else if Func03E(313) == 0 && var_2 == 11 && (var_4 >= 6 && var_4 < 12) && Func084(29) == 0 && Func03E(28) == 0 && Func0EF() >= 5000
29	yes	372	script_372.mary	91	Proc038	1	medium	no	Proc038(29)
29	yes	467	script_467.mary	16	GetEntityLocation	1	medium	no	if GetEntityLocation(29) == 13
29	yes	467	script_467.mary	18	Proc083	1	medium	no	Proc083(29)
29	yes	467	script_467.mary	21	Proc02D	1	medium	no	Proc02D(29)
29	yes	571	script_571.mary	447	Func07B	1	medium	no	if Func07B(29) == 1
29	yes	571	script_571.mary	857	PushInt	1	medium	no	PushInt(29)
29	yes	615	script_615.mary	28	Func13F	1	medium	no	Proc13D(1, 304, 124, 2, Func13F(29))
29	yes	630	script_630.mary	39	Func13F	1	medium	no	Proc13D(1, 304, 124, 2, Func13F(29))
29	yes	645	script_645.mary	39	Func13F	1	medium	no	Proc13D(1, 304, 124, 2, Func13F(29))
29	yes	694	script_694.mary	96	Proc132	2	medium	no	Proc132(0, 29, 0, 0)
29	yes	709	script_709.mary	40	SetEntityAnim	1	medium	no	SetEntityAnim(29, 2135)
29	yes	751	script_751.mary	42	SetEntityAnim	1	medium	no	SetEntityAnim(29, 2135)
29	yes	751	script_751.mary	140	SetEntityAnim	1	medium	no	SetEntityAnim(29, 2139)
29	yes	751	script_751.mary	142	Proc00A	1	medium	no	Proc00A(29, 165, 1)
29	yes	751	script_751.mary	144	Proc00C	1	medium	no	Proc00C(29)
29	yes	751	script_751.mary	146	SetEntityAnim	1	medium	no	SetEntityAnim(29, 2135)
29	yes	751	script_751.mary	148	SetEntityFacing	1	medium	no	SetEntityFacing(29, 3)
29	yes	751	script_751.mary	163	Proc02D	1	medium	no	Proc02D(29)
29	yes	751	script_751.mary	173	Proc02D	1	medium	no	Proc02D(29)
29	yes	751	script_751.mary	183	Proc02D	1	medium	no	Proc02D(29)
29	yes	751	script_751.mary	193	Proc02D	1	medium	no	Proc02D(29)
29	yes	751	script_751.mary	201	SetEntityFacing	1	medium	no	SetEntityFacing(29, 1)
29	yes	751	script_751.mary	206	Proc02D	1	medium	no	Proc02D(29)
29	yes	751	script_751.mary	217	Proc02D	1	medium	no	Proc02D(29)
29	yes	751	script_751.mary	227	SetEntityFacing	1	medium	no	SetEntityFacing(29, 3)
29	yes	751	script_751.mary	243	Proc011	1	medium	no	Proc011(29, 2, 0)
29	yes	751	script_751.mary	248	Proc02D	1	medium	no	Proc02D(29)
29	yes	751	script_751.mary	270	Proc02D	1	medium	no	Proc02D(29)
29	yes	751	script_751.mary	273	SetEntityAnim	1	medium	no	SetEntityAnim(29, 2139)
29	yes	751	script_751.mary	274	SetEntityFacing	1	medium	no	SetEntityFacing(29, 0)
29	yes	751	script_751.mary	275	Proc00A	1	medium	no	Proc00A(29, 330, 1)
29	yes	751	script_751.mary	276	Proc00C	1	medium	no	Proc00C(29)
29	yes	751	script_751.mary	277	Proc00F	1	medium	no	Proc00F(29)
29	yes	764	script_764.mary	32	SetEntityAnim	1	medium	no	SetEntityAnim(29, 2135)
29	yes	764	script_764.mary	63	Proc02D	1	medium	no	Proc02D(29)
29	yes	764	script_764.mary	73	Proc02D	1	medium	no	Proc02D(29)
29	yes	764	script_764.mary	124	Proc02D	1	medium	no	Proc02D(29)
29	yes	764	script_764.mary	142	Proc02D	1	medium	no	Proc02D(29)
29	yes	764	script_764.mary	150	Proc011	1	medium	no	Proc011(29, 1, 0)
29	yes	764	script_764.mary	154	Proc02D	1	medium	no	Proc02D(29)
29	yes	764	script_764.mary	164	Proc02D	1	medium	no	Proc02D(29)
29	yes	764	script_764.mary	191	Proc02D	1	medium	no	Proc02D(29)
29	yes	764	script_764.mary	209	Proc02D	1	medium	no	Proc02D(29)
29	yes	764	script_764.mary	219	Proc02D	1	medium	no	Proc02D(29)
29	yes	764	script_764.mary	255	Proc02D	1	medium	no	Proc02D(29)
29	yes	764	script_764.mary	263	Proc083	1	medium	no	Proc083(29)
29	yes	764	script_764.mary	268	Proc08C	1	medium	no	Proc08C(29, 766)
29	yes	766	script_766.mary	11	Proc02D	1	medium	no	Proc02D(29)
29	yes	766	script_766.mary	14	Proc083	1	medium	no	Proc083(29)
29	yes	766	script_766.mary	15	SetEntityFacing	1	medium	no	SetEntityFacing(29, 2)
29	yes	795	script_795.mary	264	SetEntityAnim	1	medium	no	SetEntityAnim(29, 2135)
29	yes	795	script_795.mary	273	Proc00F	1	medium	no	Proc00F(29)
29	yes	806	script_806.mary	22	SetEntityAnim	1	medium	no	SetEntityAnim(29, 2135)
29	yes	806	script_806.mary	89	Proc08C	1	medium	no	Proc08C(29, 808)
29	yes	808	script_808.mary	6	Func086	1	medium	no	if Func086(29) == 0
29	yes	808	script_808.mary	8	Proc083	1	medium	no	Proc083(29)
29	yes	808	script_808.mary	15	Proc02D	1	medium	no	Proc02D(29)
29	yes	808	script_808.mary	18	SetEntityFacing	1	medium	no	SetEntityFacing(29, 2)
29	yes	808	script_808.mary	19	Proc083	1	medium	no	Proc083(29)
29	yes	810	script_810.mary	18	SetEntityAnim	1	medium	no	SetEntityAnim(29, 2135)
29	yes	810	script_810.mary	22	Proc02D	1	medium	no	Proc02D(29)
29	yes	810	script_810.mary	29	Proc02D	1	medium	no	Proc02D(29)
29	yes	810	script_810.mary	32	Proc02D	1	medium	no	Proc02D(29)
29	yes	810	script_810.mary	47	Proc02D	1	medium	no	Proc02D(29)
29	yes	810	script_810.mary	50	SetEntityFacing	1	medium	no	SetEntityFacing(29, 3)
29	yes	810	script_810.mary	51	SetEntityAnim	1	medium	no	SetEntityAnim(29, 2139)
29	yes	810	script_810.mary	52	Proc008	1	medium	no	Proc008(29, 319, 1)
29	yes	810	script_810.mary	53	Proc00C	1	medium	no	Proc00C(29)
29	yes	810	script_810.mary	54	SetEntityFacing	1	medium	no	SetEntityFacing(29, 1)
29	yes	810	script_810.mary	55	Proc00A	1	medium	no	Proc00A(29, 0, 1)
29	yes	810	script_810.mary	56	Proc00C	1	medium	no	Proc00C(29)
29	yes	810	script_810.mary	57	Proc00F	1	medium	no	Proc00F(29)
29	yes	810	script_810.mary	58	Proc083	1	medium	no	Proc083(29)
29	yes	811	script_811.mary	35	SetEntityAnim	1	medium	no	SetEntityAnim(29, 2135)
29	yes	811	script_811.mary	39	Proc02D	1	medium	no	Proc02D(29)
29	yes	811	script_811.mary	92	Proc02D	1	medium	no	Proc02D(29)
29	yes	811	script_811.mary	97	SetEntityFacing	1	medium	no	SetEntityFacing(29, 3)
29	yes	811	script_811.mary	98	SetEntityAnim	1	medium	no	SetEntityAnim(29, 2139)
29	yes	811	script_811.mary	99	Proc008	1	medium	no	Proc008(29, 319, 1)
29	yes	811	script_811.mary	100	Proc00C	1	medium	no	Proc00C(29)
29	yes	811	script_811.mary	101	SetEntityFacing	1	medium	no	SetEntityFacing(29, 1)
29	yes	811	script_811.mary	102	Proc00A	1	medium	no	Proc00A(29, 0, 1)
29	yes	811	script_811.mary	103	Proc00C	1	medium	no	Proc00C(29)
29	yes	811	script_811.mary	104	Proc00F	1	medium	no	Proc00F(29)
29	yes	811	script_811.mary	105	Proc083	1	medium	no	Proc083(29)
29	yes	812	script_812.mary	22	SetEntityAnim	1	medium	no	SetEntityAnim(29, 2135)
29	yes	812	script_812.mary	26	Proc02D	1	medium	no	Proc02D(29)
29	yes	812	script_812.mary	37	Proc02D	1	medium	no	Proc02D(29)
29	yes	812	script_812.mary	48	Proc02D	1	medium	no	Proc02D(29)
29	yes	812	script_812.mary	53	SetEntityFacing	1	medium	no	SetEntityFacing(29, 3)
29	yes	812	script_812.mary	54	SetEntityAnim	1	medium	no	SetEntityAnim(29, 2139)
29	yes	812	script_812.mary	55	Proc008	1	medium	no	Proc008(29, 319, 1)
29	yes	812	script_812.mary	56	Proc00C	1	medium	no	Proc00C(29)
29	yes	812	script_812.mary	57	SetEntityFacing	1	medium	no	SetEntityFacing(29, 1)
29	yes	812	script_812.mary	58	Proc00A	1	medium	no	Proc00A(29, 0, 1)
29	yes	812	script_812.mary	59	Proc00C	1	medium	no	Proc00C(29)
29	yes	812	script_812.mary	60	Proc00F	1	medium	no	Proc00F(29)
29	yes	812	script_812.mary	61	Proc083	1	medium	no	Proc083(29)
29	yes	819	script_819.mary	481	Proc080	1	medium	no	Proc080(29, -10)
29	yes	821	script_821.mary	75	Proc080	1	medium	no	Proc080(29, 10)
29	yes	920	script_920.mary	15	Proc030	1	medium	no	Proc030(29)
29	yes	920	script_920.mary	26	Proc030	1	medium	no	Proc030(29)
29	yes	981	script_981.mary	6	Proc132	2	medium	no	Proc132(0, 29, 0, 0)
29	yes	985	script_985.mary	101	Proc080	1	medium	no	Proc080(29, -3 * var_7)
29	yes	986	script_986.mary	67	Func13A	1	medium	no	if Func13A(29) && Func04F() == 29
29	yes	986	script_986.mary	69	Func13B	1	medium	no	if 1 == Func13B(29)
29	yes	1008	script_1008.mary	396	TalkMessage	1	medium	no	TalkMessage(29)
29	yes	1013	script_1013.mary	918	PushInt	1	medium	no	PushInt(29)
29	yes	1016	script_1016.mary	25	SetEntityAnim	1	medium	no	SetEntityAnim(29, 2135)
29	yes	1016	script_1016.mary	26	GetEntityFacing	1	medium	no	var_2 = GetEntityFacing(29)
29	yes	1016	script_1016.mary	29	Proc02D	1	medium	no	Proc02D(29)
29	yes	1016	script_1016.mary	30	Func086	1	medium	no	if Func086(29) == 0
29	yes	1016	script_1016.mary	34	Proc083	1	medium	no	Proc083(29)
29	yes	1016	script_1016.mary	126	Func07E	1	medium	no	if (var_0 == 1 || var_0 == 2 || var_0 == 3) && Func07E(29)
29	yes	1016	script_1016.mary	187	Func088	1	medium	no	if Func088(29) == 0
29	yes	1016	script_1016.mary	279	Func07E	1	medium	no	if Func07E(29)
29	yes	1016	script_1016.mary	287	Proc080	1	medium	no	Proc080(29, var_1)
29	yes	1016	script_1016.mary	293	Proc087	1	medium	no	Proc087(29)
29	yes	1016	script_1016.mary	308	GetEntityLocation	1	medium	no	switch GetEntityLocation(29)
29	yes	1016	script_1016.mary	312	Func07F	1	medium	no	if Func07F(29) <= 100
29	yes	1016	script_1016.mary	314	Func085	1	medium	no	if Func085(29) == 0
29	yes	1016	script_1016.mary	325	Func07F	1	medium	no	else if Func07F(29) > 100 && Func07F(29) <= 200
29	yes	1016	script_1016.mary	325	Func07F	1	medium	no	else if Func07F(29) > 100 && Func07F(29) <= 200
29	yes	1016	script_1016.mary	327	Func085	1	medium	no	if Func085(29) == 0
29	yes	1016	script_1016.mary	338	Func085	1	medium	no	else if Func085(29) == 0
29	yes	1016	script_1016.mary	350	Proc083	1	medium	no	Proc083(29)
29	yes	1016	script_1016.mary	354	SetEntityFacing	1	medium	no	SetEntityFacing(29, var_2)
29	yes	1031	script_1031.mary	280	TalkChoice6	6	medium	no	var_0 = TalkChoice6(25, 26, 27, 28, 6, 29)
29	yes	1031	script_1031.mary	1311	Proc02D	1	medium	no	Proc02D(29)
29	yes	1031	script_1031.mary	1314	Func07F	1	medium	no	Proc039(0, Func07F(29))
29	yes	1031	script_1031.mary	1320	Proc080	1	medium	no	Proc080(29, 10)
29	yes	1031	script_1031.mary	1325	Proc080	1	medium	no	Proc080(29, -10)
29	yes	1048	script_1048.mary	330	Proc030	1	medium	no	Proc030(29)
29	yes	1048	script_1048.mary	360	Proc02D	1	medium	no	Proc02D(29)
29	yes	1048	script_1048.mary	1223	Proc02D	1	medium	no	Proc02D(29)
29	yes	1048	script_1048.mary	1246	Proc02D	1	medium	no	Proc02D(29)
29	yes	1048	script_1048.mary	1252	Proc02D	1	medium	no	Proc02D(29)
29	yes	1063	script_1063.mary	44	Proc142	4	medium	no	Proc142(9, 4, 0, 29, 8)
33	yes	106	script_106.mary	52	Proc030	1	medium	no	Proc030(33)
33	yes	107	script_107.mary	56	Proc030	1	medium	no	Proc030(33)
33	yes	139	script_139.mary	313	Proc080	1	medium	no	Proc080(33, 2)
33	yes	139	script_139.mary	401	Proc080	1	medium	no	Proc080(33, 2)
33	yes	316	script_316.mary	359	Proc09B	1	medium	no	Proc09B(33)
33	yes	465	script_465.mary	16	GetEntityLocation	1	medium	no	if GetEntityLocation(33) == 23
33	yes	465	script_465.mary	18	Proc083	1	medium	no	Proc083(33)
33	yes	465	script_465.mary	21	Proc02D	1	medium	no	Proc02D(33)
33	yes	571	script_571.mary	491	Func07B	1	medium	no	if Func07B(33) == 1
33	yes	571	script_571.mary	704	CallId	1	medium	no	Call(CallId(33))
33	yes	571	script_571.mary	881	PushInt	1	medium	no	PushInt(33)
33	yes	571	script_571.mary	1030	CallId	1	medium	no	Call(CallId(33))
33	yes	571	script_571.mary	1047	CallId	1	medium	no	Call(CallId(33))
33	yes	571	script_571.mary	1064	CallId	1	medium	no	Call(CallId(33))
33	yes	571	script_571.mary	1081	CallId	1	medium	no	Call(CallId(33))
33	yes	571	script_571.mary	1098	CallId	1	medium	no	Call(CallId(33))
33	yes	571	script_571.mary	1102	CallId	1	medium	no	Call(CallId(33))
33	yes	571	script_571.mary	1135	CallId	1	medium	no	Call(CallId(33))
33	yes	571	script_571.mary	1142	CallId	1	medium	no	Call(CallId(33))
33	yes	571	script_571.mary	1189	CallId	1	medium	no	Call(CallId(33))
33	yes	571	script_571.mary	1201	CallId	1	medium	no	Call(CallId(33))
33	yes	571	script_571.mary	1219	CallId	1	medium	no	Call(CallId(33))
33	yes	571	script_571.mary	1287	CallId	1	medium	no	Call(CallId(33))
33	yes	571	script_571.mary	1298	CallId	1	medium	no	Call(CallId(33))
33	yes	571	script_571.mary	1317	CallId	1	medium	no	Call(CallId(33))
33	yes	571	script_571.mary	1336	CallId	1	medium	no	Call(CallId(33))
33	yes	571	script_571.mary	1360	CallId	1	medium	no	Call(CallId(33))
33	yes	571	script_571.mary	1371	CallId	1	medium	no	Call(CallId(33))
33	yes	571	script_571.mary	1377	CallId	1	medium	no	Call(CallId(33))
33	yes	571	script_571.mary	1405	CallId	1	medium	no	Call(CallId(33))
33	yes	571	script_571.mary	1414	CallId	1	medium	no	Call(CallId(33))
33	yes	571	script_571.mary	1438	CallId	1	medium	no	Call(CallId(33))
33	yes	571	script_571.mary	1449	CallId	1	medium	no	Call(CallId(33))
33	yes	571	script_571.mary	1455	CallId	1	medium	no	Call(CallId(33))
33	yes	571	script_571.mary	1483	CallId	1	medium	no	Call(CallId(33))
33	yes	571	script_571.mary	1492	CallId	1	medium	no	Call(CallId(33))
33	yes	571	script_571.mary	1516	CallId	1	medium	no	Call(CallId(33))
33	yes	571	script_571.mary	1527	CallId	1	medium	no	Call(CallId(33))
33	yes	571	script_571.mary	1533	CallId	1	medium	no	Call(CallId(33))
33	yes	571	script_571.mary	1561	CallId	1	medium	no	Call(CallId(33))
33	yes	571	script_571.mary	1570	CallId	1	medium	no	Call(CallId(33))
33	yes	571	script_571.mary	1594	CallId	1	medium	no	Call(CallId(33))
33	yes	571	script_571.mary	1605	CallId	1	medium	no	Call(CallId(33))
33	yes	571	script_571.mary	1611	CallId	1	medium	no	Call(CallId(33))
33	yes	571	script_571.mary	1639	CallId	1	medium	no	Call(CallId(33))
33	yes	571	script_571.mary	1648	CallId	1	medium	no	Call(CallId(33))
33	yes	571	script_571.mary	1683	CallId	1	medium	no	Call(CallId(33))
33	yes	571	script_571.mary	1694	CallId	1	medium	no	Call(CallId(33))
33	yes	571	script_571.mary	1700	CallId	1	medium	no	Call(CallId(33))
33	yes	571	script_571.mary	1728	CallId	1	medium	no	Call(CallId(33))
33	yes	571	script_571.mary	1737	CallId	1	medium	no	Call(CallId(33))
33	yes	571	script_571.mary	1751	CallId	1	medium	no	Call(CallId(33))
33	yes	571	script_571.mary	1773	CallId	1	medium	no	Call(CallId(33))
33	yes	571	script_571.mary	1785	CallId	1	medium	no	Call(CallId(33))
33	yes	571	script_571.mary	1796	CallId	1	medium	no	Call(CallId(33))
33	yes	571	script_571.mary	2165	CallId	1	medium	no	Call(CallId(33))
33	yes	571	script_571.mary	2171	CallId	1	medium	no	Call(CallId(33))
33	yes	571	script_571.mary	2177	CallId	1	medium	no	Call(CallId(33))
33	yes	571	script_571.mary	2183	CallId	1	medium	no	Call(CallId(33))
33	yes	571	script_571.mary	2189	CallId	1	medium	no	Call(CallId(33))
33	yes	571	script_571.mary	2195	CallId	1	medium	no	Call(CallId(33))
33	yes	571	script_571.mary	2201	CallId	1	medium	no	Call(CallId(33))
33	yes	571	script_571.mary	2207	CallId	1	medium	no	Call(CallId(33))
33	yes	571	script_571.mary	2213	CallId	1	medium	no	Call(CallId(33))
33	yes	571	script_571.mary	2219	CallId	1	medium	no	Call(CallId(33))
33	yes	571	script_571.mary	2225	CallId	1	medium	no	Call(CallId(33))
33	yes	709	script_709.mary	200	Proc030	1	medium	no	Proc030(33)
33	yes	709	script_709.mary	229	Proc030	1	medium	no	Proc030(33)
33	yes	737	script_737.mary	179	Proc030	1	medium	no	Proc030(33)
33	yes	795	script_795.mary	285	SetEntityAnim	1	medium	no	SetEntityAnim(33, 2264)
33	yes	795	script_795.mary	297	Proc00F	1	medium	no	Proc00F(33)
33	yes	804	script_804.mary	53	Proc030	1	medium	no	Proc030(33)
33	yes	813	script_813.mary	15	SetEntityAnim	1	medium	no	SetEntityAnim(33, 2264)
33	yes	813	script_813.mary	19	Proc02D	1	medium	no	Proc02D(33)
33	yes	813	script_813.mary	22	SetEntityFacing	1	medium	no	SetEntityFacing(33, 3)
33	yes	813	script_813.mary	23	SetEntityAnim	1	medium	no	SetEntityAnim(33, 2268)
33	yes	813	script_813.mary	24	Proc008	1	medium	no	Proc008(33, 319, 1)
33	yes	813	script_813.mary	25	Proc00C	1	medium	no	Proc00C(33)
33	yes	813	script_813.mary	26	SetEntityFacing	1	medium	no	SetEntityFacing(33, 1)
33	yes	813	script_813.mary	27	Proc00A	1	medium	no	Proc00A(33, 0, 1)
33	yes	813	script_813.mary	28	Proc00C	1	medium	no	Proc00C(33)
33	yes	813	script_813.mary	29	Proc00F	1	medium	no	Proc00F(33)
33	yes	813	script_813.mary	30	Proc083	1	medium	no	Proc083(33)
33	yes	819	script_819.mary	371	Proc030	1	medium	no	Proc030(33)
33	yes	819	script_819.mary	484	Proc080	1	medium	no	Proc080(33, -10)
33	yes	821	script_821.mary	78	Proc080	1	medium	no	Proc080(33, 10)
33	yes	985	script_985.mary	106	Proc080	1	medium	no	Proc080(33, -3 * var_7)
33	yes	987	script_987.mary	38	Proc030	1	medium	no	Proc030(33)
33	yes	997	script_997.mary	178	Proc030	1	medium	no	Proc030(33)
33	yes	997	script_997.mary	476	Proc030	1	medium	no	Proc030(33)
33	yes	1008	script_1008.mary	430	TalkMessage	1	medium	no	TalkMessage(33)
33	yes	1008	script_1008.mary	649	Proc038	1	medium	no	Proc038(33)
33	yes	1013	script_1013.mary	181	CallId	1	medium	no	Call(CallId(33))
33	yes	1013	script_1013.mary	190	CallId	1	medium	no	Call(CallId(33))
33	yes	1013	script_1013.mary	196	CallId	1	medium	no	Call(CallId(33))
33	yes	1013	script_1013.mary	202	CallId	1	medium	no	Call(CallId(33))
33	yes	1013	script_1013.mary	208	CallId	1	medium	no	Call(CallId(33))
33	yes	1013	script_1013.mary	214	CallId	1	medium	no	Call(CallId(33))
33	yes	1013	script_1013.mary	220	CallId	1	medium	no	Call(CallId(33))
33	yes	1013	script_1013.mary	226	CallId	1	medium	no	Call(CallId(33))
33	yes	1013	script_1013.mary	232	CallId	1	medium	no	Call(CallId(33))
33	yes	1013	script_1013.mary	238	CallId	1	medium	no	Call(CallId(33))
33	yes	1013	script_1013.mary	244	CallId	1	medium	no	Call(CallId(33))
33	yes	1013	script_1013.mary	520	CallId	1	medium	no	Call(CallId(33))
33	yes	1013	script_1013.mary	620	CallId	1	medium	no	Call(CallId(33))
33	yes	1013	script_1013.mary	698	CallId	1	medium	no	Call(CallId(33))
33	yes	1013	script_1013.mary	711	CallId	1	medium	no	Call(CallId(33))
33	yes	1013	script_1013.mary	755	CallId	1	medium	no	Call(CallId(33))
33	yes	1013	script_1013.mary	759	CallId	1	medium	no	Call(CallId(33))
33	yes	1013	script_1013.mary	765	CallId	1	medium	no	Call(CallId(33))
33	yes	1013	script_1013.mary	783	CallId	1	medium	no	Call(CallId(33))
33	yes	1013	script_1013.mary	787	CallId	1	medium	no	Call(CallId(33))
33	yes	1013	script_1013.mary	793	CallId	1	medium	no	Call(CallId(33))
33	yes	1013	script_1013.mary	823	CallId	1	medium	no	Call(CallId(33))
33	yes	1013	script_1013.mary	829	CallId	1	medium	no	Call(CallId(33))
33	yes	1013	script_1013.mary	858	CallId	1	medium	no	Call(CallId(33))
33	yes	1013	script_1013.mary	864	CallId	1	medium	no	Call(CallId(33))
33	yes	1013	script_1013.mary	882	CallId	1	medium	no	Call(CallId(33))
33	yes	1013	script_1013.mary	888	CallId	1	medium	no	Call(CallId(33))
33	yes	1013	script_1013.mary	919	CallId	1	medium	no	Call(CallId(33))
33	yes	1013	script_1013.mary	925	CallId	1	medium	no	Call(CallId(33))
33	yes	1013	script_1013.mary	954	CallId	1	medium	no	Call(CallId(33))
33	yes	1013	script_1013.mary	960	CallId	1	medium	no	Call(CallId(33))
33	yes	1013	script_1013.mary	977	PushInt	1	medium	no	PushInt(33)
33	yes	1013	script_1013.mary	978	CallId	1	medium	no	Call(CallId(33))
33	yes	1013	script_1013.mary	984	CallId	1	medium	no	Call(CallId(33))
33	yes	1013	script_1013.mary	1014	CallId	1	medium	no	Call(CallId(33))
33	yes	1013	script_1013.mary	1020	CallId	1	medium	no	Call(CallId(33))
33	yes	1013	script_1013.mary	1038	CallId	1	medium	no	Call(CallId(33))
33	yes	1013	script_1013.mary	1044	CallId	1	medium	no	Call(CallId(33))
33	yes	1022	script_1022.mary	28	SetEntityAnim	1	medium	no	SetEntityAnim(33, 2264)
33	yes	1022	script_1022.mary	29	GetEntityFacing	1	medium	no	var_3 = GetEntityFacing(33)
33	yes	1022	script_1022.mary	32	Proc02D	1	medium	no	Proc02D(33)
33	yes	1022	script_1022.mary	117	Func07E	1	medium	no	if (var_0 == 1 || var_0 == 2 || var_0 == 3) && Func07E(33)
33	yes	1022	script_1022.mary	178	Func088	1	medium	no	if Func088(33) == 0
33	yes	1022	script_1022.mary	270	Func07E	1	medium	no	if Func07E(33)
33	yes	1022	script_1022.mary	278	Proc080	1	medium	no	Proc080(33, var_2)
33	yes	1022	script_1022.mary	284	Proc087	1	medium	no	Proc087(33)
33	yes	1022	script_1022.mary	336	GetEntityLocation	1	medium	no	switch GetEntityLocation(33)
33	yes	1022	script_1022.mary	340	Func07F	1	medium	no	if Func07F(33) <= 100
33	yes	1022	script_1022.mary	342	Func085	1	medium	no	if Func085(33) == 0
33	yes	1022	script_1022.mary	353	Func07F	1	medium	no	else if Func07F(33) > 100 && Func07F(33) <= 200
33	yes	1022	script_1022.mary	353	Func07F	1	medium	no	else if Func07F(33) > 100 && Func07F(33) <= 200
33	yes	1022	script_1022.mary	355	Func085	1	medium	no	if Func085(33) == 0
33	yes	1022	script_1022.mary	366	Func085	1	medium	no	else if Func085(33) == 0
33	yes	1022	script_1022.mary	378	Proc083	1	medium	no	Proc083(33)
33	yes	1022	script_1022.mary	385	SetEntityFacing	1	medium	no	SetEntityFacing(33, var_3)
33	yes	1031	script_1031.mary	329	Func027	1	medium	no	var_0 = Func027(33, 31, 32, 15, 15)
33	yes	1031	script_1031.mary	1773	Proc02D	1	medium	no	Proc02D(33)
33	yes	1031	script_1031.mary	1776	Func07F	1	medium	no	Proc039(0, Func07F(33))
33	yes	1031	script_1031.mary	1782	Proc080	1	medium	no	Proc080(33, 10)
33	yes	1031	script_1031.mary	1787	Proc080	1	medium	no	Proc080(33, -10)
33	yes	1048	script_1048.mary	1248	Proc030	1	medium	no	Proc030(33)
33	yes	1063	script_1063.mary	36	Proc142	4	medium	no	Proc142(5, 4, 0, 33, 8)
33	yes	1117	script_1117.mary	12	Proc030	1	medium	no	Proc030(33)
34	yes	139	script_139.mary	314	Proc080	1	medium	no	Proc080(34, 2)
34	yes	139	script_139.mary	402	Proc080	1	medium	no	Proc080(34, 2)
34	yes	316	script_316.mary	386	Proc09B	1	medium	no	Proc09B(34)
34	yes	441	script_441.mary	26	Proc048	1	medium	no	Proc048(34)
34	yes	571	script_571.mary	502	Func07B	1	medium	no	if Func07B(34) == 1
34	yes	571	script_571.mary	887	PushInt	1	medium	no	PushInt(34)
34	yes	717	script_717.mary	174	Proc048	1	medium	no	Proc048(34)
34	yes	765	script_765.mary	10	Proc030	1	medium	no	Proc030(34)
34	yes	795	script_795.mary	309	SetEntityAnim	1	medium	no	SetEntityAnim(34, 2034)
34	yes	795	script_795.mary	318	Proc00F	1	medium	no	Proc00F(34)
34	yes	804	script_804.mary	65	Proc030	1	medium	no	Proc030(34)
34	yes	804	script_804.mary	91	Proc030	1	medium	no	Proc030(34)
34	yes	804	script_804.mary	113	Proc030	1	medium	no	Proc030(34)
34	yes	804	script_804.mary	128	Proc030	1	medium	no	Proc030(34)
34	yes	814	script_814.mary	15	SetEntityAnim	1	medium	no	SetEntityAnim(34, 2034)
34	yes	814	script_814.mary	19	Proc02D	1	medium	no	Proc02D(34)
34	yes	814	script_814.mary	22	SetEntityFacing	1	medium	no	SetEntityFacing(34, 3)
34	yes	814	script_814.mary	23	SetEntityAnim	1	medium	no	SetEntityAnim(34, 2038)
34	yes	814	script_814.mary	24	Proc008	1	medium	no	Proc008(34, 319, 1)
34	yes	814	script_814.mary	25	Proc00C	1	medium	no	Proc00C(34)
34	yes	814	script_814.mary	26	SetEntityFacing	1	medium	no	SetEntityFacing(34, 1)
34	yes	814	script_814.mary	27	Proc00A	1	medium	no	Proc00A(34, 0, 1)
34	yes	814	script_814.mary	28	Proc00C	1	medium	no	Proc00C(34)
34	yes	814	script_814.mary	29	Proc00F	1	medium	no	Proc00F(34)
34	yes	814	script_814.mary	30	Proc083	1	medium	no	Proc083(34)
34	yes	819	script_819.mary	485	Proc080	1	medium	no	Proc080(34, -10)
34	yes	821	script_821.mary	79	Proc080	1	medium	no	Proc080(34, 10)
34	yes	983	script_983.mary	16	Proc038	1	medium	no	Proc038(34)
34	yes	985	script_985.mary	110	Proc080	1	medium	no	Proc080(34, -3 * var_7)
34	yes	987	script_987.mary	62	Proc030	1	medium	no	Proc030(34)
34	yes	997	script_997.mary	173	Proc030	1	medium	no	Proc030(34)
34	yes	997	script_997.mary	188	Proc030	1	medium	no	Proc030(34)
34	yes	997	script_997.mary	394	Proc030	1	medium	no	Proc030(34)
34	yes	997	script_997.mary	446	Proc030	1	medium	no	Proc030(34)
34	yes	997	script_997.mary	487	Proc030	1	medium	no	Proc030(34)
34	yes	1008	script_1008.mary	440	TalkMessage	1	medium	no	TalkMessage(34)
34	yes	1012	script_1012.mary	38	SetEntityAnim	1	medium	no	SetEntityAnim(34, 2034)
34	yes	1012	script_1012.mary	39	GetEntityFacing	1	medium	no	var_3 = GetEntityFacing(34)
34	yes	1012	script_1012.mary	42	Proc02D	1	medium	no	Proc02D(34)
34	yes	1012	script_1012.mary	123	Func07E	1	medium	no	if (var_0 == 1 || var_0 == 2 || var_0 == 3) && Func07E(34)
34	yes	1012	script_1012.mary	184	Func088	1	medium	no	if Func088(34) == 0
34	yes	1012	script_1012.mary	276	Func07E	1	medium	no	if Func07E(34)
34	yes	1012	script_1012.mary	284	Proc080	1	medium	no	Proc080(34, var_2)
34	yes	1012	script_1012.mary	290	Proc087	1	medium	no	Proc087(34)
34	yes	1012	script_1012.mary	393	GetEntityLocation	1	medium	no	switch GetEntityLocation(34)
34	yes	1012	script_1012.mary	397	Func07F	1	medium	no	if Func07F(34) <= 100
34	yes	1012	script_1012.mary	399	Func085	1	medium	no	if Func085(34) == 0
34	yes	1012	script_1012.mary	410	Func07F	1	medium	no	else if Func07F(34) > 100 && Func07F(34) <= 200
34	yes	1012	script_1012.mary	410	Func07F	1	medium	no	else if Func07F(34) > 100 && Func07F(34) <= 200
34	yes	1012	script_1012.mary	412	Func085	1	medium	no	if Func085(34) == 0
34	yes	1012	script_1012.mary	423	Func085	1	medium	no	else if Func085(34) == 0
34	yes	1012	script_1012.mary	447	Proc083	1	medium	no	Proc083(34)
34	yes	1012	script_1012.mary	450	SetEntityFacing	1	medium	no	SetEntityFacing(34, var_3)
34	yes	1013	script_1013.mary	983	PushInt	1	medium	no	PushInt(34)
34	yes	1031	script_1031.mary	368	Func027	1	medium	no	var_0 = Func027(34, 31, 32, 15, 15)
34	yes	1031	script_1031.mary	1807	Proc02D	1	medium	no	Proc02D(34)
34	yes	1031	script_1031.mary	1810	Func07F	1	medium	no	Proc039(0, Func07F(34))
34	yes	1031	script_1031.mary	1816	Proc080	1	medium	no	Proc080(34, 10)
34	yes	1031	script_1031.mary	1821	Proc080	1	medium	no	Proc080(34, -10)
34	yes	1063	script_1063.mary	37	Proc142	4	medium	no	Proc142(6, 4, 0, 34, 8)
35	yes	29	script_29.mary	359	Proc030	1	medium	no	Proc030(35)
35	yes	34	script_34.mary	133	Proc038	1	medium	no	Proc038(35)
35	yes	51	script_51.mary	179	Proc030	1	medium	no	Proc030(35)
35	yes	67	script_67.mary	12	Proc030	1	medium	no	Proc030(35)
35	yes	69	script_69.mary	106	Proc030	1	medium	no	Proc030(35)
35	yes	69	script_69.mary	142	Proc030	1	medium	no	Proc030(35)
35	yes	69	script_69.mary	148	Proc030	1	medium	no	Proc030(35)
35	yes	70	script_70.mary	12	Proc030	1	medium	no	Proc030(35)
35	yes	139	script_139.mary	315	Proc080	1	medium	no	Proc080(35, 2)
35	yes	139	script_139.mary	403	Proc080	1	medium	no	Proc080(35, 2)
35	yes	168	script_168.mary	90	Proc08D	1	medium	no	Proc08D(35)
35	yes	168	script_168.mary	118	Proc08D	1	medium	no	Proc08D(35)
35	yes	168	script_168.mary	146	Proc08D	1	medium	no	Proc08D(35)
35	yes	168	script_168.mary	174	Proc08D	1	medium	no	Proc08D(35)
35	yes	168	script_168.mary	202	Proc08D	1	medium	no	Proc08D(35)
35	yes	168	script_168.mary	230	Proc08D	1	medium	no	Proc08D(35)
35	yes	316	script_316.mary	401	Proc09B	1	medium	no	Proc09B(35)
35	yes	358	script_358.mary	165	Proc08D	1	medium	no	Proc08D(35)
35	yes	358	script_358.mary	172	Proc08D	1	medium	no	Proc08D(35)
35	yes	358	script_358.mary	179	Proc08D	1	medium	no	Proc08D(35)
35	yes	358	script_358.mary	186	Proc08D	1	medium	no	Proc08D(35)
35	yes	358	script_358.mary	193	Proc08D	1	medium	no	Proc08D(35)
35	yes	358	script_358.mary	199	Proc08D	1	medium	no	Proc08D(35)
35	yes	441	script_441.mary	30	Proc048	1	medium	no	Proc048(35)
35	yes	483	script_483.mary	53	Proc030	1	medium	no	Proc030(35)
35	yes	483	script_483.mary	72	Proc030	1	medium	no	Proc030(35)
35	yes	571	script_571.mary	513	Func07B	1	medium	no	if Func07B(35) == 1
35	yes	571	script_571.mary	712	CallId	1	medium	no	Call(CallId(35))
35	yes	571	script_571.mary	719	CallId	1	medium	no	Call(CallId(35))
35	yes	571	script_571.mary	726	CallId	1	medium	no	Call(CallId(35))
35	yes	571	script_571.mary	733	CallId	1	medium	no	Call(CallId(35))
35	yes	571	script_571.mary	740	CallId	1	medium	no	Call(CallId(35))
35	yes	571	script_571.mary	747	CallId	1	medium	no	Call(CallId(35))
35	yes	571	script_571.mary	754	CallId	1	medium	no	Call(CallId(35))
35	yes	571	script_571.mary	761	CallId	1	medium	no	Call(CallId(35))
35	yes	571	script_571.mary	768	CallId	1	medium	no	Call(CallId(35))
35	yes	571	script_571.mary	775	CallId	1	medium	no	Call(CallId(35))
35	yes	571	script_571.mary	782	CallId	1	medium	no	Call(CallId(35))
35	yes	571	script_571.mary	789	CallId	1	medium	no	Call(CallId(35))
35	yes	571	script_571.mary	796	CallId	1	medium	no	Call(CallId(35))
35	yes	571	script_571.mary	803	CallId	1	medium	no	Call(CallId(35))
35	yes	571	script_571.mary	810	CallId	1	medium	no	Call(CallId(35))
35	yes	571	script_571.mary	817	CallId	1	medium	no	Call(CallId(35))
35	yes	571	script_571.mary	824	CallId	1	medium	no	Call(CallId(35))
35	yes	571	script_571.mary	831	CallId	1	medium	no	Call(CallId(35))
35	yes	571	script_571.mary	838	CallId	1	medium	no	Call(CallId(35))
35	yes	571	script_571.mary	845	CallId	1	medium	no	Call(CallId(35))
35	yes	571	script_571.mary	852	CallId	1	medium	no	Call(CallId(35))
35	yes	571	script_571.mary	858	CallId	1	medium	no	Call(CallId(35))
35	yes	571	script_571.mary	864	CallId	1	medium	no	Call(CallId(35))
35	yes	571	script_571.mary	870	CallId	1	medium	no	Call(CallId(35))
35	yes	571	script_571.mary	876	CallId	1	medium	no	Call(CallId(35))
35	yes	571	script_571.mary	882	CallId	1	medium	no	Call(CallId(35))
35	yes	571	script_571.mary	888	CallId	1	medium	no	Call(CallId(35))
35	yes	571	script_571.mary	893	PushInt	1	medium	no	PushInt(35)
35	yes	571	script_571.mary	894	CallId	1	medium	no	Call(CallId(35))
35	yes	571	script_571.mary	900	CallId	1	medium	no	Call(CallId(35))
35	yes	571	script_571.mary	906	CallId	1	medium	no	Call(CallId(35))
35	yes	571	script_571.mary	912	CallId	1	medium	no	Call(CallId(35))
35	yes	571	script_571.mary	918	CallId	1	medium	no	Call(CallId(35))
35	yes	571	script_571.mary	924	CallId	1	medium	no	Call(CallId(35))
35	yes	571	script_571.mary	930	CallId	1	medium	no	Call(CallId(35))
35	yes	571	script_571.mary	936	CallId	1	medium	no	Call(CallId(35))
35	yes	571	script_571.mary	942	CallId	1	medium	no	Call(CallId(35))
35	yes	571	script_571.mary	947	CallId	1	medium	no	Call(CallId(35))
35	yes	571	script_571.mary	952	CallId	1	medium	no	Call(CallId(35))
35	yes	571	script_571.mary	957	CallId	1	medium	no	Call(CallId(35))
35	yes	571	script_571.mary	962	CallId	1	medium	no	Call(CallId(35))
35	yes	571	script_571.mary	967	CallId	1	medium	no	Call(CallId(35))
35	yes	571	script_571.mary	972	CallId	1	medium	no	Call(CallId(35))
35	yes	571	script_571.mary	976	CallId	1	medium	no	Call(CallId(35))
35	yes	589	script_589.mary	35	SetEntityAnim	1	medium	no	SetEntityAnim(35, 615)
35	yes	589	script_589.mary	39	SetEntityAnim	1	medium	no	SetEntityAnim(35, 619)
35	yes	589	script_589.mary	45	SetEntityAnim	1	medium	no	SetEntityAnim(35, 12)
35	yes	589	script_589.mary	116	Proc08C	1	medium	no	Proc08C(35, 591)
35	yes	590	script_590.mary	29	Proc08D	1	medium	no	Proc08D(35)
35	yes	591	script_591.mary	12	Proc02D	1	medium	no	Proc02D(35)
35	yes	591	script_591.mary	16	Proc083	1	medium	no	Proc083(35)
35	yes	591	script_591.mary	17	SetEntityFacing	1	medium	no	SetEntityFacing(35, 0)
35	yes	592	script_592.mary	27	SetEntityAnim	1	medium	no	SetEntityAnim(35, 615)
35	yes	592	script_592.mary	31	SetEntityAnim	1	medium	no	SetEntityAnim(35, 619)
35	yes	592	script_592.mary	37	SetEntityAnim	1	medium	no	SetEntityAnim(35, 12)
35	yes	593	script_593.mary	35	SetEntityAnim	1	medium	no	SetEntityAnim(35, 615)
35	yes	593	script_593.mary	39	SetEntityAnim	1	medium	no	SetEntityAnim(35, 619)
35	yes	593	script_593.mary	45	SetEntityAnim	1	medium	no	SetEntityAnim(35, 12)
35	yes	593	script_593.mary	116	Proc08C	1	medium	no	Proc08C(35, 594)
35	yes	594	script_594.mary	12	Proc02D	1	medium	no	Proc02D(35)
35	yes	594	script_594.mary	16	Proc083	1	medium	no	Proc083(35)
35	yes	594	script_594.mary	17	SetEntityFacing	1	medium	no	SetEntityFacing(35, 0)
35	yes	595	script_595.mary	29	Proc08D	1	medium	no	Proc08D(35)
35	yes	596	script_596.mary	27	SetEntityAnim	1	medium	no	SetEntityAnim(35, 615)
35	yes	596	script_596.mary	31	SetEntityAnim	1	medium	no	SetEntityAnim(35, 619)
35	yes	596	script_596.mary	37	SetEntityAnim	1	medium	no	SetEntityAnim(35, 12)
35	yes	597	script_597.mary	35	SetEntityAnim	1	medium	no	SetEntityAnim(35, 615)
35	yes	597	script_597.mary	39	SetEntityAnim	1	medium	no	SetEntityAnim(35, 619)
35	yes	597	script_597.mary	45	SetEntityAnim	1	medium	no	SetEntityAnim(35, 12)
35	yes	597	script_597.mary	116	Proc08C	1	medium	no	Proc08C(35, 598)
35	yes	598	script_598.mary	12	Proc02D	1	medium	no	Proc02D(35)
35	yes	598	script_598.mary	16	Proc083	1	medium	no	Proc083(35)
35	yes	598	script_598.mary	17	SetEntityFacing	1	medium	no	SetEntityFacing(35, 0)
35	yes	599	script_599.mary	29	Proc08D	1	medium	no	Proc08D(35)
35	yes	600	script_600.mary	27	SetEntityAnim	1	medium	no	SetEntityAnim(35, 615)
35	yes	600	script_600.mary	31	SetEntityAnim	1	medium	no	SetEntityAnim(35, 619)
35	yes	600	script_600.mary	37	SetEntityAnim	1	medium	no	SetEntityAnim(35, 12)
35	yes	601	script_601.mary	35	SetEntityAnim	1	medium	no	SetEntityAnim(35, 615)
35	yes	601	script_601.mary	39	SetEntityAnim	1	medium	no	SetEntityAnim(35, 619)
35	yes	601	script_601.mary	45	SetEntityAnim	1	medium	no	SetEntityAnim(35, 12)
35	yes	601	script_601.mary	116	Proc08C	1	medium	no	Proc08C(35, 602)
35	yes	602	script_602.mary	12	Proc02D	1	medium	no	Proc02D(35)
35	yes	602	script_602.mary	16	Proc083	1	medium	no	Proc083(35)
35	yes	602	script_602.mary	17	SetEntityFacing	1	medium	no	SetEntityFacing(35, 0)
35	yes	603	script_603.mary	29	Proc08D	1	medium	no	Proc08D(35)
35	yes	604	script_604.mary	27	SetEntityAnim	1	medium	no	SetEntityAnim(35, 615)
35	yes	604	script_604.mary	31	SetEntityAnim	1	medium	no	SetEntityAnim(35, 619)
35	yes	604	script_604.mary	37	SetEntityAnim	1	medium	no	SetEntityAnim(35, 12)
35	yes	605	script_605.mary	35	SetEntityAnim	1	medium	no	SetEntityAnim(35, 615)
35	yes	605	script_605.mary	39	SetEntityAnim	1	medium	no	SetEntityAnim(35, 619)
35	yes	605	script_605.mary	45	SetEntityAnim	1	medium	no	SetEntityAnim(35, 12)
35	yes	605	script_605.mary	116	Proc08C	1	medium	no	Proc08C(35, 606)
35	yes	606	script_606.mary	12	Proc02D	1	medium	no	Proc02D(35)
35	yes	606	script_606.mary	16	Proc083	1	medium	no	Proc083(35)
35	yes	606	script_606.mary	17	SetEntityFacing	1	medium	no	SetEntityFacing(35, 0)
35	yes	607	script_607.mary	29	Proc08D	1	medium	no	Proc08D(35)
35	yes	608	script_608.mary	27	SetEntityAnim	1	medium	no	SetEntityAnim(35, 615)
35	yes	608	script_608.mary	31	SetEntityAnim	1	medium	no	SetEntityAnim(35, 619)
35	yes	608	script_608.mary	37	SetEntityAnim	1	medium	no	SetEntityAnim(35, 12)
35	yes	609	script_609.mary	21	SetEntityAnim	1	medium	no	SetEntityAnim(35, 615)
35	yes	609	script_609.mary	25	SetEntityAnim	1	medium	no	SetEntityAnim(35, 619)
35	yes	609	script_609.mary	32	Proc08C	1	medium	no	Proc08C(35, 611)
35	yes	610	script_610.mary	32	Proc080	1	medium	no	Proc080(35, -10)
35	yes	610	script_610.mary	48	Proc08D	1	medium	no	Proc08D(35)
35	yes	610	script_610.mary	55	Proc080	1	medium	no	Proc080(35, -10)
35	yes	610	script_610.mary	71	Proc08D	1	medium	no	Proc08D(35)
35	yes	610	script_610.mary	78	Proc080	1	medium	no	Proc080(35, 20)
35	yes	610	script_610.mary	122	Proc08D	1	medium	no	Proc08D(35)
35	yes	611	script_611.mary	8	Proc02D	1	medium	no	Proc02D(35)
35	yes	611	script_611.mary	12	Proc083	1	medium	no	Proc083(35)
35	yes	611	script_611.mary	13	SetEntityFacing	1	medium	no	SetEntityFacing(35, 0)
35	yes	612	script_612.mary	21	SetEntityAnim	1	medium	no	SetEntityAnim(35, 615)
35	yes	612	script_612.mary	25	SetEntityAnim	1	medium	no	SetEntityAnim(35, 619)
35	yes	612	script_612.mary	32	Proc08C	1	medium	no	Proc08C(35, 613)
35	yes	613	script_613.mary	8	Proc02D	1	medium	no	Proc02D(35)
35	yes	613	script_613.mary	12	Proc083	1	medium	no	Proc083(35)
35	yes	613	script_613.mary	13	SetEntityFacing	1	medium	no	SetEntityFacing(35, 0)
35	yes	614	script_614.mary	32	Proc080	1	medium	no	Proc080(35, -10)
35	yes	614	script_614.mary	48	Proc08D	1	medium	no	Proc08D(35)
35	yes	614	script_614.mary	55	Proc080	1	medium	no	Proc080(35, -10)
35	yes	614	script_614.mary	71	Proc08D	1	medium	no	Proc08D(35)
35	yes	614	script_614.mary	78	Proc080	1	medium	no	Proc080(35, 20)
35	yes	614	script_614.mary	122	Proc08D	1	medium	no	Proc08D(35)
35	yes	615	script_615.mary	21	SetEntityAnim	1	medium	no	SetEntityAnim(35, 615)
35	yes	615	script_615.mary	25	SetEntityAnim	1	medium	no	SetEntityAnim(35, 619)
35	yes	615	script_615.mary	32	Proc08C	1	medium	no	Proc08C(35, 616)
35	yes	616	script_616.mary	8	Proc02D	1	medium	no	Proc02D(35)
35	yes	616	script_616.mary	12	Proc083	1	medium	no	Proc083(35)
35	yes	616	script_616.mary	13	SetEntityFacing	1	medium	no	SetEntityFacing(35, 0)
35	yes	617	script_617.mary	32	Proc080	1	medium	no	Proc080(35, -10)
35	yes	617	script_617.mary	48	Proc08D	1	medium	no	Proc08D(35)
35	yes	617	script_617.mary	55	Proc080	1	medium	no	Proc080(35, -10)
35	yes	617	script_617.mary	71	Proc08D	1	medium	no	Proc08D(35)
35	yes	617	script_617.mary	78	Proc080	1	medium	no	Proc080(35, 20)
35	yes	617	script_617.mary	122	Proc08D	1	medium	no	Proc08D(35)
35	yes	618	script_618.mary	21	SetEntityAnim	1	medium	no	SetEntityAnim(35, 615)
35	yes	618	script_618.mary	25	SetEntityAnim	1	medium	no	SetEntityAnim(35, 619)
35	yes	618	script_618.mary	32	Proc08C	1	medium	no	Proc08C(35, 619)
35	yes	619	script_619.mary	8	Proc02D	1	medium	no	Proc02D(35)
35	yes	619	script_619.mary	12	Proc083	1	medium	no	Proc083(35)
35	yes	619	script_619.mary	13	SetEntityFacing	1	medium	no	SetEntityFacing(35, 0)
35	yes	620	script_620.mary	32	Proc080	1	medium	no	Proc080(35, -10)
35	yes	620	script_620.mary	48	Proc08D	1	medium	no	Proc08D(35)
35	yes	620	script_620.mary	55	Proc080	1	medium	no	Proc080(35, -10)
35	yes	620	script_620.mary	71	Proc08D	1	medium	no	Proc08D(35)
35	yes	620	script_620.mary	78	Proc080	1	medium	no	Proc080(35, 20)
35	yes	620	script_620.mary	122	Proc08D	1	medium	no	Proc08D(35)
35	yes	621	script_621.mary	21	SetEntityAnim	1	medium	no	SetEntityAnim(35, 615)
35	yes	621	script_621.mary	25	SetEntityAnim	1	medium	no	SetEntityAnim(35, 619)
35	yes	621	script_621.mary	32	Proc08C	1	medium	no	Proc08C(35, 622)
35	yes	622	script_622.mary	8	Proc02D	1	medium	no	Proc02D(35)
35	yes	622	script_622.mary	12	Proc083	1	medium	no	Proc083(35)
35	yes	622	script_622.mary	13	SetEntityFacing	1	medium	no	SetEntityFacing(35, 0)
35	yes	623	script_623.mary	32	Proc080	1	medium	no	Proc080(35, -10)
35	yes	623	script_623.mary	48	Proc08D	1	medium	no	Proc08D(35)
35	yes	623	script_623.mary	55	Proc080	1	medium	no	Proc080(35, -10)
35	yes	623	script_623.mary	71	Proc08D	1	medium	no	Proc08D(35)
35	yes	623	script_623.mary	78	Proc080	1	medium	no	Proc080(35, 20)
35	yes	623	script_623.mary	122	Proc08D	1	medium	no	Proc08D(35)
35	yes	624	script_624.mary	25	SetEntityAnim	1	medium	no	SetEntityAnim(35, 615)
35	yes	624	script_624.mary	29	SetEntityAnim	1	medium	no	SetEntityAnim(35, 619)
35	yes	624	script_624.mary	35	SetEntityAnim	1	medium	no	SetEntityAnim(35, 12)
35	yes	624	script_624.mary	45	Proc08C	1	medium	no	Proc08C(35, 626)
35	yes	625	script_625.mary	121	Proc080	1	medium	no	Proc080(35, -10)
35	yes	625	script_625.mary	137	Proc08D	1	medium	no	Proc08D(35)
35	yes	625	script_625.mary	144	Proc080	1	medium	no	Proc080(35, 20)
35	yes	625	script_625.mary	177	Proc08D	1	medium	no	Proc08D(35)
35	yes	625	script_625.mary	184	Proc080	1	medium	no	Proc080(35, -10)
35	yes	625	script_625.mary	200	Proc08D	1	medium	no	Proc08D(35)
35	yes	626	script_626.mary	12	Proc02D	1	medium	no	Proc02D(35)
35	yes	626	script_626.mary	16	Proc083	1	medium	no	Proc083(35)
35	yes	626	script_626.mary	17	SetEntityFacing	1	medium	no	SetEntityFacing(35, 0)
35	yes	627	script_627.mary	25	SetEntityAnim	1	medium	no	SetEntityAnim(35, 615)
35	yes	627	script_627.mary	29	SetEntityAnim	1	medium	no	SetEntityAnim(35, 619)
35	yes	627	script_627.mary	35	SetEntityAnim	1	medium	no	SetEntityAnim(35, 12)
35	yes	627	script_627.mary	45	Proc08C	1	medium	no	Proc08C(35, 628)
35	yes	628	script_628.mary	12	Proc02D	1	medium	no	Proc02D(35)
35	yes	628	script_628.mary	16	Proc083	1	medium	no	Proc083(35)
35	yes	628	script_628.mary	17	SetEntityFacing	1	medium	no	SetEntityFacing(35, 0)
35	yes	629	script_629.mary	121	Proc080	1	medium	no	Proc080(35, -10)
35	yes	629	script_629.mary	137	Proc08D	1	medium	no	Proc08D(35)
35	yes	629	script_629.mary	144	Proc080	1	medium	no	Proc080(35, 20)
35	yes	629	script_629.mary	177	Proc08D	1	medium	no	Proc08D(35)
35	yes	629	script_629.mary	184	Proc080	1	medium	no	Proc080(35, -10)
35	yes	629	script_629.mary	200	Proc08D	1	medium	no	Proc08D(35)
35	yes	630	script_630.mary	25	SetEntityAnim	1	medium	no	SetEntityAnim(35, 615)
35	yes	630	script_630.mary	29	SetEntityAnim	1	medium	no	SetEntityAnim(35, 619)
35	yes	630	script_630.mary	35	SetEntityAnim	1	medium	no	SetEntityAnim(35, 12)
35	yes	630	script_630.mary	45	Proc08C	1	medium	no	Proc08C(35, 631)
35	yes	631	script_631.mary	12	Proc02D	1	medium	no	Proc02D(35)
35	yes	631	script_631.mary	16	Proc083	1	medium	no	Proc083(35)
35	yes	631	script_631.mary	17	SetEntityFacing	1	medium	no	SetEntityFacing(35, 0)
35	yes	632	script_632.mary	121	Proc080	1	medium	no	Proc080(35, -10)
35	yes	632	script_632.mary	137	Proc08D	1	medium	no	Proc08D(35)
35	yes	632	script_632.mary	144	Proc080	1	medium	no	Proc080(35, 20)
35	yes	632	script_632.mary	177	Proc08D	1	medium	no	Proc08D(35)
35	yes	632	script_632.mary	184	Proc080	1	medium	no	Proc080(35, -10)
35	yes	632	script_632.mary	200	Proc08D	1	medium	no	Proc08D(35)
35	yes	633	script_633.mary	25	SetEntityAnim	1	medium	no	SetEntityAnim(35, 615)
35	yes	633	script_633.mary	29	SetEntityAnim	1	medium	no	SetEntityAnim(35, 619)
35	yes	633	script_633.mary	35	SetEntityAnim	1	medium	no	SetEntityAnim(35, 12)
35	yes	633	script_633.mary	45	Proc08C	1	medium	no	Proc08C(35, 634)
35	yes	634	script_634.mary	12	Proc02D	1	medium	no	Proc02D(35)
35	yes	634	script_634.mary	16	Proc083	1	medium	no	Proc083(35)
35	yes	634	script_634.mary	17	SetEntityFacing	1	medium	no	SetEntityFacing(35, 0)
35	yes	635	script_635.mary	121	Proc080	1	medium	no	Proc080(35, -10)
35	yes	635	script_635.mary	137	Proc08D	1	medium	no	Proc08D(35)
35	yes	635	script_635.mary	144	Proc080	1	medium	no	Proc080(35, 20)
35	yes	635	script_635.mary	177	Proc08D	1	medium	no	Proc08D(35)
35	yes	635	script_635.mary	184	Proc080	1	medium	no	Proc080(35, -10)
35	yes	635	script_635.mary	200	Proc08D	1	medium	no	Proc08D(35)
35	yes	636	script_636.mary	25	SetEntityAnim	1	medium	no	SetEntityAnim(35, 615)
35	yes	636	script_636.mary	29	SetEntityAnim	1	medium	no	SetEntityAnim(35, 619)
35	yes	636	script_636.mary	35	SetEntityAnim	1	medium	no	SetEntityAnim(35, 12)
35	yes	636	script_636.mary	45	Proc08C	1	medium	no	Proc08C(35, 637)
35	yes	637	script_637.mary	12	Proc02D	1	medium	no	Proc02D(35)
35	yes	637	script_637.mary	16	Proc083	1	medium	no	Proc083(35)
35	yes	637	script_637.mary	17	SetEntityFacing	1	medium	no	SetEntityFacing(35, 0)
35	yes	638	script_638.mary	121	Proc080	1	medium	no	Proc080(35, -10)
35	yes	638	script_638.mary	137	Proc08D	1	medium	no	Proc08D(35)
35	yes	638	script_638.mary	144	Proc080	1	medium	no	Proc080(35, 20)
35	yes	638	script_638.mary	177	Proc08D	1	medium	no	Proc08D(35)
35	yes	638	script_638.mary	184	Proc080	1	medium	no	Proc080(35, -10)
35	yes	638	script_638.mary	200	Proc08D	1	medium	no	Proc08D(35)
35	yes	639	script_639.mary	25	SetEntityAnim	1	medium	no	SetEntityAnim(35, 615)
35	yes	639	script_639.mary	29	SetEntityAnim	1	medium	no	SetEntityAnim(35, 619)
35	yes	639	script_639.mary	35	SetEntityAnim	1	medium	no	SetEntityAnim(35, 12)
35	yes	639	script_639.mary	45	Proc08C	1	medium	no	Proc08C(35, 641)
35	yes	640	script_640.mary	121	Proc080	1	medium	no	Proc080(35, 20)
35	yes	640	script_640.mary	154	Proc08D	1	medium	no	Proc08D(35)
35	yes	640	script_640.mary	161	Proc080	1	medium	no	Proc080(35, -10)
35	yes	640	script_640.mary	177	Proc08D	1	medium	no	Proc08D(35)
35	yes	640	script_640.mary	184	Proc080	1	medium	no	Proc080(35, -10)
35	yes	640	script_640.mary	200	Proc08D	1	medium	no	Proc08D(35)
35	yes	641	script_641.mary	12	Proc02D	1	medium	no	Proc02D(35)
35	yes	641	script_641.mary	16	Proc083	1	medium	no	Proc083(35)
35	yes	641	script_641.mary	17	SetEntityFacing	1	medium	no	SetEntityFacing(35, 0)
35	yes	642	script_642.mary	25	SetEntityAnim	1	medium	no	SetEntityAnim(35, 615)
35	yes	642	script_642.mary	29	SetEntityAnim	1	medium	no	SetEntityAnim(35, 619)
35	yes	642	script_642.mary	35	SetEntityAnim	1	medium	no	SetEntityAnim(35, 12)
35	yes	642	script_642.mary	45	Proc08C	1	medium	no	Proc08C(35, 643)
35	yes	643	script_643.mary	12	Proc02D	1	medium	no	Proc02D(35)
35	yes	643	script_643.mary	16	Proc083	1	medium	no	Proc083(35)
35	yes	643	script_643.mary	17	SetEntityFacing	1	medium	no	SetEntityFacing(35, 0)
35	yes	644	script_644.mary	121	Proc080	1	medium	no	Proc080(35, 20)
35	yes	644	script_644.mary	154	Proc08D	1	medium	no	Proc08D(35)
35	yes	644	script_644.mary	161	Proc080	1	medium	no	Proc080(35, -10)
35	yes	644	script_644.mary	177	Proc08D	1	medium	no	Proc08D(35)
35	yes	644	script_644.mary	184	Proc080	1	medium	no	Proc080(35, -10)
35	yes	644	script_644.mary	200	Proc08D	1	medium	no	Proc08D(35)
35	yes	645	script_645.mary	25	SetEntityAnim	1	medium	no	SetEntityAnim(35, 615)
35	yes	645	script_645.mary	29	SetEntityAnim	1	medium	no	SetEntityAnim(35, 619)
35	yes	645	script_645.mary	35	SetEntityAnim	1	medium	no	SetEntityAnim(35, 12)
35	yes	645	script_645.mary	45	Proc08C	1	medium	no	Proc08C(35, 646)
35	yes	646	script_646.mary	12	Proc02D	1	medium	no	Proc02D(35)
35	yes	646	script_646.mary	16	Proc083	1	medium	no	Proc083(35)
35	yes	646	script_646.mary	17	SetEntityFacing	1	medium	no	SetEntityFacing(35, 0)
35	yes	647	script_647.mary	121	Proc080	1	medium	no	Proc080(35, 20)
35	yes	647	script_647.mary	154	Proc08D	1	medium	no	Proc08D(35)
35	yes	647	script_647.mary	161	Proc080	1	medium	no	Proc080(35, -10)
35	yes	647	script_647.mary	177	Proc08D	1	medium	no	Proc08D(35)
35	yes	647	script_647.mary	184	Proc080	1	medium	no	Proc080(35, -10)
35	yes	647	script_647.mary	200	Proc08D	1	medium	no	Proc08D(35)
35	yes	648	script_648.mary	25	SetEntityAnim	1	medium	no	SetEntityAnim(35, 615)
35	yes	648	script_648.mary	29	SetEntityAnim	1	medium	no	SetEntityAnim(35, 619)
35	yes	648	script_648.mary	35	SetEntityAnim	1	medium	no	SetEntityAnim(35, 12)
35	yes	648	script_648.mary	45	Proc08C	1	medium	no	Proc08C(35, 649)
35	yes	649	script_649.mary	12	Proc02D	1	medium	no	Proc02D(35)
35	yes	649	script_649.mary	16	Proc083	1	medium	no	Proc083(35)
35	yes	649	script_649.mary	17	SetEntityFacing	1	medium	no	SetEntityFacing(35, 0)
35	yes	650	script_650.mary	121	Proc080	1	medium	no	Proc080(35, 20)
35	yes	650	script_650.mary	154	Proc08D	1	medium	no	Proc08D(35)
35	yes	650	script_650.mary	161	Proc080	1	medium	no	Proc080(35, -10)
35	yes	650	script_650.mary	177	Proc08D	1	medium	no	Proc08D(35)
35	yes	650	script_650.mary	184	Proc080	1	medium	no	Proc080(35, -10)
35	yes	650	script_650.mary	200	Proc08D	1	medium	no	Proc08D(35)
35	yes	651	script_651.mary	25	SetEntityAnim	1	medium	no	SetEntityAnim(35, 615)
35	yes	651	script_651.mary	29	SetEntityAnim	1	medium	no	SetEntityAnim(35, 619)
35	yes	651	script_651.mary	35	SetEntityAnim	1	medium	no	SetEntityAnim(35, 12)
35	yes	651	script_651.mary	45	Proc08C	1	medium	no	Proc08C(35, 652)
35	yes	652	script_652.mary	12	Proc02D	1	medium	no	Proc02D(35)
35	yes	652	script_652.mary	16	Proc083	1	medium	no	Proc083(35)
35	yes	652	script_652.mary	17	SetEntityFacing	1	medium	no	SetEntityFacing(35, 0)
35	yes	653	script_653.mary	121	Proc080	1	medium	no	Proc080(35, 20)
35	yes	653	script_653.mary	154	Proc08D	1	medium	no	Proc08D(35)
35	yes	653	script_653.mary	161	Proc080	1	medium	no	Proc080(35, -10)
35	yes	653	script_653.mary	177	Proc08D	1	medium	no	Proc08D(35)
35	yes	653	script_653.mary	184	Proc080	1	medium	no	Proc080(35, -10)
35	yes	653	script_653.mary	200	Proc08D	1	medium	no	Proc08D(35)
35	yes	654	script_654.mary	73	Proc030	1	medium	no	Proc030(35)
35	yes	655	script_655.mary	73	Proc030	1	medium	no	Proc030(35)
35	yes	656	script_656.mary	71	Proc030	1	medium	no	Proc030(35)
35	yes	657	script_657.mary	73	Proc030	1	medium	no	Proc030(35)
35	yes	658	script_658.mary	73	Proc030	1	medium	no	Proc030(35)
35	yes	659	script_659.mary	213	SetEntityAnim	1	medium	no	SetEntityAnim(35, 8)
35	yes	660	script_660.mary	213	SetEntityAnim	1	medium	no	SetEntityAnim(35, 8)
35	yes	661	script_661.mary	212	SetEntityAnim	1	medium	no	SetEntityAnim(35, 8)
35	yes	662	script_662.mary	213	SetEntityAnim	1	medium	no	SetEntityAnim(35, 8)
35	yes	663	script_663.mary	213	SetEntityAnim	1	medium	no	SetEntityAnim(35, 8)
35	yes	664	script_664.mary	25	SetEntityAnim	1	medium	no	SetEntityAnim(35, 615)
35	yes	664	script_664.mary	41	Proc02D	1	medium	no	Proc02D(35)
35	yes	664	script_664.mary	49	SetEntityAnim	1	medium	no	SetEntityAnim(35, 623)
35	yes	664	script_664.mary	50	Proc008	1	medium	no	Proc008(35, 245, 1)
35	yes	664	script_664.mary	51	Proc00C	1	medium	no	Proc00C(35)
35	yes	664	script_664.mary	52	SetEntityAnim	1	medium	no	SetEntityAnim(35, 615)
35	yes	664	script_664.mary	83	Proc083	1	medium	no	Proc083(35)
35	yes	664	script_664.mary	85	Proc080	1	medium	no	Proc080(35, 20)
35	yes	664	script_664.mary	89	Proc08C	1	medium	no	Proc08C(35, 666)
35	yes	666	script_666.mary	8	Proc02D	1	medium	no	Proc02D(35)
35	yes	666	script_666.mary	12	Proc083	1	medium	no	Proc083(35)
35	yes	666	script_666.mary	13	SetEntityFacing	1	medium	no	SetEntityFacing(35, 3)
35	yes	667	script_667.mary	25	SetEntityAnim	1	medium	no	SetEntityAnim(35, 615)
35	yes	667	script_667.mary	41	Proc02D	1	medium	no	Proc02D(35)
35	yes	667	script_667.mary	49	SetEntityAnim	1	medium	no	SetEntityAnim(35, 623)
35	yes	667	script_667.mary	50	Proc008	1	medium	no	Proc008(35, 245, 1)
35	yes	667	script_667.mary	51	Proc00C	1	medium	no	Proc00C(35)
35	yes	667	script_667.mary	52	SetEntityAnim	1	medium	no	SetEntityAnim(35, 615)
35	yes	667	script_667.mary	83	Proc083	1	medium	no	Proc083(35)
35	yes	667	script_667.mary	85	Proc080	1	medium	no	Proc080(35, 20)
35	yes	667	script_667.mary	89	Proc08C	1	medium	no	Proc08C(35, 668)
35	yes	668	script_668.mary	8	Proc02D	1	medium	no	Proc02D(35)
35	yes	668	script_668.mary	12	Proc083	1	medium	no	Proc083(35)
35	yes	668	script_668.mary	13	SetEntityFacing	1	medium	no	SetEntityFacing(35, 3)
35	yes	670	script_670.mary	25	SetEntityAnim	1	medium	no	SetEntityAnim(35, 615)
35	yes	670	script_670.mary	41	Proc02D	1	medium	no	Proc02D(35)
35	yes	670	script_670.mary	49	SetEntityAnim	1	medium	no	SetEntityAnim(35, 623)
35	yes	670	script_670.mary	50	Proc008	1	medium	no	Proc008(35, 245, 1)
35	yes	670	script_670.mary	51	Proc00C	1	medium	no	Proc00C(35)
35	yes	670	script_670.mary	52	SetEntityAnim	1	medium	no	SetEntityAnim(35, 615)
35	yes	670	script_670.mary	83	Proc083	1	medium	no	Proc083(35)
35	yes	670	script_670.mary	85	Proc080	1	medium	no	Proc080(35, 20)
35	yes	670	script_670.mary	89	Proc08C	1	medium	no	Proc08C(35, 671)
35	yes	671	script_671.mary	8	Proc02D	1	medium	no	Proc02D(35)
35	yes	671	script_671.mary	12	Proc083	1	medium	no	Proc083(35)
35	yes	671	script_671.mary	13	SetEntityFacing	1	medium	no	SetEntityFacing(35, 3)
35	yes	673	script_673.mary	25	SetEntityAnim	1	medium	no	SetEntityAnim(35, 615)
35	yes	673	script_673.mary	41	Proc02D	1	medium	no	Proc02D(35)
35	yes	673	script_673.mary	49	SetEntityAnim	1	medium	no	SetEntityAnim(35, 623)
35	yes	673	script_673.mary	50	Proc008	1	medium	no	Proc008(35, 245, 1)
35	yes	673	script_673.mary	51	Proc00C	1	medium	no	Proc00C(35)
35	yes	673	script_673.mary	52	SetEntityAnim	1	medium	no	SetEntityAnim(35, 615)
35	yes	673	script_673.mary	83	Proc083	1	medium	no	Proc083(35)
35	yes	673	script_673.mary	85	Proc080	1	medium	no	Proc080(35, 20)
35	yes	673	script_673.mary	89	Proc08C	1	medium	no	Proc08C(35, 674)
35	yes	674	script_674.mary	8	Proc02D	1	medium	no	Proc02D(35)
35	yes	674	script_674.mary	12	Proc083	1	medium	no	Proc083(35)
35	yes	674	script_674.mary	13	SetEntityFacing	1	medium	no	SetEntityFacing(35, 3)
35	yes	676	script_676.mary	25	SetEntityAnim	1	medium	no	SetEntityAnim(35, 615)
35	yes	676	script_676.mary	41	Proc02D	1	medium	no	Proc02D(35)
35	yes	676	script_676.mary	49	SetEntityAnim	1	medium	no	SetEntityAnim(35, 623)
35	yes	676	script_676.mary	50	Proc008	1	medium	no	Proc008(35, 245, 1)
35	yes	676	script_676.mary	51	Proc00C	1	medium	no	Proc00C(35)
35	yes	676	script_676.mary	52	SetEntityAnim	1	medium	no	SetEntityAnim(35, 615)
35	yes	676	script_676.mary	83	Proc083	1	medium	no	Proc083(35)
35	yes	676	script_676.mary	85	Proc080	1	medium	no	Proc080(35, 20)
35	yes	676	script_676.mary	89	Proc08C	1	medium	no	Proc08C(35, 677)
35	yes	677	script_677.mary	8	Proc02D	1	medium	no	Proc02D(35)
35	yes	677	script_677.mary	12	Proc083	1	medium	no	Proc083(35)
35	yes	677	script_677.mary	13	SetEntityFacing	1	medium	no	SetEntityFacing(35, 3)
35	yes	684	script_684.mary	34	SetEntityAnim	1	medium	no	SetEntityAnim(35, 615)
35	yes	684	script_684.mary	38	SetEntityAnim	1	medium	no	SetEntityAnim(35, 619)
35	yes	684	script_684.mary	56	Proc02D	1	medium	no	Proc02D(35)
35	yes	684	script_684.mary	67	Proc080	1	medium	no	Proc080(35, -10)
35	yes	684	script_684.mary	83	Proc083	1	medium	no	Proc083(35)
35	yes	684	script_684.mary	91	Proc080	1	medium	no	Proc080(35, 20)
35	yes	684	script_684.mary	113	SetEntityAnim	1	medium	no	SetEntityAnim(35, 615)
35	yes	684	script_684.mary	117	SetEntityAnim	1	medium	no	SetEntityAnim(35, 619)
35	yes	684	script_684.mary	121	Proc030	1	medium	no	Proc030(35)
35	yes	684	script_684.mary	131	Proc030	1	medium	no	Proc030(35)
35	yes	684	script_684.mary	141	Proc02D	1	medium	no	Proc02D(35)
35	yes	684	script_684.mary	146	Proc083	1	medium	no	Proc083(35)
35	yes	685	script_685.mary	34	SetEntityAnim	1	medium	no	SetEntityAnim(35, 615)
35	yes	685	script_685.mary	38	SetEntityAnim	1	medium	no	SetEntityAnim(35, 619)
35	yes	685	script_685.mary	56	Proc02D	1	medium	no	Proc02D(35)
35	yes	685	script_685.mary	67	Proc080	1	medium	no	Proc080(35, -10)
35	yes	685	script_685.mary	83	Proc083	1	medium	no	Proc083(35)
35	yes	685	script_685.mary	91	Proc080	1	medium	no	Proc080(35, 20)
35	yes	685	script_685.mary	113	SetEntityAnim	1	medium	no	SetEntityAnim(35, 615)
35	yes	685	script_685.mary	117	SetEntityAnim	1	medium	no	SetEntityAnim(35, 619)
35	yes	685	script_685.mary	121	Proc030	1	medium	no	Proc030(35)
35	yes	685	script_685.mary	131	Proc030	1	medium	no	Proc030(35)
35	yes	685	script_685.mary	141	Proc02D	1	medium	no	Proc02D(35)
35	yes	685	script_685.mary	146	Proc083	1	medium	no	Proc083(35)
35	yes	686	script_686.mary	34	SetEntityAnim	1	medium	no	SetEntityAnim(35, 615)
35	yes	686	script_686.mary	38	SetEntityAnim	1	medium	no	SetEntityAnim(35, 619)
35	yes	686	script_686.mary	56	Proc02D	1	medium	no	Proc02D(35)
35	yes	686	script_686.mary	67	Proc080	1	medium	no	Proc080(35, -10)
35	yes	686	script_686.mary	83	Proc083	1	medium	no	Proc083(35)
35	yes	686	script_686.mary	91	Proc080	1	medium	no	Proc080(35, 20)
35	yes	686	script_686.mary	113	SetEntityAnim	1	medium	no	SetEntityAnim(35, 615)
35	yes	686	script_686.mary	117	SetEntityAnim	1	medium	no	SetEntityAnim(35, 619)
35	yes	686	script_686.mary	121	Proc030	1	medium	no	Proc030(35)
35	yes	686	script_686.mary	131	Proc030	1	medium	no	Proc030(35)
35	yes	686	script_686.mary	141	Proc02D	1	medium	no	Proc02D(35)
35	yes	686	script_686.mary	146	Proc083	1	medium	no	Proc083(35)
35	yes	687	script_687.mary	34	SetEntityAnim	1	medium	no	SetEntityAnim(35, 615)
35	yes	687	script_687.mary	38	SetEntityAnim	1	medium	no	SetEntityAnim(35, 619)
35	yes	687	script_687.mary	56	Proc02D	1	medium	no	Proc02D(35)
35	yes	687	script_687.mary	67	Proc080	1	medium	no	Proc080(35, -10)
35	yes	687	script_687.mary	83	Proc083	1	medium	no	Proc083(35)
35	yes	687	script_687.mary	91	Proc080	1	medium	no	Proc080(35, 20)
35	yes	687	script_687.mary	113	SetEntityAnim	1	medium	no	SetEntityAnim(35, 615)
35	yes	687	script_687.mary	117	SetEntityAnim	1	medium	no	SetEntityAnim(35, 619)
35	yes	687	script_687.mary	121	Proc030	1	medium	no	Proc030(35)
35	yes	687	script_687.mary	131	Proc030	1	medium	no	Proc030(35)
35	yes	687	script_687.mary	141	Proc02D	1	medium	no	Proc02D(35)
35	yes	687	script_687.mary	146	Proc083	1	medium	no	Proc083(35)
35	yes	688	script_688.mary	34	SetEntityAnim	1	medium	no	SetEntityAnim(35, 615)
35	yes	688	script_688.mary	38	SetEntityAnim	1	medium	no	SetEntityAnim(35, 619)
35	yes	688	script_688.mary	56	Proc02D	1	medium	no	Proc02D(35)
35	yes	688	script_688.mary	67	Proc080	1	medium	no	Proc080(35, -10)
35	yes	688	script_688.mary	83	Proc083	1	medium	no	Proc083(35)
35	yes	688	script_688.mary	91	Proc080	1	medium	no	Proc080(35, 20)
35	yes	688	script_688.mary	113	SetEntityAnim	1	medium	no	SetEntityAnim(35, 615)
35	yes	688	script_688.mary	117	SetEntityAnim	1	medium	no	SetEntityAnim(35, 619)
35	yes	688	script_688.mary	121	Proc030	1	medium	no	Proc030(35)
35	yes	688	script_688.mary	131	Proc030	1	medium	no	Proc030(35)
35	yes	688	script_688.mary	141	Proc02D	1	medium	no	Proc02D(35)
35	yes	688	script_688.mary	146	Proc083	1	medium	no	Proc083(35)
35	yes	694	script_694.mary	89	Proc030	1	medium	no	Proc030(35)
35	yes	767	script_767.mary	51	Proc030	1	medium	no	Proc030(35)
35	yes	768	script_768.mary	14	Proc030	1	medium	no	Proc030(35)
35	yes	769	script_769.mary	70	Proc030	1	medium	no	Proc030(35)
35	yes	769	script_769.mary	112	Proc030	1	medium	no	Proc030(35)
35	yes	769	script_769.mary	122	Proc030	1	medium	no	Proc030(35)
35	yes	773	script_773.mary	42	Proc030	1	medium	no	Proc030(35)
35	yes	773	script_773.mary	86	Proc030	1	medium	no	Proc030(35)
35	yes	773	script_773.mary	136	Proc030	1	medium	no	Proc030(35)
35	yes	773	script_773.mary	164	Proc030	1	medium	no	Proc030(35)
35	yes	774	script_774.mary	10	Proc030	1	medium	no	Proc030(35)
35	yes	776	script_776.mary	172	Proc030	1	medium	no	Proc030(35)
35	yes	776	script_776.mary	217	Proc030	1	medium	no	Proc030(35)
35	yes	781	script_781.mary	110	Proc030	1	medium	no	Proc030(35)
35	yes	781	script_781.mary	134	Proc030	1	medium	no	Proc030(35)
35	yes	819	script_819.mary	486	Proc080	1	medium	no	Proc080(35, -10)
35	yes	821	script_821.mary	80	Proc080	1	medium	no	Proc080(35, 10)
35	yes	849	script_849.mary	33	SetEntityAnim	1	medium	no	SetEntityAnim(35, 615)
35	yes	849	script_849.mary	37	SetEntityAnim	1	medium	no	SetEntityAnim(35, 619)
35	yes	849	script_849.mary	43	SetEntityAnim	1	medium	no	SetEntityAnim(35, 12)
35	yes	849	script_849.mary	150	Proc08C	1	medium	no	Proc08C(35, 850)
35	yes	850	script_850.mary	12	Proc02D	1	medium	no	Proc02D(35)
35	yes	850	script_850.mary	16	Proc083	1	medium	no	Proc083(35)
35	yes	850	script_850.mary	17	SetEntityFacing	1	medium	no	SetEntityFacing(35, 0)
35	yes	851	script_851.mary	40	Proc08D	1	medium	no	Proc08D(35)
35	yes	852	script_852.mary	25	SetEntityAnim	1	medium	no	SetEntityAnim(35, 615)
35	yes	852	script_852.mary	29	SetEntityAnim	1	medium	no	SetEntityAnim(35, 619)
35	yes	852	script_852.mary	35	SetEntityAnim	1	medium	no	SetEntityAnim(35, 12)
35	yes	853	script_853.mary	21	SetEntityAnim	1	medium	no	SetEntityAnim(35, 615)
35	yes	853	script_853.mary	25	SetEntityAnim	1	medium	no	SetEntityAnim(35, 619)
35	yes	853	script_853.mary	32	Proc08C	1	medium	no	Proc08C(35, 854)
35	yes	854	script_854.mary	8	Proc02D	1	medium	no	Proc02D(35)
35	yes	854	script_854.mary	12	Proc083	1	medium	no	Proc083(35)
35	yes	854	script_854.mary	13	SetEntityFacing	1	medium	no	SetEntityFacing(35, 0)
35	yes	855	script_855.mary	30	Proc080	1	medium	no	Proc080(35, -10)
35	yes	855	script_855.mary	58	Proc08D	1	medium	no	Proc08D(35)
35	yes	855	script_855.mary	65	Proc080	1	medium	no	Proc080(35, -10)
35	yes	855	script_855.mary	93	Proc08D	1	medium	no	Proc08D(35)
35	yes	855	script_855.mary	100	Proc080	1	medium	no	Proc080(35, 20)
35	yes	855	script_855.mary	142	Proc08D	1	medium	no	Proc08D(35)
35	yes	856	script_856.mary	25	SetEntityAnim	1	medium	no	SetEntityAnim(35, 615)
35	yes	856	script_856.mary	29	SetEntityAnim	1	medium	no	SetEntityAnim(35, 619)
35	yes	856	script_856.mary	35	SetEntityAnim	1	medium	no	SetEntityAnim(35, 12)
35	yes	856	script_856.mary	45	Proc08C	1	medium	no	Proc08C(35, 857)
35	yes	857	script_857.mary	12	Proc02D	1	medium	no	Proc02D(35)
35	yes	857	script_857.mary	16	Proc083	1	medium	no	Proc083(35)
35	yes	857	script_857.mary	17	SetEntityFacing	1	medium	no	SetEntityFacing(35, 0)
35	yes	858	script_858.mary	142	Proc080	1	medium	no	Proc080(35, -10)
35	yes	858	script_858.mary	170	Proc08D	1	medium	no	Proc08D(35)
35	yes	858	script_858.mary	177	Proc080	1	medium	no	Proc080(35, 20)
35	yes	858	script_858.mary	209	Proc08D	1	medium	no	Proc08D(35)
35	yes	858	script_858.mary	216	Proc080	1	medium	no	Proc080(35, -10)
35	yes	858	script_858.mary	244	Proc08D	1	medium	no	Proc08D(35)
35	yes	859	script_859.mary	25	SetEntityAnim	1	medium	no	SetEntityAnim(35, 615)
35	yes	859	script_859.mary	29	SetEntityAnim	1	medium	no	SetEntityAnim(35, 619)
35	yes	859	script_859.mary	35	SetEntityAnim	1	medium	no	SetEntityAnim(35, 12)
35	yes	859	script_859.mary	45	Proc08C	1	medium	no	Proc08C(35, 860)
35	yes	860	script_860.mary	12	Proc02D	1	medium	no	Proc02D(35)
35	yes	860	script_860.mary	16	Proc083	1	medium	no	Proc083(35)
35	yes	860	script_860.mary	17	SetEntityFacing	1	medium	no	SetEntityFacing(35, 0)
35	yes	861	script_861.mary	142	Proc080	1	medium	no	Proc080(35, 20)
35	yes	861	script_861.mary	174	Proc08D	1	medium	no	Proc08D(35)
35	yes	861	script_861.mary	181	Proc080	1	medium	no	Proc080(35, -10)
35	yes	861	script_861.mary	209	Proc08D	1	medium	no	Proc08D(35)
35	yes	861	script_861.mary	216	Proc080	1	medium	no	Proc080(35, -10)
35	yes	861	script_861.mary	244	Proc08D	1	medium	no	Proc08D(35)
35	yes	863	script_863.mary	23	SetEntityAnim	1	medium	no	SetEntityAnim(35, 8)
35	yes	864	script_864.mary	23	SetEntityAnim	1	medium	no	SetEntityAnim(35, 619)
35	yes	864	script_864.mary	54	GetEntityX	1	medium	no	SetEntityPosition(70, GetEntityX(35), GetEntityY(35) + 2, 0)
35	yes	864	script_864.mary	54	GetEntityY	1	medium	no	SetEntityPosition(70, GetEntityX(35), GetEntityY(35) + 2, 0)
35	yes	864	script_864.mary	61	SetEntityAnim	1	medium	no	SetEntityAnim(35, 615)
35	yes	864	script_864.mary	71	SetEntityFacing	1	medium	no	SetEntityFacing(35, 0)
35	yes	864	script_864.mary	73	Proc02D	1	medium	no	Proc02D(35)
35	yes	864	script_864.mary	95	Proc083	1	medium	no	Proc083(35)
35	yes	864	script_864.mary	97	Proc080	1	medium	no	Proc080(35, 20)
35	yes	864	script_864.mary	101	Proc08C	1	medium	no	Proc08C(35, 865)
35	yes	865	script_865.mary	8	Proc02D	1	medium	no	Proc02D(35)
35	yes	865	script_865.mary	12	Proc083	1	medium	no	Proc083(35)
35	yes	865	script_865.mary	13	SetEntityFacing	1	medium	no	SetEntityFacing(35, 0)
35	yes	866	script_866.mary	29	SetEntityAnim	1	medium	no	SetEntityAnim(35, 615)
35	yes	866	script_866.mary	33	SetEntityAnim	1	medium	no	SetEntityAnim(35, 619)
35	yes	866	script_866.mary	50	Proc02D	1	medium	no	Proc02D(35)
35	yes	866	script_866.mary	83	GetEntityX	1	medium	no	SetEntityPosition(70, GetEntityX(35), GetEntityY(35) + 2, 0)
35	yes	866	script_866.mary	83	GetEntityY	1	medium	no	SetEntityPosition(70, GetEntityX(35), GetEntityY(35) + 2, 0)
35	yes	866	script_866.mary	99	SetEntityFacing	1	medium	no	SetEntityFacing(35, 0)
35	yes	866	script_866.mary	102	Proc02D	1	medium	no	Proc02D(35)
35	yes	866	script_866.mary	124	Proc083	1	medium	no	Proc083(35)
35	yes	944	script_944.mary	37	Proc030	1	medium	no	Proc030(35)
35	yes	944	script_944.mary	61	Proc030	1	medium	no	Proc030(35)
35	yes	944	script_944.mary	75	Proc030	1	medium	no	Proc030(35)
35	yes	944	script_944.mary	85	Proc030	1	medium	no	Proc030(35)
35	yes	947	script_947.mary	69	Proc030	1	medium	no	Proc030(35)
35	yes	947	script_947.mary	79	Proc030	1	medium	no	Proc030(35)
35	yes	947	script_947.mary	129	Proc030	1	medium	no	Proc030(35)
35	yes	950	script_950.mary	44	Proc030	1	medium	no	Proc030(35)
35	yes	950	script_950.mary	66	Proc030	1	medium	no	Proc030(35)
35	yes	950	script_950.mary	84	Proc030	1	medium	no	Proc030(35)
35	yes	951	script_951.mary	8	Proc030	1	medium	no	Proc030(35)
35	yes	953	script_953.mary	49	Proc030	1	medium	no	Proc030(35)
35	yes	953	script_953.mary	71	Proc030	1	medium	no	Proc030(35)
35	yes	953	script_953.mary	83	Proc030	1	medium	no	Proc030(35)
35	yes	953	script_953.mary	93	Proc030	1	medium	no	Proc030(35)
35	yes	953	script_953.mary	105	Proc030	1	medium	no	Proc030(35)
35	yes	956	script_956.mary	25	Proc030	1	medium	no	Proc030(35)
35	yes	982	script_982.mary	789	Proc08D	1	medium	no	Proc08D(35)
35	yes	982	script_982.mary	820	Proc08D	1	medium	no	Proc08D(35)
35	yes	982	script_982.mary	851	Proc08D	1	medium	no	Proc08D(35)
35	yes	982	script_982.mary	882	Proc08D	1	medium	no	Proc08D(35)
35	yes	982	script_982.mary	913	Proc08D	1	medium	no	Proc08D(35)
35	yes	982	script_982.mary	940	Proc08D	1	medium	no	Proc08D(35)
35	yes	985	script_985.mary	112	Proc080	1	medium	no	Proc080(35, -3 * var_7)
35	yes	993	script_993.mary	150	GetEntityLocation	1	medium	no	if Func03E(200) == 2 && (Func03E(46) >= 0 && Func03E(46) < 60) && GetEntityLocation(35) != 29 && GetEntityLocation(3) == 29
35	yes	993	script_993.mary	1654	Proc083	1	medium	no	Proc083(35)
35	yes	995	script_995.mary	45	SetEntityAnim	1	medium	no	SetEntityAnim(35, 619)
35	yes	995	script_995.mary	49	SetEntityAnim	1	medium	no	SetEntityAnim(35, 615)
35	yes	995	script_995.mary	51	GetEntityFacing	1	medium	no	var_2 = GetEntityFacing(35)
35	yes	995	script_995.mary	54	Proc02D	1	medium	no	Proc02D(35)
35	yes	995	script_995.mary	235	Func07E	1	medium	no	if (var_0 == 1 || var_0 == 2 || var_0 == 3) && Func07E(35)
35	yes	995	script_995.mary	291	Func088	1	medium	no	if Func088(35) == 0
35	yes	995	script_995.mary	388	Func07E	1	medium	no	if (var_0 == 1 || var_0 == 2 || var_0 == 3) && Func07E(35)
35	yes	995	script_995.mary	450	Func07E	1	medium	no	else if (var_0 == 1 || var_0 == 2 || var_0 == 3) && Func07E(35)
35	yes	995	script_995.mary	506	Func088	1	medium	no	if Func088(35) == 0
35	yes	995	script_995.mary	599	Func07E	1	medium	no	if Func07E(35)
35	yes	995	script_995.mary	607	Proc080	1	medium	no	Proc080(35, var_1)
35	yes	995	script_995.mary	613	Proc087	1	medium	no	Proc087(35)
35	yes	995	script_995.mary	617	GetEntityLocation	1	medium	no	switch GetEntityLocation(35)
35	yes	995	script_995.mary	623	Func07F	1	medium	no	if Func07F(35) <= 100
35	yes	995	script_995.mary	625	Func085	1	medium	no	if Func085(35) == 0
35	yes	995	script_995.mary	636	Func07F	1	medium	no	else if Func07F(35) > 100 && Func07F(35) <= 200
35	yes	995	script_995.mary	636	Func07F	1	medium	no	else if Func07F(35) > 100 && Func07F(35) <= 200
35	yes	995	script_995.mary	638	Func085	1	medium	no	if Func085(35) == 0
35	yes	995	script_995.mary	649	Func085	1	medium	no	else if Func085(35) == 0
35	yes	995	script_995.mary	662	Func085	1	medium	no	if Func085(35) == 0
35	yes	995	script_995.mary	675	Func085	1	medium	no	if Func085(35) == 0
35	yes	995	script_995.mary	686	Func085	1	medium	no	else if Func085(35) == 0
35	yes	995	script_995.mary	698	Proc083	1	medium	no	Proc083(35)
35	yes	995	script_995.mary	701	SetEntityFacing	1	medium	no	SetEntityFacing(35, var_2)
35	yes	998	script_998.mary	54	Proc030	1	medium	no	Proc030(35)
35	yes	998	script_998.mary	174	Proc030	1	medium	no	Proc030(35)
35	yes	998	script_998.mary	199	Proc030	1	medium	no	Proc030(35)
35	yes	998	script_998.mary	204	Proc030	1	medium	no	Proc030(35)
35	yes	998	script_998.mary	209	Proc030	1	medium	no	Proc030(35)
35	yes	998	script_998.mary	317	Proc030	1	medium	no	Proc030(35)
35	yes	998	script_998.mary	334	Proc030	1	medium	no	Proc030(35)
35	yes	998	script_998.mary	341	Proc030	1	medium	no	Proc030(35)
35	yes	998	script_998.mary	355	Proc030	1	medium	no	Proc030(35)
35	yes	998	script_998.mary	368	Proc030	1	medium	no	Proc030(35)
35	yes	998	script_998.mary	373	Proc030	1	medium	no	Proc030(35)
35	yes	998	script_998.mary	381	Proc030	1	medium	no	Proc030(35)
35	yes	998	script_998.mary	386	Proc030	1	medium	no	Proc030(35)
35	yes	998	script_998.mary	399	Proc030	1	medium	no	Proc030(35)
35	yes	998	script_998.mary	407	Proc030	1	medium	no	Proc030(35)
35	yes	998	script_998.mary	420	Proc030	1	medium	no	Proc030(35)
35	yes	998	script_998.mary	425	Proc030	1	medium	no	Proc030(35)
35	yes	998	script_998.mary	431	Proc030	1	medium	no	Proc030(35)
35	yes	998	script_998.mary	451	Proc030	1	medium	no	Proc030(35)
35	yes	998	script_998.mary	464	Proc030	1	medium	no	Proc030(35)
35	yes	998	script_998.mary	470	Proc030	1	medium	no	Proc030(35)
35	yes	998	script_998.mary	475	Proc030	1	medium	no	Proc030(35)
35	yes	998	script_998.mary	483	Proc030	1	medium	no	Proc030(35)
35	yes	998	script_998.mary	488	Proc030	1	medium	no	Proc030(35)
35	yes	998	script_998.mary	496	Proc030	1	medium	no	Proc030(35)
35	yes	998	script_998.mary	501	Proc030	1	medium	no	Proc030(35)
35	yes	998	script_998.mary	509	Proc030	1	medium	no	Proc030(35)
35	yes	1008	script_1008.mary	3	GetEntityLocation	1	medium	no	if Func03E(203) == 2 && (Func03E(46) >= 0 && Func03E(46) < 60) && GetEntityLocation(35) != 29 && GetEntityLocation(19) == 29
35	yes	1008	script_1008.mary	645	TalkMessage	1	medium	no	TalkMessage(35)
35	yes	1008	script_1008.mary	1624	PushInt	1	medium	no	PushInt(35)
35	yes	1011	script_1011.mary	158	GetEntityLocation	1	medium	no	if Func03E(201) == 2 && (Func03E(46) >= 0 && Func03E(46) < 60) && GetEntityLocation(35) != 29 && GetEntityLocation(25) == 29
35	yes	1011	script_1011.mary	1730	Proc083	1	medium	no	Proc083(35)
35	yes	1013	script_1013.mary	1013	PushInt	1	medium	no	PushInt(35)
35	yes	1014	script_1014.mary	161	GetEntityLocation	1	medium	no	if Func03E(204) == 2 && (Func03E(46) >= 0 && Func03E(46) < 60) && GetEntityLocation(35) != 29 && GetEntityLocation(12) == 29
35	yes	1014	script_1014.mary	1766	Proc083	1	medium	no	Proc083(35)
35	yes	1018	script_1018.mary	155	GetEntityLocation	1	medium	no	if Func03E(202) == 2 && (Func03E(46) >= 0 && Func03E(46) < 60) && GetEntityLocation(35) != 29 && GetEntityLocation(21) == 29
35	yes	1018	script_1018.mary	1738	Proc083	1	medium	no	Proc083(35)
35	yes	1031	script_1031.mary	402	Func027	1	medium	no	var_0 = Func027(35, 31, 32, 15, 15)
35	yes	1031	script_1031.mary	444	Proc030	1	medium	no	Proc030(35)
35	yes	1031	script_1031.mary	1846	Proc02D	1	medium	no	Proc02D(35)
35	yes	1031	script_1031.mary	1849	Func07F	1	medium	no	Proc039(0, Func07F(35))
35	yes	1031	script_1031.mary	1855	Proc080	1	medium	no	Proc080(35, 10)
35	yes	1031	script_1031.mary	1860	Proc080	1	medium	no	Proc080(35, -10)
35	yes	1063	script_1063.mary	38	Proc142	4	medium	no	Proc142(7, 3, 0, 35, 8)
35	yes	1104	script_1104.mary	12	Proc030	1	medium	no	Proc030(35)
35	yes	1118	script_1118.mary	12	Proc030	1	medium	no	Proc030(35)
35	yes	1168	script_1168.mary	15	Proc030	1	medium	no	Proc030(35)
35	yes	1168	script_1168.mary	22	Proc030	1	medium	no	Proc030(35)
35	yes	1180	script_1180.mary	19	Proc030	1	medium	no	Proc030(35)
35	yes	1180	script_1180.mary	33	Proc030	1	medium	no	Proc030(35)
35	yes	1196	script_1196.mary	12	Proc030	1	medium	no	Proc030(35)
35	yes	1252	script_1252.mary	15	Proc030	1	medium	no	Proc030(35)
35	yes	1252	script_1252.mary	22	Proc030	1	medium	no	Proc030(35)
35	yes	1293	script_1293.mary	64	SetEntityAnim	1	medium	no	SetEntityAnim(35, 615)
35	yes	1293	script_1293.mary	68	SetEntityAnim	1	medium	no	SetEntityAnim(35, 619)
35	yes	1293	script_1293.mary	118	Proc080	1	medium	no	Proc080(35, 20)
35	yes	1293	script_1293.mary	162	Proc02D	1	medium	no	Proc02D(35)
35	yes	1293	script_1293.mary	166	Proc083	1	medium	no	Proc083(35)
35	yes	1299	script_1299.mary	70	SetEntityAnim	1	medium	no	SetEntityAnim(35, 631)
35	yes	1299	script_1299.mary	75	SetEntityAnim	1	medium	no	SetEntityAnim(35, 12)
35	yes	1306	script_1306.mary	72	SetEntityAnim	1	medium	no	SetEntityAnim(35, 615)
35	yes	1306	script_1306.mary	192	Proc02D	1	medium	no	Proc02D(35)
35	yes	1306	script_1306.mary	373	Proc080	1	medium	no	Proc080(35, 20)
35	yes	1307	script_1307.mary	58	SetEntityAnim	1	medium	no	SetEntityAnim(35, 631)
35	yes	1307	script_1307.mary	63	SetEntityAnim	1	medium	no	SetEntityAnim(35, 12)
36	yes	139	script_139.mary	202	Proc080	1	medium	no	Proc080(36, 2)
36	yes	316	script_316.mary	421	Proc09B	1	medium	no	Proc09B(36)
36	yes	362	script_362.mary	11	GetEntityLocation	1	medium	no	if GetEntityLocation(36) != 28 && GetEntityLocation(37) != 28 && GetEntityLocation(38) != 28 && GetEntityLocation(39) != 28 && GetEntityLocation(40) != 28 && GetEntityLocation(41) != 28 && GetEntityLocation(42) != 28
36	yes	441	script_441.mary	34	Proc048	1	medium	no	Proc048(36)
36	yes	519	script_519.mary	27	Proc038	1	medium	no	Proc038(36)
36	yes	571	script_571.mary	524	Func07B	1	medium	no	if Func07B(36) == 1
36	yes	571	script_571.mary	899	PushInt	1	medium	no	PushInt(36)
36	yes	654	script_654.mary	81	Proc030	1	medium	no	Proc030(36)
36	yes	655	script_655.mary	81	Proc030	1	medium	no	Proc030(36)
36	yes	656	script_656.mary	79	Proc030	1	medium	no	Proc030(36)
36	yes	656	script_656.mary	87	Proc030	1	medium	no	Proc030(36)
36	yes	657	script_657.mary	81	Proc030	1	medium	no	Proc030(36)
36	yes	658	script_658.mary	81	Proc030	1	medium	no	Proc030(36)
36	yes	659	script_659.mary	222	Proc030	1	medium	no	Proc030(36)
36	yes	660	script_660.mary	222	Proc030	1	medium	no	Proc030(36)
36	yes	661	script_661.mary	224	Proc030	1	medium	no	Proc030(36)
36	yes	662	script_662.mary	222	Proc030	1	medium	no	Proc030(36)
36	yes	663	script_663.mary	222	Proc030	1	medium	no	Proc030(36)
36	yes	767	script_767.mary	69	Proc030	1	medium	no	Proc030(36)
36	yes	773	script_773.mary	54	Proc030	1	medium	no	Proc030(36)
36	yes	792	script_792.mary	124	Proc008	2	medium	no	Proc008(25, 36, 1)
36	yes	795	script_795.mary	376	SetEntityAnim	1	medium	no	SetEntityAnim(36, 992)
36	yes	795	script_795.mary	387	Proc00F	1	medium	no	Proc00F(36)
36	yes	815	script_815.mary	23	SetEntityAnim	1	medium	no	SetEntityAnim(36, 1072)
36	yes	815	script_815.mary	48	Proc02D	1	medium	no	Proc02D(36)
36	yes	815	script_815.mary	102	SetEntityAnim	1	medium	no	SetEntityAnim(36, 992)
36	yes	815	script_815.mary	118	Proc02D	1	medium	no	Proc02D(36)
36	yes	815	script_815.mary	140	Proc080	1	medium	no	Proc080(36, 10)
36	yes	815	script_815.mary	147	Proc083	1	medium	no	Proc083(36)
36	yes	819	script_819.mary	487	Proc080	1	medium	no	Proc080(36, -10)
36	yes	821	script_821.mary	81	Proc080	1	medium	no	Proc080(36, 10)
36	yes	848	script_848.mary	34	SetEntityAnim	1	medium	no	SetEntityAnim(36, 992)
36	yes	848	script_848.mary	106	SetEntityFacing	1	medium	no	SetEntityFacing(36, 0)
36	yes	848	script_848.mary	107	SetEntityAnim	1	medium	no	SetEntityAnim(36, 1008)
36	yes	848	script_848.mary	108	Proc015	1	medium	no	Proc015(36, 0, 16)
36	yes	848	script_848.mary	136	Proc015	1	medium	no	Proc015(36, 0, 16)
36	yes	848	script_848.mary	145	Proc015	1	medium	no	Proc015(36, 0, 16)
36	yes	848	script_848.mary	154	Proc015	1	medium	no	Proc015(36, 0, 16)
36	yes	848	script_848.mary	162	Proc080	1	medium	no	Proc080(36, 20)
36	yes	848	script_848.mary	171	Proc083	1	medium	no	Proc083(36)
36	yes	947	script_947.mary	117	Proc030	1	medium	no	Proc030(36)
36	yes	950	script_950.mary	81	Proc030	1	medium	no	Proc030(36)
36	yes	956	script_956.mary	28	Proc030	1	medium	no	Proc030(36)
36	yes	982	script_982.mary	338	Func086	1	medium	no	if Func086(36) == 1 && Func086(37) == 1 && Func086(39) == 1 && Func086(40) == 1 && Func086(41) == 1 && Func086(42) == 1 && Func086(36) == 1
36	yes	982	script_982.mary	338	Func086	1	medium	no	if Func086(36) == 1 && Func086(37) == 1 && Func086(39) == 1 && Func086(40) == 1 && Func086(41) == 1 && Func086(42) == 1 && Func086(36) == 1
36	yes	982	script_982.mary	340	Func07F	1	medium	no	if Func07F(36) >= 100 && Func07F(38) >= 100 && Func07F(39) >= 100 && Func07F(40) >= 100 && Func07F(41) >= 100 && Func07F(42) >= 100 && Func07F(36) >= 100
36	yes	982	script_982.mary	340	Func07F	1	medium	no	if Func07F(36) >= 100 && Func07F(38) >= 100 && Func07F(39) >= 100 && Func07F(40) >= 100 && Func07F(41) >= 100 && Func07F(42) >= 100 && Func07F(36) >= 100
36	yes	982	script_982.mary	660	Func07F	1	medium	no	if !Func060(84) && Func03E(321) == 0 && var_1 == 0 && (var_2 == 30 || Func03D(0, 99) < 30) && Func07F(36) >= 75 && Func07F(37) >= 75 && Func07F(38) >= 75 && Func07F(39) >= 75 && Func07F(40) >= 75 && Func07F(41) >= 75 && Func07F(42) >= 75
36	yes	985	script_985.mary	113	Proc080	1	medium	no	Proc080(36, -3 * var_7)
36	yes	998	script_998.mary	155	Proc030	1	medium	no	Proc030(36)
36	yes	998	script_998.mary	164	Proc030	1	medium	no	Proc030(36)
36	yes	998	script_998.mary	169	Proc030	1	medium	no	Proc030(36)
36	yes	998	script_998.mary	189	Proc030	1	medium	no	Proc030(36)
36	yes	998	script_998.mary	360	Proc030	1	medium	no	Proc030(36)
36	yes	999	script_999.mary	91	SetEntityAnim	1	medium	no	SetEntityAnim(36, 992)
36	yes	999	script_999.mary	92	Proc012	1	medium	no	Proc012(36)
36	yes	999	script_999.mary	93	GetEntityFacing	1	medium	no	var_5 = GetEntityFacing(36)
36	yes	999	script_999.mary	96	Proc02D	1	medium	no	Proc02D(36)
36	yes	999	script_999.mary	97	Func086	1	medium	no	if Func086(36) == 0
36	yes	999	script_999.mary	101	Proc083	1	medium	no	Proc083(36)
36	yes	999	script_999.mary	219	GetEntityLocation	1	medium	no	else if GetEntityLocation(36) == 28
36	yes	999	script_999.mary	250	Func07E	1	medium	no	else if (var_0 == 1 || var_0 == 2 || var_0 == 3) && Func07E(36)
36	yes	999	script_999.mary	311	Func088	1	medium	no	if Func088(36) == 0
36	yes	999	script_999.mary	403	Func07E	1	medium	no	if Func07E(36)
36	yes	999	script_999.mary	411	Proc080	1	medium	no	Proc080(36, var_1)
36	yes	999	script_999.mary	417	Proc087	1	medium	no	Proc087(36)
36	yes	999	script_999.mary	432	GetEntityLocation	1	medium	no	if GetEntityLocation(36) == 28
36	yes	999	script_999.mary	442	Func085	1	medium	no	if Func085(36) == 0
36	yes	999	script_999.mary	444	Func07F	1	medium	no	if Func07F(36) <= 50
36	yes	999	script_999.mary	449	Func07F	1	medium	no	else if Func07F(36) <= 100
36	yes	999	script_999.mary	454	Func07F	1	medium	no	else if Func07F(36) <= 150
36	yes	999	script_999.mary	465	Func07F	1	medium	no	else if Func07F(36) <= 50
36	yes	999	script_999.mary	470	Func07F	1	medium	no	else if Func07F(36) <= 100
36	yes	999	script_999.mary	475	Func07F	1	medium	no	else if Func07F(36) <= 150
36	yes	999	script_999.mary	486	Func085	1	medium	no	else if Func085(36) == 0
36	yes	999	script_999.mary	488	Func07F	1	medium	no	if Func07F(36) <= 50
36	yes	999	script_999.mary	493	Func07F	1	medium	no	else if Func07F(36) <= 100
36	yes	999	script_999.mary	498	Func07F	1	medium	no	else if Func07F(36) <= 150
36	yes	999	script_999.mary	509	Func07F	1	medium	no	else if Func07F(36) <= 50
36	yes	999	script_999.mary	514	Func07F	1	medium	no	else if Func07F(36) <= 100
36	yes	999	script_999.mary	519	Func07F	1	medium	no	else if Func07F(36) <= 150
36	yes	999	script_999.mary	537	Func0CF	1	medium	no	if Func0CF(36) != 0
36	yes	999	script_999.mary	542	Proc02D	1	medium	no	Proc02D(36)
36	yes	999	script_999.mary	545	Func07F	1	medium	no	else if Func07F(36) <= 74
36	yes	999	script_999.mary	550	Proc02D	1	medium	no	Proc02D(36)
36	yes	999	script_999.mary	558	Proc02D	1	medium	no	Proc02D(36)
36	yes	999	script_999.mary	577	Proc02D	1	medium	no	Proc02D(36)
36	yes	999	script_999.mary	579	Proc0D3	1	medium	no	Proc0D3(36, 1, 1)
36	yes	999	script_999.mary	584	Proc02D	1	medium	no	Proc02D(36)
36	yes	999	script_999.mary	586	Proc0D3	1	medium	no	Proc0D3(36, 1, 3)
36	yes	999	script_999.mary	591	Proc02D	1	medium	no	Proc02D(36)
36	yes	999	script_999.mary	593	Proc0D3	1	medium	no	Proc0D3(36, 1, 7)
36	yes	999	script_999.mary	609	Proc02D	1	medium	no	Proc02D(36)
36	yes	999	script_999.mary	611	Proc0D3	1	medium	no	Proc0D3(36, 0, 1)
36	yes	999	script_999.mary	616	Proc02D	1	medium	no	Proc02D(36)
36	yes	999	script_999.mary	618	Proc0D3	1	medium	no	Proc0D3(36, 0, 3)
36	yes	999	script_999.mary	623	Proc02D	1	medium	no	Proc02D(36)
36	yes	999	script_999.mary	625	Proc0D3	1	medium	no	Proc0D3(36, 0, 7)
36	yes	999	script_999.mary	641	Proc02D	1	medium	no	Proc02D(36)
36	yes	999	script_999.mary	643	Proc0D3	1	medium	no	Proc0D3(36, 2, 1)
36	yes	999	script_999.mary	648	Proc02D	1	medium	no	Proc02D(36)
36	yes	999	script_999.mary	650	Proc0D3	1	medium	no	Proc0D3(36, 2, 3)
36	yes	999	script_999.mary	655	Proc02D	1	medium	no	Proc02D(36)
36	yes	999	script_999.mary	657	Proc0D3	1	medium	no	Proc0D3(36, 2, 7)
36	yes	999	script_999.mary	664	Proc02D	1	medium	no	Proc02D(36)
36	yes	999	script_999.mary	672	Func0D1	1	medium	no	if Func0D1(36) == 1
36	yes	999	script_999.mary	677	Proc02D	1	medium	no	Proc02D(36)
36	yes	999	script_999.mary	680	Func07F	1	medium	no	else if Func07F(36) <= 74
36	yes	999	script_999.mary	685	Proc02D	1	medium	no	Proc02D(36)
36	yes	999	script_999.mary	704	Proc02D	1	medium	no	Proc02D(36)
36	yes	999	script_999.mary	708	Func0D8	1	medium	no	var_4 = Func0D8(36)
36	yes	999	script_999.mary	711	Proc02D	1	medium	no	Proc02D(36)
36	yes	999	script_999.mary	729	Proc02D	1	medium	no	Proc02D(36)
36	yes	999	script_999.mary	733	Func0D7	1	medium	no	var_4 = Func0D7(36)
36	yes	999	script_999.mary	736	Proc02D	1	medium	no	Proc02D(36)
36	yes	999	script_999.mary	754	Proc02D	1	medium	no	Proc02D(36)
36	yes	999	script_999.mary	758	Func0D6	1	medium	no	var_4 = Func0D6(36)
36	yes	999	script_999.mary	761	Proc02D	1	medium	no	Proc02D(36)
36	yes	999	script_999.mary	779	Proc02D	1	medium	no	Proc02D(36)
36	yes	999	script_999.mary	790	Proc02D	1	medium	no	Proc02D(36)
36	yes	999	script_999.mary	797	Func0D5	1	medium	no	if Func0D5(36) == 1
36	yes	999	script_999.mary	800	Proc02D	1	medium	no	Proc02D(36)
36	yes	999	script_999.mary	805	Func0CE	1	medium	no	switch Func0CE(36)
36	yes	999	script_999.mary	809	Func0D0	1	medium	no	if Func0D0(36, 0) <= 50
36	yes	999	script_999.mary	813	Proc02D	1	medium	no	Proc02D(36)
36	yes	999	script_999.mary	816	Func0D0	1	medium	no	else if Func0D0(36, 0) <= 100
36	yes	999	script_999.mary	820	Proc02D	1	medium	no	Proc02D(36)
36	yes	999	script_999.mary	823	Func0D0	1	medium	no	else if Func0D0(36, 0) <= 150
36	yes	999	script_999.mary	827	Proc02D	1	medium	no	Proc02D(36)
36	yes	999	script_999.mary	834	Proc02D	1	medium	no	Proc02D(36)
36	yes	999	script_999.mary	840	Func0D0	1	medium	no	if Func0D0(36, 1) <= 50
36	yes	999	script_999.mary	844	Proc02D	1	medium	no	Proc02D(36)
36	yes	999	script_999.mary	847	Func0D0	1	medium	no	else if Func0D0(36, 1) <= 100
36	yes	999	script_999.mary	851	Proc02D	1	medium	no	Proc02D(36)
36	yes	999	script_999.mary	854	Func0D0	1	medium	no	else if Func0D0(36, 1) <= 150
36	yes	999	script_999.mary	858	Proc02D	1	medium	no	Proc02D(36)
36	yes	999	script_999.mary	865	Proc02D	1	medium	no	Proc02D(36)
36	yes	999	script_999.mary	871	Func0D0	1	medium	no	if Func0D0(36, 2) <= 50
36	yes	999	script_999.mary	875	Proc02D	1	medium	no	Proc02D(36)
36	yes	999	script_999.mary	878	Func0D0	1	medium	no	else if Func0D0(36, 2) <= 100
36	yes	999	script_999.mary	882	Proc02D	1	medium	no	Proc02D(36)
36	yes	999	script_999.mary	885	Func0D0	1	medium	no	else if Func0D0(36, 2) <= 150
36	yes	999	script_999.mary	889	Proc02D	1	medium	no	Proc02D(36)
36	yes	999	script_999.mary	896	Proc02D	1	medium	no	Proc02D(36)
36	yes	999	script_999.mary	902	Func0CF	1	medium	no	if Func0CF(36) > 1
36	yes	999	script_999.mary	914	Proc02D	1	medium	no	Proc02D(36)
36	yes	999	script_999.mary	922	Proc02D	1	medium	no	Proc02D(36)
36	yes	999	script_999.mary	924	Proc0D4	1	medium	no	Proc0D4(36)
36	yes	999	script_999.mary	929	Proc083	1	medium	no	Proc083(36)
36	yes	999	script_999.mary	933	SetEntityFacing	1	medium	no	SetEntityFacing(36, var_5)
36	yes	1000	script_1000.mary	221	GetEntityLocation	1	medium	no	if GetEntityLocation(37) == 28 && GetEntityLocation(38) == 28 && GetEntityLocation(39) == 28 && GetEntityLocation(40) == 28 && GetEntityLocation(41) == 28 && GetEntityLocation(36) == 28
36	yes	1001	script_1001.mary	227	GetEntityLocation	1	medium	no	if GetEntityLocation(36) == 28 && GetEntityLocation(38) == 28 && GetEntityLocation(39) == 28 && GetEntityLocation(40) == 28 && GetEntityLocation(41) == 28 && GetEntityLocation(42) == 28
36	yes	1002	script_1002.mary	224	GetEntityLocation	1	medium	no	if GetEntityLocation(37) == 28 && GetEntityLocation(36) == 28 && GetEntityLocation(39) == 28 && GetEntityLocation(40) == 28 && GetEntityLocation(41) == 28 && GetEntityLocation(42) == 28
36	yes	1003	script_1003.mary	232	GetEntityLocation	1	medium	no	if GetEntityLocation(37) == 28 && GetEntityLocation(38) == 28 && GetEntityLocation(36) == 28 && GetEntityLocation(40) == 28 && GetEntityLocation(41) == 28 && GetEntityLocation(42) == 28
36	yes	1004	script_1004.mary	227	GetEntityLocation	1	medium	no	if GetEntityLocation(37) == 28 && GetEntityLocation(38) == 28 && GetEntityLocation(39) == 28 && GetEntityLocation(36) == 28 && GetEntityLocation(41) == 28 && GetEntityLocation(42) == 28
36	yes	1005	script_1005.mary	218	GetEntityLocation	1	medium	no	if GetEntityLocation(37) == 28 && GetEntityLocation(38) == 28 && GetEntityLocation(39) == 28 && GetEntityLocation(40) == 28 && GetEntityLocation(36) == 28 && GetEntityLocation(42) == 28
36	yes	1008	script_1008.mary	654	TalkMessage	1	medium	no	TalkMessage(36)
36	yes	1013	script_1013.mary	1019	PushInt	1	medium	no	PushInt(36)
36	yes	1031	script_1031.mary	433	Proc02E	1	medium	no	Proc02E(36)
36	yes	1031	script_1031.mary	1499	Proc02D	1	medium	no	Proc02D(36)
36	yes	1031	script_1031.mary	1502	Func07F	1	medium	no	Proc039(0, Func07F(36))
36	yes	1031	script_1031.mary	1508	Proc080	1	medium	no	Proc080(36, 10)
36	yes	1031	script_1031.mary	1513	Proc080	1	medium	no	Proc080(36, -10)
36	yes	1048	script_1048.mary	365	Proc030	1	medium	no	Proc030(36)
36	yes	1048	script_1048.mary	388	Proc030	1	medium	no	Proc030(36)
36	yes	1048	script_1048.mary	398	Proc02D	1	medium	no	Proc02D(36)
36	yes	1048	script_1048.mary	421	Proc02D	1	medium	no	Proc02D(36)
36	yes	1048	script_1048.mary	442	Proc02D	1	medium	no	Proc02D(36)
36	yes	1048	script_1048.mary	471	Proc02D	1	medium	no	Proc02D(36)
36	yes	1048	script_1048.mary	518	Proc02D	1	medium	no	Proc02D(36)
36	yes	1048	script_1048.mary	565	Proc02D	1	medium	no	Proc02D(36)
36	yes	1048	script_1048.mary	612	Proc02D	1	medium	no	Proc02D(36)
36	yes	1048	script_1048.mary	659	Proc02D	1	medium	no	Proc02D(36)
36	yes	1048	script_1048.mary	706	Proc02D	1	medium	no	Proc02D(36)
36	yes	1061	script_1061.mary	183	Proc008	2	medium	no	Proc008(94, 36, 1)
36	yes	1063	script_1063.mary	39	Proc142	4	medium	no	Proc142(8, 3, 0, 36, 8)
36	yes	1063	script_1063.mary	436	Proc037	1	medium	no	Proc037(36)
36	yes	1063	script_1063.mary	466	Proc037	1	medium	no	Proc037(36)
36	yes	1180	script_1180.mary	26	Proc030	1	medium	no	Proc030(36)
36	yes	1241	script_1241.mary	58	Proc037	1	medium	no	Proc037(36)
37	yes	139	script_139.mary	203	Proc080	1	medium	no	Proc080(37, 2)
37	yes	316	script_316.mary	436	Proc09B	1	medium	no	Proc09B(37)
37	yes	358	script_358.mary	287	Proc038	1	medium	no	Proc038(37)
37	yes	362	script_362.mary	11	GetEntityLocation	1	medium	no	if GetEntityLocation(36) != 28 && GetEntityLocation(37) != 28 && GetEntityLocation(38) != 28 && GetEntityLocation(39) != 28 && GetEntityLocation(40) != 28 && GetEntityLocation(41) != 28 && GetEntityLocation(42) != 28
37	yes	441	script_441.mary	38	Proc048	1	medium	no	Proc048(37)
37	yes	571	script_571.mary	535	Func07B	1	medium	no	if Func07B(37) == 1
37	yes	571	script_571.mary	905	PushInt	1	medium	no	PushInt(37)
37	yes	795	script_795.mary	377	SetEntityAnim	1	medium	no	SetEntityAnim(37, 1160)
37	yes	795	script_795.mary	388	Proc00F	1	medium	no	Proc00F(37)
37	yes	815	script_815.mary	25	SetEntityAnim	1	medium	no	SetEntityAnim(37, 1240)
37	yes	815	script_815.mary	38	Proc007	1	medium	no	Proc007(37, 1)
37	yes	815	script_815.mary	53	Proc02D	1	medium	no	Proc02D(37)
37	yes	815	script_815.mary	90	Proc007	1	medium	no	Proc007(37, 2)
37	yes	815	script_815.mary	104	SetEntityAnim	1	medium	no	SetEntityAnim(37, 1160)
37	yes	815	script_815.mary	141	Proc080	1	medium	no	Proc080(37, 10)
37	yes	815	script_815.mary	148	Proc083	1	medium	no	Proc083(37)
37	yes	816	script_816.mary	45	Proc061	1	medium	no	Proc061(37)
37	yes	819	script_819.mary	488	Proc080	1	medium	no	Proc080(37, -10)
37	yes	821	script_821.mary	82	Proc080	1	medium	no	Proc080(37, 10)
37	yes	848	script_848.mary	36	SetEntityAnim	1	medium	no	SetEntityAnim(37, 1160)
37	yes	848	script_848.mary	123	SetEntityFacing	1	medium	no	SetEntityFacing(37, 0)
37	yes	848	script_848.mary	124	SetEntityAnim	1	medium	no	SetEntityAnim(37, 1176)
37	yes	848	script_848.mary	125	Proc015	1	medium	no	Proc015(37, 0, 16)
37	yes	848	script_848.mary	140	Proc015	1	medium	no	Proc015(37, 0, 16)
37	yes	848	script_848.mary	149	Proc015	1	medium	no	Proc015(37, 0, 16)
37	yes	848	script_848.mary	158	Proc015	1	medium	no	Proc015(37, 0, 16)
37	yes	848	script_848.mary	163	Proc080	1	medium	no	Proc080(37, 20)
37	yes	848	script_848.mary	172	Proc083	1	medium	no	Proc083(37)
37	yes	982	script_982.mary	338	Func086	1	medium	no	if Func086(36) == 1 && Func086(37) == 1 && Func086(39) == 1 && Func086(40) == 1 && Func086(41) == 1 && Func086(42) == 1 && Func086(36) == 1
37	yes	982	script_982.mary	660	Func07F	1	medium	no	if !Func060(84) && Func03E(321) == 0 && var_1 == 0 && (var_2 == 30 || Func03D(0, 99) < 30) && Func07F(36) >= 75 && Func07F(37) >= 75 && Func07F(38) >= 75 && Func07F(39) >= 75 && Func07F(40) >= 75 && Func07F(41) >= 75 && Func07F(42) >= 75
37	yes	985	script_985.mary	114	Proc080	1	medium	no	Proc080(37, -3 * var_7)
37	yes	999	script_999.mary	223	GetEntityLocation	1	medium	no	if GetEntityLocation(37) == 28 && GetEntityLocation(38) == 28 && GetEntityLocation(39) == 28 && GetEntityLocation(40) == 28 && GetEntityLocation(41) == 28 && GetEntityLocation(42) == 28
37	yes	1000	script_1000.mary	221	GetEntityLocation	1	medium	no	if GetEntityLocation(37) == 28 && GetEntityLocation(38) == 28 && GetEntityLocation(39) == 28 && GetEntityLocation(40) == 28 && GetEntityLocation(41) == 28 && GetEntityLocation(36) == 28
37	yes	1001	script_1001.mary	91	SetEntityAnim	1	medium	no	SetEntityAnim(37, 1160)
37	yes	1001	script_1001.mary	92	Proc012	1	medium	no	Proc012(37)
37	yes	1001	script_1001.mary	93	GetEntityFacing	1	medium	no	var_5 = GetEntityFacing(37)
37	yes	1001	script_1001.mary	96	Proc02D	1	medium	no	Proc02D(37)
37	yes	1001	script_1001.mary	97	Func086	1	medium	no	if Func086(37) == 0
37	yes	1001	script_1001.mary	101	Proc083	1	medium	no	Proc083(37)
37	yes	1001	script_1001.mary	223	GetEntityLocation	1	medium	no	else if GetEntityLocation(37) == 28
37	yes	1001	script_1001.mary	254	Func07E	1	medium	no	else if (var_0 == 1 || var_0 == 2 || var_0 == 3) && Func07E(37)
37	yes	1001	script_1001.mary	315	Func088	1	medium	no	if Func088(37) == 0
37	yes	1001	script_1001.mary	407	Func07E	1	medium	no	if Func07E(37)
37	yes	1001	script_1001.mary	415	Proc080	1	medium	no	Proc080(37, var_1)
37	yes	1001	script_1001.mary	421	Proc087	1	medium	no	Proc087(37)
37	yes	1001	script_1001.mary	436	GetEntityLocation	1	medium	no	if GetEntityLocation(37) == 28
37	yes	1001	script_1001.mary	446	Func085	1	medium	no	if Func085(37) == 0
37	yes	1001	script_1001.mary	448	Func07F	1	medium	no	if Func07F(37) <= 50
37	yes	1001	script_1001.mary	453	Func07F	1	medium	no	else if Func07F(37) <= 100
37	yes	1001	script_1001.mary	458	Func07F	1	medium	no	else if Func07F(37) <= 150
37	yes	1001	script_1001.mary	469	Func07F	1	medium	no	else if Func07F(37) <= 50
37	yes	1001	script_1001.mary	474	Func07F	1	medium	no	else if Func07F(37) <= 100
37	yes	1001	script_1001.mary	479	Func07F	1	medium	no	else if Func07F(37) <= 150
37	yes	1001	script_1001.mary	490	Func085	1	medium	no	else if Func085(37) == 0
37	yes	1001	script_1001.mary	492	Func07F	1	medium	no	if Func07F(37) <= 50
37	yes	1001	script_1001.mary	497	Func07F	1	medium	no	else if Func07F(37) <= 100
37	yes	1001	script_1001.mary	502	Func07F	1	medium	no	else if Func07F(37) <= 150
37	yes	1001	script_1001.mary	513	Func07F	1	medium	no	else if Func07F(37) <= 50
37	yes	1001	script_1001.mary	518	Func07F	1	medium	no	else if Func07F(37) <= 100
37	yes	1001	script_1001.mary	523	Func07F	1	medium	no	else if Func07F(37) <= 150
37	yes	1001	script_1001.mary	541	Func0CF	1	medium	no	if Func0CF(37) != 0
37	yes	1001	script_1001.mary	546	Proc02D	1	medium	no	Proc02D(37)
37	yes	1001	script_1001.mary	549	Func07F	1	medium	no	else if Func07F(37) <= 74
37	yes	1001	script_1001.mary	554	Proc02D	1	medium	no	Proc02D(37)
37	yes	1001	script_1001.mary	562	Proc02D	1	medium	no	Proc02D(37)
37	yes	1001	script_1001.mary	581	Proc02D	1	medium	no	Proc02D(37)
37	yes	1001	script_1001.mary	583	Proc0D3	1	medium	no	Proc0D3(37, 1, 1)
37	yes	1001	script_1001.mary	588	Proc02D	1	medium	no	Proc02D(37)
37	yes	1001	script_1001.mary	590	Proc0D3	1	medium	no	Proc0D3(37, 1, 3)
37	yes	1001	script_1001.mary	595	Proc02D	1	medium	no	Proc02D(37)
37	yes	1001	script_1001.mary	597	Proc0D3	1	medium	no	Proc0D3(37, 1, 7)
37	yes	1001	script_1001.mary	613	Proc02D	1	medium	no	Proc02D(37)
37	yes	1001	script_1001.mary	615	Proc0D3	1	medium	no	Proc0D3(37, 0, 1)
37	yes	1001	script_1001.mary	620	Proc02D	1	medium	no	Proc02D(37)
37	yes	1001	script_1001.mary	622	Proc0D3	1	medium	no	Proc0D3(37, 0, 3)
37	yes	1001	script_1001.mary	627	Proc02D	1	medium	no	Proc02D(37)
37	yes	1001	script_1001.mary	629	Proc0D3	1	medium	no	Proc0D3(37, 0, 7)
37	yes	1001	script_1001.mary	645	Proc02D	1	medium	no	Proc02D(37)
37	yes	1001	script_1001.mary	647	Proc0D3	1	medium	no	Proc0D3(37, 2, 1)
37	yes	1001	script_1001.mary	652	Proc02D	1	medium	no	Proc02D(37)
37	yes	1001	script_1001.mary	654	Proc0D3	1	medium	no	Proc0D3(37, 2, 3)
37	yes	1001	script_1001.mary	659	Proc02D	1	medium	no	Proc02D(37)
37	yes	1001	script_1001.mary	661	Proc0D3	1	medium	no	Proc0D3(37, 2, 7)
37	yes	1001	script_1001.mary	668	Proc02D	1	medium	no	Proc02D(37)
37	yes	1001	script_1001.mary	676	Func0D1	1	medium	no	if Func0D1(37) == 1
37	yes	1001	script_1001.mary	681	Proc02D	1	medium	no	Proc02D(37)
37	yes	1001	script_1001.mary	684	Func07F	1	medium	no	else if Func07F(37) <= 74
37	yes	1001	script_1001.mary	689	Proc02D	1	medium	no	Proc02D(37)
37	yes	1001	script_1001.mary	708	Proc02D	1	medium	no	Proc02D(37)
37	yes	1001	script_1001.mary	712	Func0D8	1	medium	no	var_4 = Func0D8(37)
37	yes	1001	script_1001.mary	715	Proc02D	1	medium	no	Proc02D(37)
37	yes	1001	script_1001.mary	733	Proc02D	1	medium	no	Proc02D(37)
37	yes	1001	script_1001.mary	737	Func0D7	1	medium	no	var_4 = Func0D7(37)
37	yes	1001	script_1001.mary	740	Proc02D	1	medium	no	Proc02D(37)
37	yes	1001	script_1001.mary	758	Proc02D	1	medium	no	Proc02D(37)
37	yes	1001	script_1001.mary	762	Func0D6	1	medium	no	var_4 = Func0D6(37)
37	yes	1001	script_1001.mary	765	Proc02D	1	medium	no	Proc02D(37)
37	yes	1001	script_1001.mary	783	Proc02D	1	medium	no	Proc02D(37)
37	yes	1001	script_1001.mary	794	Proc02D	1	medium	no	Proc02D(37)
37	yes	1001	script_1001.mary	801	Func0D5	1	medium	no	if Func0D5(37) == 1
37	yes	1001	script_1001.mary	804	Proc02D	1	medium	no	Proc02D(37)
37	yes	1001	script_1001.mary	809	Func0CE	1	medium	no	switch Func0CE(37)
37	yes	1001	script_1001.mary	813	Func0D0	1	medium	no	if Func0D0(37, 0) <= 50
37	yes	1001	script_1001.mary	817	Proc02D	1	medium	no	Proc02D(37)
37	yes	1001	script_1001.mary	820	Func0D0	1	medium	no	else if Func0D0(37, 0) <= 100
37	yes	1001	script_1001.mary	824	Proc02D	1	medium	no	Proc02D(37)
37	yes	1001	script_1001.mary	827	Func0D0	1	medium	no	else if Func0D0(37, 0) <= 150
37	yes	1001	script_1001.mary	831	Proc02D	1	medium	no	Proc02D(37)
37	yes	1001	script_1001.mary	838	Proc02D	1	medium	no	Proc02D(37)
37	yes	1001	script_1001.mary	844	Func0D0	1	medium	no	if Func0D0(37, 1) <= 50
37	yes	1001	script_1001.mary	848	Proc02D	1	medium	no	Proc02D(37)
37	yes	1001	script_1001.mary	851	Func0D0	1	medium	no	else if Func0D0(37, 1) <= 100
37	yes	1001	script_1001.mary	855	Proc02D	1	medium	no	Proc02D(37)
37	yes	1001	script_1001.mary	858	Func0D0	1	medium	no	else if Func0D0(37, 1) <= 150
37	yes	1001	script_1001.mary	862	Proc02D	1	medium	no	Proc02D(37)
37	yes	1001	script_1001.mary	869	Proc02D	1	medium	no	Proc02D(37)
37	yes	1001	script_1001.mary	875	Func0D0	1	medium	no	if Func0D0(37, 2) <= 50
37	yes	1001	script_1001.mary	879	Proc02D	1	medium	no	Proc02D(37)
37	yes	1001	script_1001.mary	882	Func0D0	1	medium	no	else if Func0D0(37, 2) <= 100
37	yes	1001	script_1001.mary	886	Proc02D	1	medium	no	Proc02D(37)
37	yes	1001	script_1001.mary	889	Func0D0	1	medium	no	else if Func0D0(37, 2) <= 150
37	yes	1001	script_1001.mary	893	Proc02D	1	medium	no	Proc02D(37)
37	yes	1001	script_1001.mary	900	Proc02D	1	medium	no	Proc02D(37)
37	yes	1001	script_1001.mary	906	Func0CF	1	medium	no	if Func0CF(37) > 1
37	yes	1001	script_1001.mary	918	Proc02D	1	medium	no	Proc02D(37)
37	yes	1001	script_1001.mary	926	Proc02D	1	medium	no	Proc02D(37)
37	yes	1001	script_1001.mary	928	Proc0D4	1	medium	no	Proc0D4(37)
37	yes	1001	script_1001.mary	933	Proc083	1	medium	no	Proc083(37)
37	yes	1001	script_1001.mary	937	SetEntityFacing	1	medium	no	SetEntityFacing(37, var_5)
37	yes	1002	script_1002.mary	224	GetEntityLocation	1	medium	no	if GetEntityLocation(37) == 28 && GetEntityLocation(36) == 28 && GetEntityLocation(39) == 28 && GetEntityLocation(40) == 28 && GetEntityLocation(41) == 28 && GetEntityLocation(42) == 28
37	yes	1003	script_1003.mary	232	GetEntityLocation	1	medium	no	if GetEntityLocation(37) == 28 && GetEntityLocation(38) == 28 && GetEntityLocation(36) == 28 && GetEntityLocation(40) == 28 && GetEntityLocation(41) == 28 && GetEntityLocation(42) == 28
37	yes	1004	script_1004.mary	227	GetEntityLocation	1	medium	no	if GetEntityLocation(37) == 28 && GetEntityLocation(38) == 28 && GetEntityLocation(39) == 28 && GetEntityLocation(36) == 28 && GetEntityLocation(41) == 28 && GetEntityLocation(42) == 28
37	yes	1005	script_1005.mary	218	GetEntityLocation	1	medium	no	if GetEntityLocation(37) == 28 && GetEntityLocation(38) == 28 && GetEntityLocation(39) == 28 && GetEntityLocation(40) == 28 && GetEntityLocation(36) == 28 && GetEntityLocation(42) == 28
37	yes	1008	script_1008.mary	663	TalkMessage	1	medium	no	TalkMessage(37)
37	yes	1013	script_1013.mary	1037	PushInt	1	medium	no	PushInt(37)
37	yes	1031	script_1031.mary	434	TalkChoice6	2	medium	no	var_0 = TalkChoice6(25, 37, 8, 28, 38, 39)
37	yes	1031	script_1031.mary	1538	Proc02D	1	medium	no	Proc02D(37)
37	yes	1031	script_1031.mary	1541	Func07F	1	medium	no	Proc039(0, Func07F(37))
37	yes	1031	script_1031.mary	1547	Proc080	1	medium	no	Proc080(37, 10)
37	yes	1031	script_1031.mary	1552	Proc080	1	medium	no	Proc080(37, -10)
37	yes	1048	script_1048.mary	424	Proc02D	1	medium	no	Proc02D(37)
37	yes	1048	script_1048.mary	445	Proc02D	1	medium	no	Proc02D(37)
37	yes	1048	script_1048.mary	468	Proc02D	1	medium	no	Proc02D(37)
37	yes	1048	script_1048.mary	489	Proc02D	1	medium	no	Proc02D(37)
37	yes	1048	script_1048.mary	521	Proc02D	1	medium	no	Proc02D(37)
37	yes	1048	script_1048.mary	568	Proc02D	1	medium	no	Proc02D(37)
37	yes	1048	script_1048.mary	615	Proc02D	1	medium	no	Proc02D(37)
37	yes	1048	script_1048.mary	662	Proc02D	1	medium	no	Proc02D(37)
37	yes	1048	script_1048.mary	709	Proc02D	1	medium	no	Proc02D(37)
37	yes	1063	script_1063.mary	40	Proc142	4	medium	no	Proc142(7, 4, 0, 37, 8)
38	yes	139	script_139.mary	204	Proc080	1	medium	no	Proc080(38, 2)
38	yes	139	script_139.mary	478	Proc05B	1	medium	no	Proc05B(38)
38	yes	316	script_316.mary	463	Proc09B	1	medium	no	Proc09B(38)
38	yes	362	script_362.mary	11	GetEntityLocation	1	medium	no	if GetEntityLocation(36) != 28 && GetEntityLocation(37) != 28 && GetEntityLocation(38) != 28 && GetEntityLocation(39) != 28 && GetEntityLocation(40) != 28 && GetEntityLocation(41) != 28 && GetEntityLocation(42) != 28
38	yes	370	script_370.mary	77	Proc038	1	medium	no	Proc038(38)
38	yes	441	script_441.mary	42	Proc048	1	medium	no	Proc048(38)
38	yes	571	script_571.mary	546	Func07B	1	medium	no	if Func07B(38) == 1
38	yes	571	script_571.mary	911	PushInt	1	medium	no	PushInt(38)
38	yes	767	script_767.mary	48	Proc030	1	medium	no	Proc030(38)
38	yes	767	script_767.mary	66	Proc030	1	medium	no	Proc030(38)
38	yes	769	script_769.mary	80	Proc030	1	medium	no	Proc030(38)
38	yes	769	script_769.mary	133	Proc030	1	medium	no	Proc030(38)
38	yes	795	script_795.mary	378	SetEntityAnim	1	medium	no	SetEntityAnim(38, 1244)
38	yes	795	script_795.mary	389	Proc00F	1	medium	no	Proc00F(38)
38	yes	815	script_815.mary	27	SetEntityAnim	1	medium	no	SetEntityAnim(38, 1324)
38	yes	815	script_815.mary	58	Proc02D	1	medium	no	Proc02D(38)
38	yes	815	script_815.mary	106	SetEntityAnim	1	medium	no	SetEntityAnim(38, 1244)
38	yes	815	script_815.mary	123	Proc02D	1	medium	no	Proc02D(38)
38	yes	815	script_815.mary	142	Proc080	1	medium	no	Proc080(38, 10)
38	yes	815	script_815.mary	149	Proc083	1	medium	no	Proc083(38)
38	yes	818	script_818.mary	39	Proc061	1	medium	no	Proc061(38)
38	yes	819	script_819.mary	489	Proc080	1	medium	no	Proc080(38, -10)
38	yes	821	script_821.mary	83	Proc080	1	medium	no	Proc080(38, 10)
38	yes	848	script_848.mary	38	SetEntityAnim	1	medium	no	SetEntityAnim(38, 1244)
38	yes	848	script_848.mary	126	SetEntityFacing	1	medium	no	SetEntityFacing(38, 0)
38	yes	848	script_848.mary	127	SetEntityAnim	1	medium	no	SetEntityAnim(38, 1260)
38	yes	848	script_848.mary	128	Proc015	1	medium	no	Proc015(38, 0, 16)
38	yes	848	script_848.mary	141	Proc015	1	medium	no	Proc015(38, 0, 16)
38	yes	848	script_848.mary	150	Proc015	1	medium	no	Proc015(38, 0, 16)
38	yes	848	script_848.mary	159	Proc015	1	medium	no	Proc015(38, 0, 16)
38	yes	848	script_848.mary	164	Proc080	1	medium	no	Proc080(38, 20)
38	yes	848	script_848.mary	173	Proc083	1	medium	no	Proc083(38)
38	yes	944	script_944.mary	49	Proc030	1	medium	no	Proc030(38)
38	yes	945	script_945.mary	8	Proc030	1	medium	no	Proc030(38)
38	yes	947	script_947.mary	96	Proc030	1	medium	no	Proc030(38)
38	yes	950	script_950.mary	34	Proc030	1	medium	no	Proc030(38)
38	yes	950	script_950.mary	56	Proc030	1	medium	no	Proc030(38)
38	yes	982	script_982.mary	340	Func07F	1	medium	no	if Func07F(36) >= 100 && Func07F(38) >= 100 && Func07F(39) >= 100 && Func07F(40) >= 100 && Func07F(41) >= 100 && Func07F(42) >= 100 && Func07F(36) >= 100
38	yes	982	script_982.mary	660	Func07F	1	medium	no	if !Func060(84) && Func03E(321) == 0 && var_1 == 0 && (var_2 == 30 || Func03D(0, 99) < 30) && Func07F(36) >= 75 && Func07F(37) >= 75 && Func07F(38) >= 75 && Func07F(39) >= 75 && Func07F(40) >= 75 && Func07F(41) >= 75 && Func07F(42) >= 75
38	yes	985	script_985.mary	115	Proc080	1	medium	no	Proc080(38, -3 * var_7)
38	yes	998	script_998.mary	179	Proc030	1	medium	no	Proc030(38)
38	yes	998	script_998.mary	194	Proc030	1	medium	no	Proc030(38)
38	yes	998	script_998.mary	394	Proc030	1	medium	no	Proc030(38)
38	yes	998	script_998.mary	412	Proc030	1	medium	no	Proc030(38)
38	yes	998	script_998.mary	436	Proc030	1	medium	no	Proc030(38)
38	yes	998	script_998.mary	514	Proc030	1	medium	no	Proc030(38)
38	yes	999	script_999.mary	223	GetEntityLocation	1	medium	no	if GetEntityLocation(37) == 28 && GetEntityLocation(38) == 28 && GetEntityLocation(39) == 28 && GetEntityLocation(40) == 28 && GetEntityLocation(41) == 28 && GetEntityLocation(42) == 28
38	yes	1000	script_1000.mary	221	GetEntityLocation	1	medium	no	if GetEntityLocation(37) == 28 && GetEntityLocation(38) == 28 && GetEntityLocation(39) == 28 && GetEntityLocation(40) == 28 && GetEntityLocation(41) == 28 && GetEntityLocation(36) == 28
38	yes	1001	script_1001.mary	227	GetEntityLocation	1	medium	no	if GetEntityLocation(36) == 28 && GetEntityLocation(38) == 28 && GetEntityLocation(39) == 28 && GetEntityLocation(40) == 28 && GetEntityLocation(41) == 28 && GetEntityLocation(42) == 28
38	yes	1002	script_1002.mary	92	SetEntityAnim	1	medium	no	SetEntityAnim(38, 1244)
38	yes	1002	script_1002.mary	93	Proc012	1	medium	no	Proc012(38)
38	yes	1002	script_1002.mary	94	GetEntityFacing	1	medium	no	var_5 = GetEntityFacing(38)
38	yes	1002	script_1002.mary	97	Proc02D	1	medium	no	Proc02D(38)
38	yes	1002	script_1002.mary	98	Func086	1	medium	no	if Func086(38) == 0
38	yes	1002	script_1002.mary	102	Proc083	1	medium	no	Proc083(38)
38	yes	1002	script_1002.mary	220	GetEntityLocation	1	medium	no	else if GetEntityLocation(38) == 28
38	yes	1002	script_1002.mary	251	Func07E	1	medium	no	else if (var_0 == 1 || var_0 == 2 || var_0 == 3) && Func07E(38)
38	yes	1002	script_1002.mary	314	Func088	1	medium	no	if Func088(38) == 0
38	yes	1002	script_1002.mary	406	Func07E	1	medium	no	if Func07E(38)
38	yes	1002	script_1002.mary	414	Proc080	1	medium	no	Proc080(38, var_1)
38	yes	1002	script_1002.mary	420	Proc087	1	medium	no	Proc087(38)
38	yes	1002	script_1002.mary	435	GetEntityLocation	1	medium	no	if GetEntityLocation(38) == 28
38	yes	1002	script_1002.mary	445	Func085	1	medium	no	if Func085(38) == 0
38	yes	1002	script_1002.mary	447	Func07F	1	medium	no	if Func07F(38) <= 50
38	yes	1002	script_1002.mary	452	Func07F	1	medium	no	else if Func07F(38) <= 100
38	yes	1002	script_1002.mary	457	Func07F	1	medium	no	else if Func07F(38) <= 150
38	yes	1002	script_1002.mary	468	Func07F	1	medium	no	else if Func07F(38) <= 50
38	yes	1002	script_1002.mary	473	Func07F	1	medium	no	else if Func07F(38) <= 100
38	yes	1002	script_1002.mary	478	Func07F	1	medium	no	else if Func07F(38) <= 150
38	yes	1002	script_1002.mary	489	Func085	1	medium	no	else if Func085(38) == 0
38	yes	1002	script_1002.mary	491	Func07F	1	medium	no	if Func07F(38) <= 50
38	yes	1002	script_1002.mary	496	Func07F	1	medium	no	else if Func07F(38) <= 100
38	yes	1002	script_1002.mary	501	Func07F	1	medium	no	else if Func07F(38) <= 150
38	yes	1002	script_1002.mary	512	Func07F	1	medium	no	else if Func07F(38) <= 50
38	yes	1002	script_1002.mary	517	Func07F	1	medium	no	else if Func07F(38) <= 100
38	yes	1002	script_1002.mary	522	Func07F	1	medium	no	else if Func07F(38) <= 150
38	yes	1002	script_1002.mary	540	Func0CF	1	medium	no	if Func0CF(38) != 0
38	yes	1002	script_1002.mary	545	Proc02D	1	medium	no	Proc02D(38)
38	yes	1002	script_1002.mary	548	Func07F	1	medium	no	else if Func07F(38) <= 74
38	yes	1002	script_1002.mary	553	Proc02D	1	medium	no	Proc02D(38)
38	yes	1002	script_1002.mary	561	Proc02D	1	medium	no	Proc02D(38)
38	yes	1002	script_1002.mary	580	Proc02D	1	medium	no	Proc02D(38)
38	yes	1002	script_1002.mary	582	Proc0D3	1	medium	no	Proc0D3(38, 1, 1)
38	yes	1002	script_1002.mary	587	Proc02D	1	medium	no	Proc02D(38)
38	yes	1002	script_1002.mary	589	Proc0D3	1	medium	no	Proc0D3(38, 1, 3)
38	yes	1002	script_1002.mary	594	Proc02D	1	medium	no	Proc02D(38)
38	yes	1002	script_1002.mary	596	Proc0D3	1	medium	no	Proc0D3(38, 1, 7)
38	yes	1002	script_1002.mary	612	Proc02D	1	medium	no	Proc02D(38)
38	yes	1002	script_1002.mary	614	Proc0D3	1	medium	no	Proc0D3(38, 0, 1)
38	yes	1002	script_1002.mary	619	Proc02D	1	medium	no	Proc02D(38)
38	yes	1002	script_1002.mary	621	Proc0D3	1	medium	no	Proc0D3(38, 0, 3)
38	yes	1002	script_1002.mary	626	Proc02D	1	medium	no	Proc02D(38)
38	yes	1002	script_1002.mary	628	Proc0D3	1	medium	no	Proc0D3(38, 0, 7)
38	yes	1002	script_1002.mary	644	Proc02D	1	medium	no	Proc02D(38)
38	yes	1002	script_1002.mary	646	Proc0D3	1	medium	no	Proc0D3(38, 2, 1)
38	yes	1002	script_1002.mary	651	Proc02D	1	medium	no	Proc02D(38)
38	yes	1002	script_1002.mary	653	Proc0D3	1	medium	no	Proc0D3(38, 2, 3)
38	yes	1002	script_1002.mary	658	Proc02D	1	medium	no	Proc02D(38)
38	yes	1002	script_1002.mary	660	Proc0D3	1	medium	no	Proc0D3(38, 2, 7)
38	yes	1002	script_1002.mary	667	Proc02D	1	medium	no	Proc02D(38)
38	yes	1002	script_1002.mary	675	Func0D1	1	medium	no	if Func0D1(38) == 1
38	yes	1002	script_1002.mary	680	Proc02D	1	medium	no	Proc02D(38)
38	yes	1002	script_1002.mary	683	Func07F	1	medium	no	else if Func07F(38) <= 74
38	yes	1002	script_1002.mary	688	Proc02D	1	medium	no	Proc02D(38)
38	yes	1002	script_1002.mary	707	Proc02D	1	medium	no	Proc02D(38)
38	yes	1002	script_1002.mary	711	Func0D8	1	medium	no	var_4 = Func0D8(38)
38	yes	1002	script_1002.mary	714	Proc02D	1	medium	no	Proc02D(38)
38	yes	1002	script_1002.mary	732	Proc02D	1	medium	no	Proc02D(38)
38	yes	1002	script_1002.mary	736	Func0D7	1	medium	no	var_4 = Func0D7(38)
38	yes	1002	script_1002.mary	739	Proc02D	1	medium	no	Proc02D(38)
38	yes	1002	script_1002.mary	757	Proc02D	1	medium	no	Proc02D(38)
38	yes	1002	script_1002.mary	761	Func0D6	1	medium	no	var_4 = Func0D6(38)
38	yes	1002	script_1002.mary	764	Proc02D	1	medium	no	Proc02D(38)
38	yes	1002	script_1002.mary	782	Proc02D	1	medium	no	Proc02D(38)
38	yes	1002	script_1002.mary	793	Proc02D	1	medium	no	Proc02D(38)
38	yes	1002	script_1002.mary	800	Func0D5	1	medium	no	if Func0D5(38) == 1
38	yes	1002	script_1002.mary	803	Proc02D	1	medium	no	Proc02D(38)
38	yes	1002	script_1002.mary	808	Func0CE	1	medium	no	switch Func0CE(38)
38	yes	1002	script_1002.mary	812	Func0D0	1	medium	no	if Func0D0(38, 0) <= 50
38	yes	1002	script_1002.mary	816	Proc02D	1	medium	no	Proc02D(38)
38	yes	1002	script_1002.mary	819	Func0D0	1	medium	no	else if Func0D0(38, 0) <= 100
38	yes	1002	script_1002.mary	823	Proc02D	1	medium	no	Proc02D(38)
38	yes	1002	script_1002.mary	826	Func0D0	1	medium	no	else if Func0D0(38, 0) <= 150
38	yes	1002	script_1002.mary	830	Proc02D	1	medium	no	Proc02D(38)
38	yes	1002	script_1002.mary	837	Proc02D	1	medium	no	Proc02D(38)
38	yes	1002	script_1002.mary	843	Func0D0	1	medium	no	if Func0D0(38, 1) <= 50
38	yes	1002	script_1002.mary	847	Proc02D	1	medium	no	Proc02D(38)
38	yes	1002	script_1002.mary	850	Func0D0	1	medium	no	else if Func0D0(38, 1) <= 100
38	yes	1002	script_1002.mary	854	Proc02D	1	medium	no	Proc02D(38)
38	yes	1002	script_1002.mary	857	Func0D0	1	medium	no	else if Func0D0(38, 1) <= 150
38	yes	1002	script_1002.mary	861	Proc02D	1	medium	no	Proc02D(38)
38	yes	1002	script_1002.mary	868	Proc02D	1	medium	no	Proc02D(38)
38	yes	1002	script_1002.mary	874	Func0D0	1	medium	no	if Func0D0(38, 2) <= 50
38	yes	1002	script_1002.mary	878	Proc02D	1	medium	no	Proc02D(38)
38	yes	1002	script_1002.mary	881	Func0D0	1	medium	no	else if Func0D0(38, 2) <= 100
38	yes	1002	script_1002.mary	885	Proc02D	1	medium	no	Proc02D(38)
38	yes	1002	script_1002.mary	888	Func0D0	1	medium	no	else if Func0D0(38, 2) <= 150
38	yes	1002	script_1002.mary	892	Proc02D	1	medium	no	Proc02D(38)
38	yes	1002	script_1002.mary	899	Proc02D	1	medium	no	Proc02D(38)
38	yes	1002	script_1002.mary	905	Func0CF	1	medium	no	if Func0CF(38) > 1
38	yes	1002	script_1002.mary	917	Proc02D	1	medium	no	Proc02D(38)
38	yes	1002	script_1002.mary	925	Proc02D	1	medium	no	Proc02D(38)
38	yes	1002	script_1002.mary	927	Proc0D4	1	medium	no	Proc0D4(38)
38	yes	1002	script_1002.mary	932	Proc083	1	medium	no	Proc083(38)
38	yes	1002	script_1002.mary	936	SetEntityFacing	1	medium	no	SetEntityFacing(38, var_5)
38	yes	1003	script_1003.mary	232	GetEntityLocation	1	medium	no	if GetEntityLocation(37) == 28 && GetEntityLocation(38) == 28 && GetEntityLocation(36) == 28 && GetEntityLocation(40) == 28 && GetEntityLocation(41) == 28 && GetEntityLocation(42) == 28
38	yes	1004	script_1004.mary	227	GetEntityLocation	1	medium	no	if GetEntityLocation(37) == 28 && GetEntityLocation(38) == 28 && GetEntityLocation(39) == 28 && GetEntityLocation(36) == 28 && GetEntityLocation(41) == 28 && GetEntityLocation(42) == 28
38	yes	1005	script_1005.mary	218	GetEntityLocation	1	medium	no	if GetEntityLocation(37) == 28 && GetEntityLocation(38) == 28 && GetEntityLocation(39) == 28 && GetEntityLocation(40) == 28 && GetEntityLocation(36) == 28 && GetEntityLocation(42) == 28
38	yes	1008	script_1008.mary	675	TalkMessage	1	medium	no	TalkMessage(38)
38	yes	1013	script_1013.mary	1043	PushInt	1	medium	no	PushInt(38)
38	yes	1031	script_1031.mary	434	TalkChoice6	5	medium	no	var_0 = TalkChoice6(25, 37, 8, 28, 38, 39)
38	yes	1031	script_1031.mary	1572	Proc02D	1	medium	no	Proc02D(38)
38	yes	1031	script_1031.mary	1575	Func07F	1	medium	no	Proc039(0, Func07F(38))
38	yes	1031	script_1031.mary	1581	Proc080	1	medium	no	Proc080(38, 10)
38	yes	1031	script_1031.mary	1586	Proc080	1	medium	no	Proc080(38, -10)
38	yes	1048	script_1048.mary	427	Proc02D	1	medium	no	Proc02D(38)
38	yes	1048	script_1048.mary	474	Proc02D	1	medium	no	Proc02D(38)
38	yes	1048	script_1048.mary	492	Proc02D	1	medium	no	Proc02D(38)
38	yes	1048	script_1048.mary	515	Proc02D	1	medium	no	Proc02D(38)
38	yes	1048	script_1048.mary	536	Proc02D	1	medium	no	Proc02D(38)
38	yes	1048	script_1048.mary	571	Proc02D	1	medium	no	Proc02D(38)
38	yes	1048	script_1048.mary	618	Proc02D	1	medium	no	Proc02D(38)
38	yes	1048	script_1048.mary	665	Proc02D	1	medium	no	Proc02D(38)
38	yes	1048	script_1048.mary	712	Proc02D	1	medium	no	Proc02D(38)
38	yes	1063	script_1063.mary	41	Proc142	4	medium	no	Proc142(8, 4, 0, 38, 8)
39	yes	29	script_29.mary	371	Proc030	1	medium	no	Proc030(39)
39	yes	29	script_29.mary	384	Proc030	1	medium	no	Proc030(39)
39	yes	51	script_51.mary	222	Proc030	1	medium	no	Proc030(39)
39	yes	69	script_69.mary	109	Proc030	1	medium	no	Proc030(39)
39	yes	98	script_98.mary	21	Proc049	1	medium	no	Proc049(39)
39	yes	139	script_139.mary	205	Proc080	1	medium	no	Proc080(39, 2)
39	yes	155	script_155.mary	21	Proc049	1	medium	no	Proc049(39)
39	yes	224	script_224.mary	17	Proc049	1	medium	no	Proc049(39)
39	yes	237	script_237.mary	32	Proc030	1	medium	no	Proc030(39)
39	yes	316	script_316.mary	478	Proc09B	1	medium	no	Proc09B(39)
39	yes	322	script_322.mary	20	Proc049	1	medium	no	Proc049(39)
39	yes	335	script_335.mary	17	Proc049	1	medium	no	Proc049(39)
39	yes	362	script_362.mary	11	GetEntityLocation	1	medium	no	if GetEntityLocation(36) != 28 && GetEntityLocation(37) != 28 && GetEntityLocation(38) != 28 && GetEntityLocation(39) != 28 && GetEntityLocation(40) != 28 && GetEntityLocation(41) != 28 && GetEntityLocation(42) != 28
39	yes	368	script_368.mary	17	Proc049	1	medium	no	Proc049(39)
39	yes	441	script_441.mary	46	Proc048	1	medium	no	Proc048(39)
39	yes	523	script_523.mary	136	Proc038	1	medium	no	Proc038(39)
39	yes	529	script_529.mary	11	Func0B7	1	medium	no	if Func0B7(39)
39	yes	571	script_571.mary	557	Func07B	1	medium	no	if Func07B(39) == 0
39	yes	571	script_571.mary	597	Func07B	1	medium	no	if Func07B(39) == 1
39	yes	571	script_571.mary	917	PushInt	1	medium	no	PushInt(39)
39	yes	571	script_571.mary	1307	CallId	1	medium	no	Call(CallId(39))
39	yes	694	script_694.mary	62	Proc030	1	medium	no	Proc030(39)
39	yes	769	script_769.mary	119	Proc030	1	medium	no	Proc030(39)
39	yes	770	script_770.mary	10	Proc030	1	medium	no	Proc030(39)
39	yes	795	script_795.mary	379	SetEntityAnim	1	medium	no	SetEntityAnim(39, 1328)
39	yes	795	script_795.mary	390	Proc00F	1	medium	no	Proc00F(39)
39	yes	815	script_815.mary	29	SetEntityAnim	1	medium	no	SetEntityAnim(39, 1408)
39	yes	815	script_815.mary	43	Proc02D	1	medium	no	Proc02D(39)
39	yes	815	script_815.mary	78	Proc02D	1	medium	no	Proc02D(39)
39	yes	815	script_815.mary	108	SetEntityAnim	1	medium	no	SetEntityAnim(39, 1328)
39	yes	815	script_815.mary	143	Proc080	1	medium	no	Proc080(39, 10)
39	yes	815	script_815.mary	150	Proc083	1	medium	no	Proc083(39)
39	yes	819	script_819.mary	490	Proc080	1	medium	no	Proc080(39, -10)
39	yes	820	script_820.mary	59	Proc061	1	medium	no	Proc061(39)
39	yes	821	script_821.mary	84	Proc080	1	medium	no	Proc080(39, 10)
39	yes	848	script_848.mary	40	SetEntityAnim	1	medium	no	SetEntityAnim(39, 1328)
39	yes	848	script_848.mary	97	Proc02D	1	medium	no	Proc02D(39)
39	yes	848	script_848.mary	109	SetEntityFacing	1	medium	no	SetEntityFacing(39, 0)
39	yes	848	script_848.mary	110	SetEntityAnim	1	medium	no	SetEntityAnim(39, 1344)
39	yes	848	script_848.mary	111	Proc015	1	medium	no	Proc015(39, 0, 16)
39	yes	848	script_848.mary	137	Proc015	1	medium	no	Proc015(39, 0, 16)
39	yes	848	script_848.mary	146	Proc015	1	medium	no	Proc015(39, 0, 16)
39	yes	848	script_848.mary	155	Proc015	1	medium	no	Proc015(39, 0, 16)
39	yes	848	script_848.mary	165	Proc080	1	medium	no	Proc080(39, 20)
39	yes	848	script_848.mary	174	Proc083	1	medium	no	Proc083(39)
39	yes	953	script_953.mary	59	Proc030	1	medium	no	Proc030(39)
39	yes	954	script_954.mary	8	Proc030	1	medium	no	Proc030(39)
39	yes	982	script_982.mary	338	Func086	1	medium	no	if Func086(36) == 1 && Func086(37) == 1 && Func086(39) == 1 && Func086(40) == 1 && Func086(41) == 1 && Func086(42) == 1 && Func086(36) == 1
39	yes	982	script_982.mary	340	Func07F	1	medium	no	if Func07F(36) >= 100 && Func07F(38) >= 100 && Func07F(39) >= 100 && Func07F(40) >= 100 && Func07F(41) >= 100 && Func07F(42) >= 100 && Func07F(36) >= 100
39	yes	982	script_982.mary	660	Func07F	1	medium	no	if !Func060(84) && Func03E(321) == 0 && var_1 == 0 && (var_2 == 30 || Func03D(0, 99) < 30) && Func07F(36) >= 75 && Func07F(37) >= 75 && Func07F(38) >= 75 && Func07F(39) >= 75 && Func07F(40) >= 75 && Func07F(41) >= 75 && Func07F(42) >= 75
39	yes	985	script_985.mary	116	Proc080	1	medium	no	Proc080(39, -3 * var_7)
39	yes	998	script_998.mary	184	Proc030	1	medium	no	Proc030(39)
39	yes	999	script_999.mary	223	GetEntityLocation	1	medium	no	if GetEntityLocation(37) == 28 && GetEntityLocation(38) == 28 && GetEntityLocation(39) == 28 && GetEntityLocation(40) == 28 && GetEntityLocation(41) == 28 && GetEntityLocation(42) == 28
39	yes	1000	script_1000.mary	221	GetEntityLocation	1	medium	no	if GetEntityLocation(37) == 28 && GetEntityLocation(38) == 28 && GetEntityLocation(39) == 28 && GetEntityLocation(40) == 28 && GetEntityLocation(41) == 28 && GetEntityLocation(36) == 28
39	yes	1001	script_1001.mary	227	GetEntityLocation	1	medium	no	if GetEntityLocation(36) == 28 && GetEntityLocation(38) == 28 && GetEntityLocation(39) == 28 && GetEntityLocation(40) == 28 && GetEntityLocation(41) == 28 && GetEntityLocation(42) == 28
39	yes	1002	script_1002.mary	224	GetEntityLocation	1	medium	no	if GetEntityLocation(37) == 28 && GetEntityLocation(36) == 28 && GetEntityLocation(39) == 28 && GetEntityLocation(40) == 28 && GetEntityLocation(41) == 28 && GetEntityLocation(42) == 28
39	yes	1003	script_1003.mary	91	SetEntityAnim	1	medium	no	SetEntityAnim(39, 1328)
39	yes	1003	script_1003.mary	92	Proc012	1	medium	no	Proc012(39)
39	yes	1003	script_1003.mary	93	GetEntityFacing	1	medium	no	var_5 = GetEntityFacing(39)
39	yes	1003	script_1003.mary	96	Proc02D	1	medium	no	Proc02D(39)
39	yes	1003	script_1003.mary	97	Func086	1	medium	no	if Func086(39) == 0
39	yes	1003	script_1003.mary	101	Proc083	1	medium	no	Proc083(39)
39	yes	1003	script_1003.mary	228	GetEntityLocation	1	medium	no	else if GetEntityLocation(39) == 28
39	yes	1003	script_1003.mary	259	Func07E	1	medium	no	else if (var_0 == 1 || var_0 == 2 || var_0 == 3) && Func07E(39)
39	yes	1003	script_1003.mary	320	Func088	1	medium	no	if Func088(39) == 0
39	yes	1003	script_1003.mary	412	Func07E	1	medium	no	if Func07E(39)
39	yes	1003	script_1003.mary	420	Proc080	1	medium	no	Proc080(39, var_1)
39	yes	1003	script_1003.mary	421	Func07F	1	medium	no	if Func03E(481) == 0 && var_2 == 0 && Func07F(39) >= 101 && (var_0 == 1 || var_0 == 2 || var_0 == 3)
39	yes	1003	script_1003.mary	432	Proc087	1	medium	no	Proc087(39)
39	yes	1003	script_1003.mary	447	GetEntityLocation	1	medium	no	if GetEntityLocation(39) == 28
39	yes	1003	script_1003.mary	457	Func085	1	medium	no	if Func085(39) == 0
39	yes	1003	script_1003.mary	459	Func07F	1	medium	no	if Func07F(39) <= 50
39	yes	1003	script_1003.mary	464	Func07F	1	medium	no	else if Func07F(39) <= 100
39	yes	1003	script_1003.mary	469	Func07F	1	medium	no	else if Func07F(39) <= 150
39	yes	1003	script_1003.mary	480	Func07F	1	medium	no	else if Func07F(39) <= 50
39	yes	1003	script_1003.mary	485	Func07F	1	medium	no	else if Func07F(39) <= 100
39	yes	1003	script_1003.mary	490	Func07F	1	medium	no	else if Func07F(39) <= 150
39	yes	1003	script_1003.mary	501	Func085	1	medium	no	else if Func085(39) == 0
39	yes	1003	script_1003.mary	503	Func07F	1	medium	no	if Func07F(39) <= 50
39	yes	1003	script_1003.mary	508	Func07F	1	medium	no	else if Func07F(39) <= 100
39	yes	1003	script_1003.mary	513	Func07F	1	medium	no	else if Func07F(39) <= 150
39	yes	1003	script_1003.mary	524	Func07F	1	medium	no	else if Func07F(39) <= 50
39	yes	1003	script_1003.mary	529	Func07F	1	medium	no	else if Func07F(39) <= 100
39	yes	1003	script_1003.mary	534	Func07F	1	medium	no	else if Func07F(39) <= 150
39	yes	1003	script_1003.mary	552	Func0CF	1	medium	no	if Func0CF(39) != 0
39	yes	1003	script_1003.mary	557	Proc02D	1	medium	no	Proc02D(39)
39	yes	1003	script_1003.mary	560	Func07F	1	medium	no	else if Func07F(39) <= 74
39	yes	1003	script_1003.mary	565	Proc02D	1	medium	no	Proc02D(39)
39	yes	1003	script_1003.mary	573	Proc02D	1	medium	no	Proc02D(39)
39	yes	1003	script_1003.mary	592	Proc02D	1	medium	no	Proc02D(39)
39	yes	1003	script_1003.mary	594	Proc0D3	1	medium	no	Proc0D3(39, 1, 1)
39	yes	1003	script_1003.mary	599	Proc02D	1	medium	no	Proc02D(39)
39	yes	1003	script_1003.mary	601	Proc0D3	1	medium	no	Proc0D3(39, 1, 3)
39	yes	1003	script_1003.mary	606	Proc02D	1	medium	no	Proc02D(39)
39	yes	1003	script_1003.mary	608	Proc0D3	1	medium	no	Proc0D3(39, 1, 7)
39	yes	1003	script_1003.mary	624	Proc02D	1	medium	no	Proc02D(39)
39	yes	1003	script_1003.mary	626	Proc0D3	1	medium	no	Proc0D3(39, 0, 1)
39	yes	1003	script_1003.mary	631	Proc02D	1	medium	no	Proc02D(39)
39	yes	1003	script_1003.mary	633	Proc0D3	1	medium	no	Proc0D3(39, 0, 3)
39	yes	1003	script_1003.mary	638	Proc02D	1	medium	no	Proc02D(39)
39	yes	1003	script_1003.mary	640	Proc0D3	1	medium	no	Proc0D3(39, 0, 7)
39	yes	1003	script_1003.mary	656	Proc02D	1	medium	no	Proc02D(39)
39	yes	1003	script_1003.mary	658	Proc0D3	1	medium	no	Proc0D3(39, 2, 1)
39	yes	1003	script_1003.mary	663	Proc02D	1	medium	no	Proc02D(39)
39	yes	1003	script_1003.mary	665	Proc0D3	1	medium	no	Proc0D3(39, 2, 3)
39	yes	1003	script_1003.mary	670	Proc02D	1	medium	no	Proc02D(39)
39	yes	1003	script_1003.mary	672	Proc0D3	1	medium	no	Proc0D3(39, 2, 7)
39	yes	1003	script_1003.mary	679	Proc02D	1	medium	no	Proc02D(39)
39	yes	1003	script_1003.mary	687	Func0D1	1	medium	no	if Func0D1(39) == 1
39	yes	1003	script_1003.mary	692	Proc02D	1	medium	no	Proc02D(39)
39	yes	1003	script_1003.mary	695	Func07F	1	medium	no	else if Func07F(39) <= 74
39	yes	1003	script_1003.mary	700	Proc02D	1	medium	no	Proc02D(39)
39	yes	1003	script_1003.mary	719	Proc02D	1	medium	no	Proc02D(39)
39	yes	1003	script_1003.mary	723	Func0D8	1	medium	no	var_4 = Func0D8(39)
39	yes	1003	script_1003.mary	726	Proc02D	1	medium	no	Proc02D(39)
39	yes	1003	script_1003.mary	744	Proc02D	1	medium	no	Proc02D(39)
39	yes	1003	script_1003.mary	748	Func0D7	1	medium	no	var_4 = Func0D7(39)
39	yes	1003	script_1003.mary	751	Proc02D	1	medium	no	Proc02D(39)
39	yes	1003	script_1003.mary	769	Proc02D	1	medium	no	Proc02D(39)
39	yes	1003	script_1003.mary	773	Func0D6	1	medium	no	var_4 = Func0D6(39)
39	yes	1003	script_1003.mary	776	Proc02D	1	medium	no	Proc02D(39)
39	yes	1003	script_1003.mary	794	Proc02D	1	medium	no	Proc02D(39)
39	yes	1003	script_1003.mary	805	Proc02D	1	medium	no	Proc02D(39)
39	yes	1003	script_1003.mary	812	Func0D5	1	medium	no	if Func0D5(39) == 1
39	yes	1003	script_1003.mary	815	Proc02D	1	medium	no	Proc02D(39)
39	yes	1003	script_1003.mary	820	Func0CE	1	medium	no	switch Func0CE(39)
39	yes	1003	script_1003.mary	824	Func0D0	1	medium	no	if Func0D0(39, 0) <= 50
39	yes	1003	script_1003.mary	828	Proc02D	1	medium	no	Proc02D(39)
39	yes	1003	script_1003.mary	831	Func0D0	1	medium	no	else if Func0D0(39, 0) <= 100
39	yes	1003	script_1003.mary	835	Proc02D	1	medium	no	Proc02D(39)
39	yes	1003	script_1003.mary	838	Func0D0	1	medium	no	else if Func0D0(39, 0) <= 150
39	yes	1003	script_1003.mary	842	Proc02D	1	medium	no	Proc02D(39)
39	yes	1003	script_1003.mary	849	Proc02D	1	medium	no	Proc02D(39)
39	yes	1003	script_1003.mary	855	Func0D0	1	medium	no	if Func0D0(39, 1) <= 50
39	yes	1003	script_1003.mary	859	Proc02D	1	medium	no	Proc02D(39)
39	yes	1003	script_1003.mary	862	Func0D0	1	medium	no	else if Func0D0(39, 1) <= 100
39	yes	1003	script_1003.mary	866	Proc02D	1	medium	no	Proc02D(39)
39	yes	1003	script_1003.mary	869	Func0D0	1	medium	no	else if Func0D0(39, 1) <= 150
39	yes	1003	script_1003.mary	873	Proc02D	1	medium	no	Proc02D(39)
39	yes	1003	script_1003.mary	880	Proc02D	1	medium	no	Proc02D(39)
39	yes	1003	script_1003.mary	886	Func0D0	1	medium	no	if Func0D0(39, 2) <= 50
39	yes	1003	script_1003.mary	890	Proc02D	1	medium	no	Proc02D(39)
39	yes	1003	script_1003.mary	893	Func0D0	1	medium	no	else if Func0D0(39, 2) <= 100
39	yes	1003	script_1003.mary	897	Proc02D	1	medium	no	Proc02D(39)
39	yes	1003	script_1003.mary	900	Func0D0	1	medium	no	else if Func0D0(39, 2) <= 150
39	yes	1003	script_1003.mary	904	Proc02D	1	medium	no	Proc02D(39)
39	yes	1003	script_1003.mary	911	Proc02D	1	medium	no	Proc02D(39)
39	yes	1003	script_1003.mary	917	Func0CF	1	medium	no	if Func0CF(39) > 1
39	yes	1003	script_1003.mary	929	Proc02D	1	medium	no	Proc02D(39)
39	yes	1003	script_1003.mary	937	Proc02D	1	medium	no	Proc02D(39)
39	yes	1003	script_1003.mary	939	Proc0D4	1	medium	no	Proc0D4(39)
39	yes	1003	script_1003.mary	944	Proc083	1	medium	no	Proc083(39)
39	yes	1003	script_1003.mary	948	SetEntityFacing	1	medium	no	SetEntityFacing(39, var_5)
39	yes	1004	script_1004.mary	227	GetEntityLocation	1	medium	no	if GetEntityLocation(37) == 28 && GetEntityLocation(38) == 28 && GetEntityLocation(39) == 28 && GetEntityLocation(36) == 28 && GetEntityLocation(41) == 28 && GetEntityLocation(42) == 28
39	yes	1005	script_1005.mary	218	GetEntityLocation	1	medium	no	if GetEntityLocation(37) == 28 && GetEntityLocation(38) == 28 && GetEntityLocation(39) == 28 && GetEntityLocation(40) == 28 && GetEntityLocation(36) == 28 && GetEntityLocation(42) == 28
39	yes	1008	script_1008.mary	676	TalkChoice2	1	medium	no	var_3 = TalkChoice2(39, 40)
39	yes	1013	script_1013.mary	702	CallId	1	medium	no	Call(CallId(39))
39	yes	1031	script_1031.mary	434	TalkChoice6	6	medium	no	var_0 = TalkChoice6(25, 37, 8, 28, 38, 39)
39	yes	1031	script_1031.mary	1619	Proc02D	1	medium	no	Proc02D(39)
39	yes	1031	script_1031.mary	1622	Func07F	1	medium	no	Proc039(0, Func07F(39))
39	yes	1031	script_1031.mary	1628	Proc080	1	medium	no	Proc080(39, 10)
39	yes	1031	script_1031.mary	1633	Proc080	1	medium	no	Proc080(39, -10)
39	yes	1048	script_1048.mary	430	Proc02D	1	medium	no	Proc02D(39)
39	yes	1048	script_1048.mary	477	Proc02D	1	medium	no	Proc02D(39)
39	yes	1048	script_1048.mary	524	Proc02D	1	medium	no	Proc02D(39)
39	yes	1048	script_1048.mary	539	Proc02D	1	medium	no	Proc02D(39)
39	yes	1048	script_1048.mary	562	Proc02D	1	medium	no	Proc02D(39)
39	yes	1048	script_1048.mary	583	Proc02D	1	medium	no	Proc02D(39)
39	yes	1048	script_1048.mary	621	Proc02D	1	medium	no	Proc02D(39)
39	yes	1048	script_1048.mary	668	Proc02D	1	medium	no	Proc02D(39)
39	yes	1048	script_1048.mary	715	Proc02D	1	medium	no	Proc02D(39)
39	yes	1050	script_1050.mary	209	Proc049	1	medium	no	Proc049(39)
39	yes	1060	script_1060.mary	43	Proc00A	2	medium	no	Proc00A(94, 39, 1)
39	yes	1060	script_1060.mary	208	Proc00A	2	medium	no	Proc00A(94, 39, 1)
39	yes	1061	script_1061.mary	43	Proc00A	2	medium	no	Proc00A(94, 39, 1)
39	yes	1062	script_1062.mary	43	Proc00A	2	medium	no	Proc00A(94, 39, 1)
39	yes	1062	script_1062.mary	218	Proc00A	2	medium	no	Proc00A(94, 39, 1)
43	yes	316	script_316.mary	555	Proc09B	1	medium	no	Proc09B(43)
43	yes	492	script_492.mary	38	GetEntityLocation	1	medium	no	if GetEntityLocation(43) == 1 || !Func040() && Func041() == 2
43	yes	571	script_571.mary	573	Func07B	1	medium	no	if Func07B(43) == 0
43	yes	571	script_571.mary	629	Func07B	1	medium	no	if Func07B(43) == 1
43	yes	571	script_571.mary	941	PushInt	1	medium	no	PushInt(43)
43	yes	571	script_571.mary	1325	CallId	1	medium	no	Call(CallId(43))
43	yes	993	script_993.mary	806	Proc038	1	medium	no	Proc038(43)
43	yes	999	script_999.mary	216	Proc030	1	medium	no	Proc030(43)
43	yes	999	script_999.mary	234	Proc030	1	medium	no	Proc030(43)
43	yes	999	script_999.mary	240	Proc030	1	medium	no	Proc030(43)
43	yes	999	script_999.mary	246	Proc030	1	medium	no	Proc030(43)
43	yes	999	script_999.mary	276	Proc030	1	medium	no	Proc030(43)
43	yes	999	script_999.mary	281	Proc030	1	medium	no	Proc030(43)
43	yes	999	script_999.mary	291	Proc030	1	medium	no	Proc030(43)
43	yes	999	script_999.mary	490	Proc030	1	medium	no	Proc030(43)
43	yes	999	script_999.mary	511	Proc030	1	medium	no	Proc030(43)
43	yes	999	script_999.mary	549	Proc030	1	medium	no	Proc030(43)
43	yes	999	script_999.mary	663	Proc030	1	medium	no	Proc030(43)
43	yes	999	script_999.mary	684	Proc030	1	medium	no	Proc030(43)
43	yes	999	script_999.mary	719	Proc030	1	medium	no	Proc030(43)
43	yes	999	script_999.mary	744	Proc030	1	medium	no	Proc030(43)
43	yes	999	script_999.mary	769	Proc030	1	medium	no	Proc030(43)
43	yes	999	script_999.mary	778	Proc030	1	medium	no	Proc030(43)
43	yes	999	script_999.mary	812	Proc030	1	medium	no	Proc030(43)
43	yes	1008	script_1008.mary	707	TalkMessage	1	medium	no	TalkMessage(43)
43	yes	1031	script_1031.mary	556	Func027	1	medium	no	var_0 = Func027(43, 31, 32, 15, 15)
43	yes	1048	script_1048.mary	420	Proc030	1	medium	no	Proc030(43)
43	yes	1080	script_1080.mary	47	GetEntityLocation	1	medium	no	if GetEntityLocation(43) == 6
43	yes	1098	script_1098.mary	22	GetEntityLocation	1	medium	no	if GetEntityLocation(43) == 6
43	yes	1100	script_1100.mary	40	GetEntityLocation	1	medium	no	if GetEntityLocation(43) == 6
43	yes	1114	script_1114.mary	40	GetEntityLocation	1	medium	no	if GetEntityLocation(43) == 6
43	yes	1130	script_1130.mary	68	Proc00F	1	medium	no	Proc00F(43)
43	yes	1161	script_1161.mary	28	GetEntityLocation	1	medium	no	if GetEntityLocation(43) == 6
43	yes	1163	script_1163.mary	22	GetEntityLocation	1	medium	no	if GetEntityLocation(43) == 6
43	yes	1165	script_1165.mary	45	GetEntityLocation	1	medium	no	if GetEntityLocation(43) == 6
43	yes	1190	script_1190.mary	28	GetEntityLocation	1	medium	no	if GetEntityLocation(43) == 6
43	yes	1217	script_1217.mary	36	GetEntityLocation	1	medium	no	if GetEntityLocation(43) == 6
43	yes	1246	script_1246.mary	44	GetEntityLocation	1	medium	no	if GetEntityLocation(43) == 6
43	yes	1264	script_1264.mary	22	GetEntityLocation	1	medium	no	if GetEntityLocation(43) == 6
43	yes	1266	script_1266.mary	43	GetEntityLocation	1	medium	no	if GetEntityLocation(43) == 6
43	yes	1289	script_1289.mary	28	GetEntityLocation	1	medium	no	if GetEntityLocation(43) == 6
44	yes	5	script_5.mary	30	SetEntityAnim	1	medium	no	SetEntityAnim(44, 1946)
44	yes	5	script_5.mary	100	SetEntityFacing	1	medium	no	SetEntityFacing(44, 3)
44	yes	5	script_5.mary	101	SetEntityAnim	1	medium	no	SetEntityAnim(44, 1950)
44	yes	5	script_5.mary	102	Proc008	1	medium	no	Proc008(44, 305, 1)
44	yes	5	script_5.mary	103	Proc00C	1	medium	no	Proc00C(44)
44	yes	5	script_5.mary	104	SetEntityAnim	1	medium	no	SetEntityAnim(44, 1946)
44	yes	5	script_5.mary	106	SetEntityFacing	1	medium	no	SetEntityFacing(44, 1)
44	yes	5	script_5.mary	110	SetEntityAnim	1	medium	no	SetEntityAnim(44, 1950)
44	yes	5	script_5.mary	111	Proc00A	1	medium	no	Proc00A(44, 0, 1)
44	yes	5	script_5.mary	113	Proc00C	1	medium	no	Proc00C(44)
44	yes	5	script_5.mary	115	Proc00F	1	medium	no	Proc00F(44)
44	yes	5	script_5.mary	144	SetEntityFacing	1	medium	no	SetEntityFacing(44, 3)
44	yes	5	script_5.mary	145	SetEntityAnim	1	medium	no	SetEntityAnim(44, 1950)
44	yes	5	script_5.mary	147	Proc008	1	medium	no	Proc008(44, 500, 1)
44	yes	5	script_5.mary	149	Proc00C	1	medium	no	Proc00C(44)
44	yes	5	script_5.mary	150	Proc132	1	medium	no	Proc132(44, 9, 84, 124)
44	yes	6	script_6.mary	56	SetEntityAnim	1	medium	no	SetEntityAnim(44, 1914)
44	yes	6	script_6.mary	132	SetEntityAnim	1	medium	no	SetEntityAnim(44, 1914)
44	yes	6	script_6.mary	140	SetEntityFacing	1	medium	no	SetEntityFacing(44, 1)
44	yes	6	script_6.mary	142	SetEntityAnim	1	medium	no	SetEntityAnim(44, 1918)
44	yes	6	script_6.mary	144	Proc00A	1	medium	no	Proc00A(44, 0, 1)
44	yes	6	script_6.mary	146	Proc00C	1	medium	no	Proc00C(44)
44	yes	6	script_6.mary	148	Proc00F	1	medium	no	Proc00F(44)
44	yes	7	script_7.mary	22	SetEntityAnim	1	medium	no	SetEntityAnim(44, 1914)
44	yes	7	script_7.mary	49	SetEntityFacing	1	medium	no	SetEntityFacing(44, 3)
44	yes	7	script_7.mary	50	SetEntityAnim	1	medium	no	SetEntityAnim(44, 1918)
44	yes	7	script_7.mary	51	Proc008	1	medium	no	Proc008(44, 500, 1)
44	yes	7	script_7.mary	53	Proc00C	1	medium	no	Proc00C(44)
44	yes	7	script_7.mary	54	SetEntityAnim	1	medium	no	SetEntityAnim(44, 1914)
44	yes	7	script_7.mary	55	Proc132	1	medium	no	Proc132(44, 9, 84, 124)
44	yes	9	script_9.mary	14	Proc011	1	medium	no	Proc011(44, 1, 0)
44	yes	29	script_29.mary	267	Proc00A	2	medium	no	Proc00A(19, 44, 1)
44	yes	29	script_29.mary	272	Proc00A	2	medium	no	Proc00A(0, 44, 1)
44	yes	166	script_166.mary	15	SetEntityFacing	1	medium	no	SetEntityFacing(44, 1)
44	yes	166	script_166.mary	17	SetEntityAnim	1	medium	no	SetEntityAnim(44, 1918)
44	yes	166	script_166.mary	19	Proc00A	1	medium	no	Proc00A(44, 688, 1)
44	yes	172	script_172.mary	16	SetEntityFacing	1	medium	no	SetEntityFacing(44, 0)
44	yes	172	script_172.mary	18	SetEntityAnim	1	medium	no	SetEntityAnim(44, 1918)
44	yes	172	script_172.mary	20	Proc00A	1	medium	no	Proc00A(44, 64, 1)
44	yes	316	script_316.mary	575	Proc09B	1	medium	no	Proc09B(44)
44	yes	571	script_571.mary	577	Func07B	1	medium	no	if Func07B(44) == 0
44	yes	571	script_571.mary	637	Func07B	1	medium	no	if Func07B(44) == 1
44	yes	571	script_571.mary	700	CallId	1	medium	no	Call(CallId(44))
44	yes	571	script_571.mary	946	PushInt	1	medium	no	PushInt(44)
44	yes	571	script_571.mary	1026	CallId	1	medium	no	Call(CallId(44))
44	yes	571	script_571.mary	1131	CallId	1	medium	no	Call(CallId(44))
44	yes	571	script_571.mary	1152	CallId	1	medium	no	Call(CallId(44))
44	yes	571	script_571.mary	1197	CallId	1	medium	no	Call(CallId(44))
44	yes	571	script_571.mary	1294	CallId	1	medium	no	Call(CallId(44))
44	yes	571	script_571.mary	1332	CallId	1	medium	no	Call(CallId(44))
44	yes	571	script_571.mary	1367	CallId	1	medium	no	Call(CallId(44))
44	yes	571	script_571.mary	1401	CallId	1	medium	no	Call(CallId(44))
44	yes	571	script_571.mary	1410	CallId	1	medium	no	Call(CallId(44))
44	yes	571	script_571.mary	1445	CallId	1	medium	no	Call(CallId(44))
44	yes	571	script_571.mary	1479	CallId	1	medium	no	Call(CallId(44))
44	yes	571	script_571.mary	1488	CallId	1	medium	no	Call(CallId(44))
44	yes	571	script_571.mary	1523	CallId	1	medium	no	Call(CallId(44))
44	yes	571	script_571.mary	1557	CallId	1	medium	no	Call(CallId(44))
44	yes	571	script_571.mary	1566	CallId	1	medium	no	Call(CallId(44))
44	yes	571	script_571.mary	1601	CallId	1	medium	no	Call(CallId(44))
44	yes	571	script_571.mary	1635	CallId	1	medium	no	Call(CallId(44))
44	yes	571	script_571.mary	1644	CallId	1	medium	no	Call(CallId(44))
44	yes	571	script_571.mary	1690	CallId	1	medium	no	Call(CallId(44))
44	yes	571	script_571.mary	1724	CallId	1	medium	no	Call(CallId(44))
44	yes	571	script_571.mary	1733	CallId	1	medium	no	Call(CallId(44))
44	yes	571	script_571.mary	1747	CallId	1	medium	no	Call(CallId(44))
44	yes	571	script_571.mary	1769	CallId	1	medium	no	Call(CallId(44))
44	yes	571	script_571.mary	1792	CallId	1	medium	no	Call(CallId(44))
44	yes	707	script_707.mary	39	Proc017	1	medium	no	Proc017(44, 80, 2)
44	yes	815	script_815.mary	52	Proc030	1	medium	no	Proc030(44)
44	yes	983	script_983.mary	21	Proc038	1	medium	no	Proc038(44)
44	yes	1001	script_1001.mary	99	Proc030	1	medium	no	Proc030(44)
44	yes	1001	script_1001.mary	229	Proc030	1	medium	no	Proc030(44)
44	yes	1001	script_1001.mary	256	Proc030	1	medium	no	Proc030(44)
44	yes	1001	script_1001.mary	265	Proc030	1	medium	no	Proc030(44)
44	yes	1001	script_1001.mary	270	Proc030	1	medium	no	Proc030(44)
44	yes	1001	script_1001.mary	275	Proc030	1	medium	no	Proc030(44)
44	yes	1001	script_1001.mary	290	Proc030	1	medium	no	Proc030(44)
44	yes	1001	script_1001.mary	300	Proc030	1	medium	no	Proc030(44)
44	yes	1001	script_1001.mary	305	Proc030	1	medium	no	Proc030(44)
44	yes	1001	script_1001.mary	310	Proc030	1	medium	no	Proc030(44)
44	yes	1001	script_1001.mary	429	Proc030	1	medium	no	Proc030(44)
44	yes	1001	script_1001.mary	440	Proc030	1	medium	no	Proc030(44)
44	yes	1001	script_1001.mary	450	Proc030	1	medium	no	Proc030(44)
44	yes	1001	script_1001.mary	455	Proc030	1	medium	no	Proc030(44)
44	yes	1001	script_1001.mary	460	Proc030	1	medium	no	Proc030(44)
44	yes	1001	script_1001.mary	465	Proc030	1	medium	no	Proc030(44)
44	yes	1001	script_1001.mary	471	Proc030	1	medium	no	Proc030(44)
44	yes	1001	script_1001.mary	476	Proc030	1	medium	no	Proc030(44)
44	yes	1001	script_1001.mary	481	Proc030	1	medium	no	Proc030(44)
44	yes	1001	script_1001.mary	486	Proc030	1	medium	no	Proc030(44)
44	yes	1001	script_1001.mary	494	Proc030	1	medium	no	Proc030(44)
44	yes	1001	script_1001.mary	504	Proc030	1	medium	no	Proc030(44)
44	yes	1001	script_1001.mary	509	Proc030	1	medium	no	Proc030(44)
44	yes	1001	script_1001.mary	520	Proc030	1	medium	no	Proc030(44)
44	yes	1001	script_1001.mary	525	Proc030	1	medium	no	Proc030(44)
44	yes	1001	script_1001.mary	530	Proc030	1	medium	no	Proc030(44)
44	yes	1001	script_1001.mary	545	Proc030	1	medium	no	Proc030(44)
44	yes	1001	script_1001.mary	561	Proc030	1	medium	no	Proc030(44)
44	yes	1001	script_1001.mary	571	Proc030	1	medium	no	Proc030(44)
44	yes	1001	script_1001.mary	580	Proc030	1	medium	no	Proc030(44)
44	yes	1001	script_1001.mary	587	Proc030	1	medium	no	Proc030(44)
44	yes	1001	script_1001.mary	594	Proc030	1	medium	no	Proc030(44)
44	yes	1001	script_1001.mary	603	Proc030	1	medium	no	Proc030(44)
44	yes	1001	script_1001.mary	612	Proc030	1	medium	no	Proc030(44)
44	yes	1001	script_1001.mary	619	Proc030	1	medium	no	Proc030(44)
44	yes	1001	script_1001.mary	626	Proc030	1	medium	no	Proc030(44)
44	yes	1001	script_1001.mary	635	Proc030	1	medium	no	Proc030(44)
44	yes	1001	script_1001.mary	644	Proc030	1	medium	no	Proc030(44)
44	yes	1001	script_1001.mary	651	Proc030	1	medium	no	Proc030(44)
44	yes	1001	script_1001.mary	658	Proc030	1	medium	no	Proc030(44)
44	yes	1001	script_1001.mary	680	Proc030	1	medium	no	Proc030(44)
44	yes	1001	script_1001.mary	696	Proc030	1	medium	no	Proc030(44)
44	yes	1001	script_1001.mary	707	Proc030	1	medium	no	Proc030(44)
44	yes	1001	script_1001.mary	718	Proc030	1	medium	no	Proc030(44)
44	yes	1001	script_1001.mary	732	Proc030	1	medium	no	Proc030(44)
44	yes	1001	script_1001.mary	743	Proc030	1	medium	no	Proc030(44)
44	yes	1001	script_1001.mary	757	Proc030	1	medium	no	Proc030(44)
44	yes	1001	script_1001.mary	768	Proc030	1	medium	no	Proc030(44)
44	yes	1001	script_1001.mary	803	Proc030	1	medium	no	Proc030(44)
44	yes	1001	script_1001.mary	823	Proc030	1	medium	no	Proc030(44)
44	yes	1001	script_1001.mary	830	Proc030	1	medium	no	Proc030(44)
44	yes	1001	script_1001.mary	837	Proc030	1	medium	no	Proc030(44)
44	yes	1001	script_1001.mary	847	Proc030	1	medium	no	Proc030(44)
44	yes	1001	script_1001.mary	854	Proc030	1	medium	no	Proc030(44)
44	yes	1001	script_1001.mary	861	Proc030	1	medium	no	Proc030(44)
44	yes	1001	script_1001.mary	868	Proc030	1	medium	no	Proc030(44)
44	yes	1001	script_1001.mary	878	Proc030	1	medium	no	Proc030(44)
44	yes	1001	script_1001.mary	885	Proc030	1	medium	no	Proc030(44)
44	yes	1001	script_1001.mary	892	Proc030	1	medium	no	Proc030(44)
44	yes	1001	script_1001.mary	899	Proc030	1	medium	no	Proc030(44)
44	yes	1001	script_1001.mary	917	Proc030	1	medium	no	Proc030(44)
44	yes	1001	script_1001.mary	925	Proc030	1	medium	no	Proc030(44)
44	yes	1008	script_1008.mary	717	TalkMessage	1	medium	no	TalkMessage(44)
44	yes	1031	script_1031.mary	587	Proc02E	1	medium	no	Proc02E(44)
44	yes	1031	script_1031.mary	1537	Proc030	1	medium	no	Proc030(44)
44	yes	1048	script_1048.mary	423	Proc030	1	medium	no	Proc030(44)
44	yes	1048	script_1048.mary	444	Proc030	1	medium	no	Proc030(44)
44	yes	1048	script_1048.mary	488	Proc030	1	medium	no	Proc030(44)
44	yes	1048	script_1048.mary	520	Proc030	1	medium	no	Proc030(44)
44	yes	1048	script_1048.mary	567	Proc030	1	medium	no	Proc030(44)
44	yes	1048	script_1048.mary	614	Proc030	1	medium	no	Proc030(44)
44	yes	1048	script_1048.mary	661	Proc030	1	medium	no	Proc030(44)
44	yes	1048	script_1048.mary	708	Proc030	1	medium	no	Proc030(44)
44	yes	1079	script_1079.mary	60	SetEntityAnim	1	medium	no	SetEntityAnim(44, 1914)
44	yes	1079	script_1079.mary	61	Proc012	1	medium	no	Proc012(44)
44	yes	1079	script_1079.mary	74	SetEntityAnim	1	medium	no	SetEntityAnim(44, 1918)
44	yes	1079	script_1079.mary	75	SetEntityFacing	1	medium	no	SetEntityFacing(44, 3)
44	yes	1079	script_1079.mary	76	Proc008	1	medium	no	Proc008(44, 305, 1)
44	yes	1079	script_1079.mary	77	Proc00C	1	medium	no	Proc00C(44)
44	yes	1079	script_1079.mary	78	SetEntityAnim	1	medium	no	SetEntityAnim(44, 1914)
44	yes	1079	script_1079.mary	80	SetEntityFacing	1	medium	no	SetEntityFacing(44, 1)
44	yes	1079	script_1079.mary	84	SetEntityAnim	1	medium	no	SetEntityAnim(44, 1918)
44	yes	1079	script_1079.mary	85	Proc00A	1	medium	no	Proc00A(44, 0, 1)
44	yes	1079	script_1079.mary	87	Proc00C	1	medium	no	Proc00C(44)
44	yes	1079	script_1079.mary	89	Proc00F	1	medium	no	Proc00F(44)
44	yes	1245	script_1245.mary	61	SetEntityAnim	1	medium	no	SetEntityAnim(44, 1914)
44	yes	1245	script_1245.mary	62	Proc012	1	medium	no	Proc012(44)
44	yes	1245	script_1245.mary	75	SetEntityAnim	1	medium	no	SetEntityAnim(44, 1918)
44	yes	1245	script_1245.mary	76	SetEntityFacing	1	medium	no	SetEntityFacing(44, 3)
44	yes	1245	script_1245.mary	77	Proc008	1	medium	no	Proc008(44, 305, 1)
44	yes	1245	script_1245.mary	78	Proc00C	1	medium	no	Proc00C(44)
44	yes	1245	script_1245.mary	79	SetEntityAnim	1	medium	no	SetEntityAnim(44, 1914)
44	yes	1245	script_1245.mary	81	SetEntityFacing	1	medium	no	SetEntityFacing(44, 1)
44	yes	1245	script_1245.mary	85	SetEntityAnim	1	medium	no	SetEntityAnim(44, 1918)
44	yes	1245	script_1245.mary	86	Proc00A	1	medium	no	Proc00A(44, 0, 1)
44	yes	1245	script_1245.mary	88	Proc00C	1	medium	no	Proc00C(44)
44	yes	1245	script_1245.mary	90	Proc00F	1	medium	no	Proc00F(44)
45	yes	44	script_44.mary	133	Proc038	1	medium	no	Proc038(45)
45	yes	316	script_316.mary	590	Proc09B	1	medium	no	Proc09B(45)
45	yes	571	script_571.mary	581	Func07B	1	medium	no	if Func07B(45) == 0
45	yes	571	script_571.mary	645	Func07B	1	medium	no	if Func07B(45) == 1
45	yes	571	script_571.mary	951	PushInt	1	medium	no	PushInt(45)
45	yes	1001	script_1001.mary	220	Proc030	1	medium	no	Proc030(45)
45	yes	1001	script_1001.mary	238	Proc030	1	medium	no	Proc030(45)
45	yes	1001	script_1001.mary	244	Proc030	1	medium	no	Proc030(45)
45	yes	1001	script_1001.mary	250	Proc030	1	medium	no	Proc030(45)
45	yes	1001	script_1001.mary	280	Proc030	1	medium	no	Proc030(45)
45	yes	1001	script_1001.mary	285	Proc030	1	medium	no	Proc030(45)
45	yes	1001	script_1001.mary	295	Proc030	1	medium	no	Proc030(45)
45	yes	1001	script_1001.mary	499	Proc030	1	medium	no	Proc030(45)
45	yes	1001	script_1001.mary	515	Proc030	1	medium	no	Proc030(45)
45	yes	1001	script_1001.mary	553	Proc030	1	medium	no	Proc030(45)
45	yes	1001	script_1001.mary	667	Proc030	1	medium	no	Proc030(45)
45	yes	1001	script_1001.mary	688	Proc030	1	medium	no	Proc030(45)
45	yes	1001	script_1001.mary	723	Proc030	1	medium	no	Proc030(45)
45	yes	1001	script_1001.mary	748	Proc030	1	medium	no	Proc030(45)
45	yes	1001	script_1001.mary	773	Proc030	1	medium	no	Proc030(45)
45	yes	1001	script_1001.mary	782	Proc030	1	medium	no	Proc030(45)
45	yes	1001	script_1001.mary	793	Proc030	1	medium	no	Proc030(45)
45	yes	1001	script_1001.mary	816	Proc030	1	medium	no	Proc030(45)
45	yes	1008	script_1008.mary	723	TalkMessage	1	medium	no	TalkMessage(45)
45	yes	1031	script_1031.mary	588	TalkChoice6	3	medium	no	var_0 = TalkChoice6(25, 10, 45, 28, 46, 15)
45	yes	1048	script_1048.mary	467	Proc030	1	medium	no	Proc030(45)
46	yes	316	script_316.mary	617	Proc09B	1	medium	no	Proc09B(46)
46	yes	374	script_374.mary	72	Proc038	1	medium	no	Proc038(46)
46	yes	571	script_571.mary	585	Func07B	1	medium	no	if Func07B(46) == 0
46	yes	571	script_571.mary	653	Func07B	1	medium	no	if Func07B(46) == 1
46	yes	571	script_571.mary	705	CallId	1	medium	no	Call(CallId(46))
46	yes	571	script_571.mary	956	PushInt	1	medium	no	PushInt(46)
46	yes	815	script_815.mary	57	Proc030	1	medium	no	Proc030(46)
46	yes	815	script_815.mary	122	Proc030	1	medium	no	Proc030(46)
46	yes	1002	script_1002.mary	100	Proc030	1	medium	no	Proc030(46)
46	yes	1002	script_1002.mary	226	Proc030	1	medium	no	Proc030(46)
46	yes	1002	script_1002.mary	253	Proc030	1	medium	no	Proc030(46)
46	yes	1002	script_1002.mary	262	Proc030	1	medium	no	Proc030(46)
46	yes	1002	script_1002.mary	267	Proc030	1	medium	no	Proc030(46)
46	yes	1002	script_1002.mary	272	Proc030	1	medium	no	Proc030(46)
46	yes	1002	script_1002.mary	287	Proc030	1	medium	no	Proc030(46)
46	yes	1002	script_1002.mary	294	Proc030	1	medium	no	Proc030(46)
46	yes	1002	script_1002.mary	299	Proc030	1	medium	no	Proc030(46)
46	yes	1002	script_1002.mary	304	Proc030	1	medium	no	Proc030(46)
46	yes	1002	script_1002.mary	309	Proc030	1	medium	no	Proc030(46)
46	yes	1002	script_1002.mary	428	Proc030	1	medium	no	Proc030(46)
46	yes	1002	script_1002.mary	439	Proc030	1	medium	no	Proc030(46)
46	yes	1002	script_1002.mary	449	Proc030	1	medium	no	Proc030(46)
46	yes	1002	script_1002.mary	454	Proc030	1	medium	no	Proc030(46)
46	yes	1002	script_1002.mary	459	Proc030	1	medium	no	Proc030(46)
46	yes	1002	script_1002.mary	464	Proc030	1	medium	no	Proc030(46)
46	yes	1002	script_1002.mary	470	Proc030	1	medium	no	Proc030(46)
46	yes	1002	script_1002.mary	475	Proc030	1	medium	no	Proc030(46)
46	yes	1002	script_1002.mary	480	Proc030	1	medium	no	Proc030(46)
46	yes	1002	script_1002.mary	485	Proc030	1	medium	no	Proc030(46)
46	yes	1002	script_1002.mary	493	Proc030	1	medium	no	Proc030(46)
46	yes	1002	script_1002.mary	498	Proc030	1	medium	no	Proc030(46)
46	yes	1002	script_1002.mary	503	Proc030	1	medium	no	Proc030(46)
46	yes	1002	script_1002.mary	508	Proc030	1	medium	no	Proc030(46)
46	yes	1002	script_1002.mary	514	Proc030	1	medium	no	Proc030(46)
46	yes	1002	script_1002.mary	519	Proc030	1	medium	no	Proc030(46)
46	yes	1002	script_1002.mary	524	Proc030	1	medium	no	Proc030(46)
46	yes	1002	script_1002.mary	529	Proc030	1	medium	no	Proc030(46)
46	yes	1002	script_1002.mary	544	Proc030	1	medium	no	Proc030(46)
46	yes	1002	script_1002.mary	560	Proc030	1	medium	no	Proc030(46)
46	yes	1002	script_1002.mary	570	Proc030	1	medium	no	Proc030(46)
46	yes	1002	script_1002.mary	579	Proc030	1	medium	no	Proc030(46)
46	yes	1002	script_1002.mary	586	Proc030	1	medium	no	Proc030(46)
46	yes	1002	script_1002.mary	593	Proc030	1	medium	no	Proc030(46)
46	yes	1002	script_1002.mary	602	Proc030	1	medium	no	Proc030(46)
46	yes	1002	script_1002.mary	611	Proc030	1	medium	no	Proc030(46)
46	yes	1002	script_1002.mary	618	Proc030	1	medium	no	Proc030(46)
46	yes	1002	script_1002.mary	625	Proc030	1	medium	no	Proc030(46)
46	yes	1002	script_1002.mary	634	Proc030	1	medium	no	Proc030(46)
46	yes	1002	script_1002.mary	643	Proc030	1	medium	no	Proc030(46)
46	yes	1002	script_1002.mary	650	Proc030	1	medium	no	Proc030(46)
46	yes	1002	script_1002.mary	657	Proc030	1	medium	no	Proc030(46)
46	yes	1002	script_1002.mary	679	Proc030	1	medium	no	Proc030(46)
46	yes	1002	script_1002.mary	695	Proc030	1	medium	no	Proc030(46)
46	yes	1002	script_1002.mary	706	Proc030	1	medium	no	Proc030(46)
46	yes	1002	script_1002.mary	717	Proc030	1	medium	no	Proc030(46)
46	yes	1002	script_1002.mary	731	Proc030	1	medium	no	Proc030(46)
46	yes	1002	script_1002.mary	742	Proc030	1	medium	no	Proc030(46)
46	yes	1002	script_1002.mary	756	Proc030	1	medium	no	Proc030(46)
46	yes	1002	script_1002.mary	767	Proc030	1	medium	no	Proc030(46)
46	yes	1002	script_1002.mary	802	Proc030	1	medium	no	Proc030(46)
46	yes	1002	script_1002.mary	822	Proc030	1	medium	no	Proc030(46)
46	yes	1002	script_1002.mary	829	Proc030	1	medium	no	Proc030(46)
46	yes	1002	script_1002.mary	836	Proc030	1	medium	no	Proc030(46)
46	yes	1002	script_1002.mary	846	Proc030	1	medium	no	Proc030(46)
46	yes	1002	script_1002.mary	853	Proc030	1	medium	no	Proc030(46)
46	yes	1002	script_1002.mary	860	Proc030	1	medium	no	Proc030(46)
46	yes	1002	script_1002.mary	867	Proc030	1	medium	no	Proc030(46)
46	yes	1002	script_1002.mary	877	Proc030	1	medium	no	Proc030(46)
46	yes	1002	script_1002.mary	884	Proc030	1	medium	no	Proc030(46)
46	yes	1002	script_1002.mary	891	Proc030	1	medium	no	Proc030(46)
46	yes	1002	script_1002.mary	898	Proc030	1	medium	no	Proc030(46)
46	yes	1002	script_1002.mary	916	Proc030	1	medium	no	Proc030(46)
46	yes	1002	script_1002.mary	924	Proc030	1	medium	no	Proc030(46)
46	yes	1008	script_1008.mary	732	TalkMessage	1	medium	no	TalkMessage(46)
46	yes	1031	script_1031.mary	588	TalkChoice6	5	medium	no	var_0 = TalkChoice6(25, 10, 45, 28, 46, 15)
46	yes	1031	script_1031.mary	1571	Proc030	1	medium	no	Proc030(46)
46	yes	1048	script_1048.mary	426	Proc030	1	medium	no	Proc030(46)
46	yes	1048	script_1048.mary	473	Proc030	1	medium	no	Proc030(46)
46	yes	1048	script_1048.mary	491	Proc030	1	medium	no	Proc030(46)
46	yes	1048	script_1048.mary	535	Proc030	1	medium	no	Proc030(46)
46	yes	1048	script_1048.mary	570	Proc030	1	medium	no	Proc030(46)
46	yes	1048	script_1048.mary	617	Proc030	1	medium	no	Proc030(46)
46	yes	1048	script_1048.mary	664	Proc030	1	medium	no	Proc030(46)
46	yes	1048	script_1048.mary	711	Proc030	1	medium	no	Proc030(46)
46	yes	1060	script_1060.mary	120	Proc037	1	medium	no	Proc037(46)
49	yes	272	script_272.mary	45	Proc038	1	medium	no	Proc038(49)
49	yes	316	script_316.mary	667	Proc09B	1	medium	no	Proc09B(49)
49	yes	571	script_571.mary	971	PushInt	1	medium	no	PushInt(49)
49	yes	926	script_926.mary	49	Proc008	2	medium	no	Proc008(12, 49, 1)
49	yes	926	script_926.mary	181	Proc008	2	medium	no	Proc008(12, 49, 1)
49	yes	1003	script_1003.mary	225	Proc030	1	medium	no	Proc030(49)
49	yes	1003	script_1003.mary	243	Proc030	1	medium	no	Proc030(49)
49	yes	1003	script_1003.mary	249	Proc030	1	medium	no	Proc030(49)
49	yes	1003	script_1003.mary	255	Proc030	1	medium	no	Proc030(49)
49	yes	1003	script_1003.mary	285	Proc030	1	medium	no	Proc030(49)
49	yes	1003	script_1003.mary	290	Proc030	1	medium	no	Proc030(49)
49	yes	1003	script_1003.mary	300	Proc030	1	medium	no	Proc030(49)
49	yes	1003	script_1003.mary	564	Proc030	1	medium	no	Proc030(49)
49	yes	1003	script_1003.mary	678	Proc030	1	medium	no	Proc030(49)
49	yes	1003	script_1003.mary	699	Proc030	1	medium	no	Proc030(49)
49	yes	1003	script_1003.mary	734	Proc030	1	medium	no	Proc030(49)
49	yes	1003	script_1003.mary	759	Proc030	1	medium	no	Proc030(49)
49	yes	1003	script_1003.mary	784	Proc030	1	medium	no	Proc030(49)
49	yes	1003	script_1003.mary	793	Proc030	1	medium	no	Proc030(49)
49	yes	1003	script_1003.mary	827	Proc030	1	medium	no	Proc030(49)
49	yes	1008	script_1008.mary	753	TalkMessage	1	medium	no	TalkMessage(49)
49	yes	1031	script_1031.mary	676	Func027	1	medium	no	var_0 = Func027(49, 31, 32, 15, 15)
49	yes	1041	script_1041.mary	626	Proc048	1	medium	no	Proc048(49)
49	yes	1048	script_1048.mary	561	Proc030	1	medium	no	Proc030(49)
49	yes	1062	script_1062.mary	190	Proc05B	1	medium	no	Proc05B(49)
49	yes	1063	script_1063.mary	160	Proc049	1	medium	no	Proc049(49)
49	yes	1063	script_1063.mary	170	Proc049	1	medium	no	Proc049(49)
51	yes	316	script_316.mary	694	Proc09B	1	medium	no	Proc09B(51)
51	yes	374	script_374.mary	77	Proc038	1	medium	no	Proc038(51)
51	yes	571	script_571.mary	1029	PushInt	1	medium	no	PushInt(51)
51	yes	571	script_571.mary	1386	CallId	1	medium	no	Call(CallId(51))
51	yes	571	script_571.mary	1464	CallId	1	medium	no	Call(CallId(51))
51	yes	571	script_571.mary	1542	CallId	1	medium	no	Call(CallId(51))
51	yes	571	script_571.mary	1620	CallId	1	medium	no	Call(CallId(51))
51	yes	571	script_571.mary	1709	CallId	1	medium	no	Call(CallId(51))
51	yes	571	script_571.mary	3500	CallId	1	medium	no	Call(CallId(51))
51	yes	982	script_982.mary	618	Func130	1	medium	no	if Func130(51) >= 50
51	yes	1004	script_1004.mary	220	Proc030	1	medium	no	Proc030(51)
51	yes	1004	script_1004.mary	238	Proc030	1	medium	no	Proc030(51)
51	yes	1004	script_1004.mary	244	Proc030	1	medium	no	Proc030(51)
51	yes	1004	script_1004.mary	250	Proc030	1	medium	no	Proc030(51)
51	yes	1004	script_1004.mary	280	Proc030	1	medium	no	Proc030(51)
51	yes	1004	script_1004.mary	285	Proc030	1	medium	no	Proc030(51)
51	yes	1004	script_1004.mary	295	Proc030	1	medium	no	Proc030(51)
51	yes	1004	script_1004.mary	494	Proc030	1	medium	no	Proc030(51)
51	yes	1004	script_1004.mary	520	Proc030	1	medium	no	Proc030(51)
51	yes	1004	script_1004.mary	553	Proc030	1	medium	no	Proc030(51)
51	yes	1004	script_1004.mary	667	Proc030	1	medium	no	Proc030(51)
51	yes	1004	script_1004.mary	688	Proc030	1	medium	no	Proc030(51)
51	yes	1004	script_1004.mary	724	Proc030	1	medium	no	Proc030(51)
51	yes	1004	script_1004.mary	750	Proc030	1	medium	no	Proc030(51)
51	yes	1004	script_1004.mary	776	Proc030	1	medium	no	Proc030(51)
51	yes	1004	script_1004.mary	785	Proc030	1	medium	no	Proc030(51)
51	yes	1004	script_1004.mary	796	Proc030	1	medium	no	Proc030(51)
51	yes	1004	script_1004.mary	819	Proc030	1	medium	no	Proc030(51)
51	yes	1008	script_1008.mary	768	TalkMessage	1	medium	no	TalkMessage(51)
51	yes	1031	script_1031.mary	713	TalkChoice6	2	medium	no	var_0 = TalkChoice6(25, 51, 52, 28, 53, 54)
51	yes	1041	script_1041.mary	530	Proc049	1	medium	no	Proc049(51)
51	yes	1041	script_1041.mary	634	Proc048	1	medium	no	Proc048(51)
51	yes	1048	script_1048.mary	608	Proc030	1	medium	no	Proc030(51)
52	yes	316	script_316.mary	709	Proc09B	1	medium	no	Proc09B(52)
52	yes	341	script_341.mary	156	Proc00A	2	medium	no	Proc00A(0, 52, 1)
52	yes	374	script_374.mary	82	Proc038	1	medium	no	Proc038(52)
52	yes	571	script_571.mary	697	CallId	1	medium	no	Call(CallId(52))
52	yes	571	script_571.mary	1046	PushInt	1	medium	no	PushInt(52)
52	yes	571	script_571.mary	1392	CallId	1	medium	no	Call(CallId(52))
52	yes	571	script_571.mary	1470	CallId	1	medium	no	Call(CallId(52))
52	yes	571	script_571.mary	1548	CallId	1	medium	no	Call(CallId(52))
52	yes	571	script_571.mary	1626	CallId	1	medium	no	Call(CallId(52))
52	yes	571	script_571.mary	1715	CallId	1	medium	no	Call(CallId(52))
52	yes	571	script_571.mary	3510	CallId	1	medium	no	Call(CallId(52))
52	yes	815	script_815.mary	67	Proc030	1	medium	no	Proc030(52)
52	yes	1005	script_1005.mary	220	Proc030	1	medium	no	Proc030(52)
52	yes	1005	script_1005.mary	247	Proc030	1	medium	no	Proc030(52)
52	yes	1005	script_1005.mary	256	Proc030	1	medium	no	Proc030(52)
52	yes	1005	script_1005.mary	261	Proc030	1	medium	no	Proc030(52)
52	yes	1005	script_1005.mary	266	Proc030	1	medium	no	Proc030(52)
52	yes	1005	script_1005.mary	281	Proc030	1	medium	no	Proc030(52)
52	yes	1005	script_1005.mary	291	Proc030	1	medium	no	Proc030(52)
52	yes	1005	script_1005.mary	296	Proc030	1	medium	no	Proc030(52)
52	yes	1005	script_1005.mary	301	Proc030	1	medium	no	Proc030(52)
52	yes	1005	script_1005.mary	420	Proc030	1	medium	no	Proc030(52)
52	yes	1005	script_1005.mary	431	Proc030	1	medium	no	Proc030(52)
52	yes	1005	script_1005.mary	441	Proc030	1	medium	no	Proc030(52)
52	yes	1005	script_1005.mary	446	Proc030	1	medium	no	Proc030(52)
52	yes	1005	script_1005.mary	451	Proc030	1	medium	no	Proc030(52)
52	yes	1005	script_1005.mary	456	Proc030	1	medium	no	Proc030(52)
52	yes	1005	script_1005.mary	462	Proc030	1	medium	no	Proc030(52)
52	yes	1005	script_1005.mary	467	Proc030	1	medium	no	Proc030(52)
52	yes	1005	script_1005.mary	472	Proc030	1	medium	no	Proc030(52)
52	yes	1005	script_1005.mary	477	Proc030	1	medium	no	Proc030(52)
52	yes	1005	script_1005.mary	490	Proc030	1	medium	no	Proc030(52)
52	yes	1005	script_1005.mary	495	Proc030	1	medium	no	Proc030(52)
52	yes	1005	script_1005.mary	500	Proc030	1	medium	no	Proc030(52)
52	yes	1005	script_1005.mary	516	Proc030	1	medium	no	Proc030(52)
52	yes	1005	script_1005.mary	521	Proc030	1	medium	no	Proc030(52)
52	yes	1005	script_1005.mary	536	Proc030	1	medium	no	Proc030(52)
52	yes	1005	script_1005.mary	552	Proc030	1	medium	no	Proc030(52)
52	yes	1005	script_1005.mary	562	Proc030	1	medium	no	Proc030(52)
52	yes	1005	script_1005.mary	571	Proc030	1	medium	no	Proc030(52)
52	yes	1005	script_1005.mary	578	Proc030	1	medium	no	Proc030(52)
52	yes	1005	script_1005.mary	585	Proc030	1	medium	no	Proc030(52)
52	yes	1005	script_1005.mary	594	Proc030	1	medium	no	Proc030(52)
52	yes	1005	script_1005.mary	603	Proc030	1	medium	no	Proc030(52)
52	yes	1005	script_1005.mary	610	Proc030	1	medium	no	Proc030(52)
52	yes	1005	script_1005.mary	617	Proc030	1	medium	no	Proc030(52)
52	yes	1005	script_1005.mary	626	Proc030	1	medium	no	Proc030(52)
52	yes	1005	script_1005.mary	635	Proc030	1	medium	no	Proc030(52)
52	yes	1005	script_1005.mary	642	Proc030	1	medium	no	Proc030(52)
52	yes	1005	script_1005.mary	649	Proc030	1	medium	no	Proc030(52)
52	yes	1005	script_1005.mary	671	Proc030	1	medium	no	Proc030(52)
52	yes	1005	script_1005.mary	687	Proc030	1	medium	no	Proc030(52)
52	yes	1005	script_1005.mary	698	Proc030	1	medium	no	Proc030(52)
52	yes	1005	script_1005.mary	706	Proc030	1	medium	no	Proc030(52)
52	yes	1005	script_1005.mary	710	Proc030	1	medium	no	Proc030(52)
52	yes	1005	script_1005.mary	724	Proc030	1	medium	no	Proc030(52)
52	yes	1005	script_1005.mary	732	Proc030	1	medium	no	Proc030(52)
52	yes	1005	script_1005.mary	736	Proc030	1	medium	no	Proc030(52)
52	yes	1005	script_1005.mary	750	Proc030	1	medium	no	Proc030(52)
52	yes	1005	script_1005.mary	758	Proc030	1	medium	no	Proc030(52)
52	yes	1005	script_1005.mary	762	Proc030	1	medium	no	Proc030(52)
52	yes	1005	script_1005.mary	787	Proc030	1	medium	no	Proc030(52)
52	yes	1005	script_1005.mary	797	Proc030	1	medium	no	Proc030(52)
52	yes	1005	script_1005.mary	817	Proc030	1	medium	no	Proc030(52)
52	yes	1005	script_1005.mary	824	Proc030	1	medium	no	Proc030(52)
52	yes	1005	script_1005.mary	831	Proc030	1	medium	no	Proc030(52)
52	yes	1005	script_1005.mary	841	Proc030	1	medium	no	Proc030(52)
52	yes	1005	script_1005.mary	848	Proc030	1	medium	no	Proc030(52)
52	yes	1005	script_1005.mary	855	Proc030	1	medium	no	Proc030(52)
52	yes	1005	script_1005.mary	862	Proc030	1	medium	no	Proc030(52)
52	yes	1005	script_1005.mary	872	Proc030	1	medium	no	Proc030(52)
52	yes	1005	script_1005.mary	879	Proc030	1	medium	no	Proc030(52)
52	yes	1005	script_1005.mary	886	Proc030	1	medium	no	Proc030(52)
52	yes	1005	script_1005.mary	893	Proc030	1	medium	no	Proc030(52)
52	yes	1005	script_1005.mary	911	Proc030	1	medium	no	Proc030(52)
52	yes	1005	script_1005.mary	919	Proc030	1	medium	no	Proc030(52)
52	yes	1008	script_1008.mary	780	TalkMessage	1	medium	no	TalkMessage(52)
52	yes	1031	script_1031.mary	713	TalkChoice6	3	medium	no	var_0 = TalkChoice6(25, 51, 52, 28, 53, 54)
52	yes	1031	script_1031.mary	1691	Proc030	1	medium	no	Proc030(52)
52	yes	1041	script_1041.mary	536	Proc049	1	medium	no	Proc049(52)
52	yes	1041	script_1041.mary	638	Proc048	1	medium	no	Proc048(52)
52	yes	1048	script_1048.mary	435	Proc030	1	medium	no	Proc030(52)
52	yes	1048	script_1048.mary	482	Proc030	1	medium	no	Proc030(52)
52	yes	1048	script_1048.mary	529	Proc030	1	medium	no	Proc030(52)
52	yes	1048	script_1048.mary	576	Proc030	1	medium	no	Proc030(52)
52	yes	1048	script_1048.mary	623	Proc030	1	medium	no	Proc030(52)
52	yes	1048	script_1048.mary	632	Proc030	1	medium	no	Proc030(52)
52	yes	1048	script_1048.mary	676	Proc030	1	medium	no	Proc030(52)
52	yes	1048	script_1048.mary	720	Proc030	1	medium	no	Proc030(52)
54	yes	316	script_316.mary	744	Proc09B	1	medium	no	Proc09B(54)
54	yes	571	script_571.mary	1080	PushInt	1	medium	no	PushInt(54)
54	yes	571	script_571.mary	1383	CallId	1	medium	no	Call(CallId(54))
54	yes	571	script_571.mary	1461	CallId	1	medium	no	Call(CallId(54))
54	yes	571	script_571.mary	1539	CallId	1	medium	no	Call(CallId(54))
54	yes	571	script_571.mary	1617	CallId	1	medium	no	Call(CallId(54))
54	yes	571	script_571.mary	1706	CallId	1	medium	no	Call(CallId(54))
54	yes	571	script_571.mary	3505	CallId	1	medium	no	Call(CallId(54))
54	yes	815	script_815.mary	72	Proc030	1	medium	no	Proc030(54)
54	yes	815	script_815.mary	135	Proc030	1	medium	no	Proc030(54)
54	yes	1000	script_1000.mary	223	Proc030	1	medium	no	Proc030(54)
54	yes	1000	script_1000.mary	250	Proc030	1	medium	no	Proc030(54)
54	yes	1000	script_1000.mary	259	Proc030	1	medium	no	Proc030(54)
54	yes	1000	script_1000.mary	264	Proc030	1	medium	no	Proc030(54)
54	yes	1000	script_1000.mary	269	Proc030	1	medium	no	Proc030(54)
54	yes	1000	script_1000.mary	284	Proc030	1	medium	no	Proc030(54)
54	yes	1000	script_1000.mary	294	Proc030	1	medium	no	Proc030(54)
54	yes	1000	script_1000.mary	299	Proc030	1	medium	no	Proc030(54)
54	yes	1000	script_1000.mary	304	Proc030	1	medium	no	Proc030(54)
54	yes	1000	script_1000.mary	423	Proc030	1	medium	no	Proc030(54)
54	yes	1000	script_1000.mary	434	Proc030	1	medium	no	Proc030(54)
54	yes	1000	script_1000.mary	454	Proc030	1	medium	no	Proc030(54)
54	yes	1000	script_1000.mary	459	Proc030	1	medium	no	Proc030(54)
54	yes	1000	script_1000.mary	475	Proc030	1	medium	no	Proc030(54)
54	yes	1000	script_1000.mary	480	Proc030	1	medium	no	Proc030(54)
54	yes	1000	script_1000.mary	498	Proc030	1	medium	no	Proc030(54)
54	yes	1000	script_1000.mary	503	Proc030	1	medium	no	Proc030(54)
54	yes	1000	script_1000.mary	514	Proc030	1	medium	no	Proc030(54)
54	yes	1000	script_1000.mary	519	Proc030	1	medium	no	Proc030(54)
54	yes	1000	script_1000.mary	524	Proc030	1	medium	no	Proc030(54)
54	yes	1000	script_1000.mary	539	Proc030	1	medium	no	Proc030(54)
54	yes	1000	script_1000.mary	555	Proc030	1	medium	no	Proc030(54)
54	yes	1000	script_1000.mary	565	Proc030	1	medium	no	Proc030(54)
54	yes	1000	script_1000.mary	574	Proc030	1	medium	no	Proc030(54)
54	yes	1000	script_1000.mary	581	Proc030	1	medium	no	Proc030(54)
54	yes	1000	script_1000.mary	588	Proc030	1	medium	no	Proc030(54)
54	yes	1000	script_1000.mary	597	Proc030	1	medium	no	Proc030(54)
54	yes	1000	script_1000.mary	606	Proc030	1	medium	no	Proc030(54)
54	yes	1000	script_1000.mary	613	Proc030	1	medium	no	Proc030(54)
54	yes	1000	script_1000.mary	620	Proc030	1	medium	no	Proc030(54)
54	yes	1000	script_1000.mary	629	Proc030	1	medium	no	Proc030(54)
54	yes	1000	script_1000.mary	638	Proc030	1	medium	no	Proc030(54)
54	yes	1000	script_1000.mary	645	Proc030	1	medium	no	Proc030(54)
54	yes	1000	script_1000.mary	652	Proc030	1	medium	no	Proc030(54)
54	yes	1000	script_1000.mary	674	Proc030	1	medium	no	Proc030(54)
54	yes	1000	script_1000.mary	690	Proc030	1	medium	no	Proc030(54)
54	yes	1000	script_1000.mary	701	Proc030	1	medium	no	Proc030(54)
54	yes	1000	script_1000.mary	712	Proc030	1	medium	no	Proc030(54)
54	yes	1000	script_1000.mary	726	Proc030	1	medium	no	Proc030(54)
54	yes	1000	script_1000.mary	737	Proc030	1	medium	no	Proc030(54)
54	yes	1000	script_1000.mary	751	Proc030	1	medium	no	Proc030(54)
54	yes	1000	script_1000.mary	762	Proc030	1	medium	no	Proc030(54)
54	yes	1000	script_1000.mary	797	Proc030	1	medium	no	Proc030(54)
54	yes	1000	script_1000.mary	817	Proc030	1	medium	no	Proc030(54)
54	yes	1000	script_1000.mary	824	Proc030	1	medium	no	Proc030(54)
54	yes	1000	script_1000.mary	831	Proc030	1	medium	no	Proc030(54)
54	yes	1000	script_1000.mary	841	Proc030	1	medium	no	Proc030(54)
54	yes	1000	script_1000.mary	848	Proc030	1	medium	no	Proc030(54)
54	yes	1000	script_1000.mary	855	Proc030	1	medium	no	Proc030(54)
54	yes	1000	script_1000.mary	862	Proc030	1	medium	no	Proc030(54)
54	yes	1000	script_1000.mary	872	Proc030	1	medium	no	Proc030(54)
54	yes	1000	script_1000.mary	879	Proc030	1	medium	no	Proc030(54)
54	yes	1000	script_1000.mary	886	Proc030	1	medium	no	Proc030(54)
54	yes	1000	script_1000.mary	893	Proc030	1	medium	no	Proc030(54)
54	yes	1000	script_1000.mary	911	Proc030	1	medium	no	Proc030(54)
54	yes	1000	script_1000.mary	919	Proc030	1	medium	no	Proc030(54)
54	yes	1008	script_1008.mary	795	TalkMessage	1	medium	no	TalkMessage(54)
54	yes	1011	script_1011.mary	795	Proc038	1	medium	no	Proc038(54)
54	yes	1031	script_1031.mary	713	TalkChoice6	6	medium	no	var_0 = TalkChoice6(25, 51, 52, 28, 53, 54)
54	yes	1031	script_1031.mary	1725	Proc030	1	medium	no	Proc030(54)
54	yes	1041	script_1041.mary	542	Proc049	1	medium	no	Proc049(54)
54	yes	1041	script_1041.mary	646	Proc048	1	medium	no	Proc048(54)
54	yes	1048	script_1048.mary	438	Proc030	1	medium	no	Proc030(54)
54	yes	1048	script_1048.mary	485	Proc030	1	medium	no	Proc030(54)
54	yes	1048	script_1048.mary	532	Proc030	1	medium	no	Proc030(54)
54	yes	1048	script_1048.mary	579	Proc030	1	medium	no	Proc030(54)
54	yes	1048	script_1048.mary	626	Proc030	1	medium	no	Proc030(54)
54	yes	1048	script_1048.mary	673	Proc030	1	medium	no	Proc030(54)
54	yes	1048	script_1048.mary	679	Proc030	1	medium	no	Proc030(54)
54	yes	1048	script_1048.mary	723	Proc030	1	medium	no	Proc030(54)
54	yes	1063	script_1063.mary	279	SetEntityAnim	2	medium	no	SetEntityAnim(94, 54)
54	yes	1063	script_1063.mary	325	SetEntityAnim	2	medium	no	SetEntityAnim(94, 54)
54	yes	1063	script_1063.mary	344	SetEntityAnim	2	medium	no	SetEntityAnim(94, 54)
55	yes	318	script_318.mary	38	Proc09B	1	medium	no	Proc09B(55)
55	yes	318	script_318.mary	68	Proc09B	1	medium	no	Proc09B(55)
55	yes	318	script_318.mary	105	Proc09B	1	medium	no	Proc09B(55)
55	yes	318	script_318.mary	149	Proc09B	1	medium	no	Proc09B(55)
55	yes	356	script_356.mary	182	CallId	1	medium	no	Call(CallId(55))
55	yes	540	script_540.mary	114	CallId	1	medium	no	Call(CallId(55))
55	yes	571	script_571.mary	1097	PushInt	1	medium	no	PushInt(55)
55	yes	571	script_571.mary	1789	PushInt	1	medium	no	PushInt(55)
55	yes	983	script_983.mary	26	Proc038	1	medium	no	Proc038(55)
55	yes	1000	script_1000.mary	97	Proc030	1	medium	no	Proc030(55)
55	yes	1000	script_1000.mary	214	Proc030	1	medium	no	Proc030(55)
55	yes	1000	script_1000.mary	232	Proc030	1	medium	no	Proc030(55)
55	yes	1000	script_1000.mary	238	Proc030	1	medium	no	Proc030(55)
55	yes	1000	script_1000.mary	244	Proc030	1	medium	no	Proc030(55)
55	yes	1000	script_1000.mary	274	Proc030	1	medium	no	Proc030(55)
55	yes	1000	script_1000.mary	279	Proc030	1	medium	no	Proc030(55)
55	yes	1000	script_1000.mary	289	Proc030	1	medium	no	Proc030(55)
55	yes	1000	script_1000.mary	444	Proc030	1	medium	no	Proc030(55)
55	yes	1000	script_1000.mary	449	Proc030	1	medium	no	Proc030(55)
55	yes	1000	script_1000.mary	465	Proc030	1	medium	no	Proc030(55)
55	yes	1000	script_1000.mary	470	Proc030	1	medium	no	Proc030(55)
55	yes	1000	script_1000.mary	488	Proc030	1	medium	no	Proc030(55)
55	yes	1000	script_1000.mary	493	Proc030	1	medium	no	Proc030(55)
55	yes	1000	script_1000.mary	509	Proc030	1	medium	no	Proc030(55)
55	yes	1000	script_1000.mary	547	Proc030	1	medium	no	Proc030(55)
55	yes	1000	script_1000.mary	661	Proc030	1	medium	no	Proc030(55)
55	yes	1000	script_1000.mary	682	Proc030	1	medium	no	Proc030(55)
55	yes	1000	script_1000.mary	717	Proc030	1	medium	no	Proc030(55)
55	yes	1000	script_1000.mary	742	Proc030	1	medium	no	Proc030(55)
55	yes	1000	script_1000.mary	767	Proc030	1	medium	no	Proc030(55)
55	yes	1000	script_1000.mary	776	Proc030	1	medium	no	Proc030(55)
55	yes	1000	script_1000.mary	787	Proc030	1	medium	no	Proc030(55)
55	yes	1000	script_1000.mary	810	Proc030	1	medium	no	Proc030(55)
55	yes	1008	script_1008.mary	801	TalkMessage	1	medium	no	TalkMessage(55)
55	yes	1031	script_1031.mary	728	Func027	1	medium	no	var_0 = Func027(55, 31, 32, 15, 15)
55	yes	1040	script_1040.mary	308	Proc048	1	medium	no	Proc048(55)
55	yes	1041	script_1041.mary	548	Proc049	1	medium	no	Proc049(55)
55	yes	1041	script_1041.mary	650	Proc048	1	medium	no	Proc048(55)
55	yes	1048	script_1048.mary	702	Proc030	1	medium	no	Proc030(55)
56	yes	55	script_55.mary	132	Proc038	1	medium	no	Proc038(56)
56	yes	59	script_59.mary	149	Proc008	2	medium	no	Proc008(0, 56, 1)
56	yes	106	script_106.mary	252	Proc008	2	medium	no	Proc008(0, 56, 1)
56	yes	136	script_136.mary	36	Proc00A	2	medium	no	Proc00A(0, 56, 1)
56	yes	139	script_139.mary	84	Proc00A	2	medium	no	Proc00A(0, 56, 1)
56	yes	172	script_172.mary	33	Proc00A	2	medium	no	Proc00A(0, 56, 1)
56	yes	318	script_318.mary	75	Proc09B	1	medium	no	Proc09B(56)
56	yes	318	script_318.mary	112	Proc09B	1	medium	no	Proc09B(56)
56	yes	318	script_318.mary	156	Proc09B	1	medium	no	Proc09B(56)
56	yes	341	script_341.mary	65	Proc030	1	medium	no	Proc030(56)
56	yes	341	script_341.mary	124	Proc030	1	medium	no	Proc030(56)
56	yes	358	script_358.mary	101	Proc030	1	medium	no	Proc030(56)
56	yes	571	script_571.mary	60	Proc030	1	medium	no	Proc030(56)
56	yes	571	script_571.mary	1044	PushInt	1	medium	no	PushInt(56)
56	yes	571	script_571.mary	1101	PushInt	1	medium	no	PushInt(56)
56	yes	571	script_571.mary	1374	PushInt	1	medium	no	PushInt(56)
56	yes	571	script_571.mary	1402	PushInt	1	medium	no	PushInt(56)
56	yes	571	script_571.mary	1452	PushInt	1	medium	no	PushInt(56)
56	yes	571	script_571.mary	1480	PushInt	1	medium	no	PushInt(56)
56	yes	571	script_571.mary	1530	PushInt	1	medium	no	PushInt(56)
56	yes	571	script_571.mary	1558	PushInt	1	medium	no	PushInt(56)
56	yes	571	script_571.mary	1608	PushInt	1	medium	no	PushInt(56)
56	yes	571	script_571.mary	1636	PushInt	1	medium	no	PushInt(56)
56	yes	571	script_571.mary	1697	PushInt	1	medium	no	PushInt(56)
56	yes	571	script_571.mary	1725	PushInt	1	medium	no	PushInt(56)
56	yes	571	script_571.mary	1770	PushInt	1	medium	no	PushInt(56)
56	yes	571	script_571.mary	2174	PushInt	1	medium	no	PushInt(56)
56	yes	571	script_571.mary	2222	PushInt	1	medium	no	PushInt(56)
56	yes	707	script_707.mary	49	Proc008	2	medium	no	Proc008(3, 56, 2)
56	yes	707	script_707.mary	95	Proc008	2	medium	no	Proc008(3, 56, 1)
56	yes	724	script_724.mary	32	Proc008	2	medium	no	Proc008(10, 56, 1)
56	yes	724	script_724.mary	46	Proc008	2	medium	no	Proc008(10, 56, 1)
56	yes	744	script_744.mary	14	Func13F	1	medium	no	Proc13D(0, 236, 255, 2, Func13F(56))
56	yes	744	script_744.mary	80	Func13F	1	medium	no	Proc13D(0, 128, 118 - 21, 1, Func13F(56))
56	yes	848	script_848.mary	190	Proc030	1	medium	no	Proc030(56)
56	yes	848	script_848.mary	241	Proc030	1	medium	no	Proc030(56)
56	yes	848	script_848.mary	262	Proc030	1	medium	no	Proc030(56)
56	yes	849	script_849.mary	143	Proc030	1	medium	no	Proc030(56)
56	yes	851	script_851.mary	49	Proc030	1	medium	no	Proc030(56)
56	yes	852	script_852.mary	60	Proc030	1	medium	no	Proc030(56)
56	yes	855	script_855.mary	7	Proc030	1	medium	no	Proc030(56)
56	yes	855	script_855.mary	153	Proc030	1	medium	no	Proc030(56)
56	yes	858	script_858.mary	7	Proc030	1	medium	no	Proc030(56)
56	yes	858	script_858.mary	20	Proc030	1	medium	no	Proc030(56)
56	yes	858	script_858.mary	117	Proc030	1	medium	no	Proc030(56)
56	yes	858	script_858.mary	197	Proc030	1	medium	no	Proc030(56)
56	yes	858	script_858.mary	256	Proc030	1	medium	no	Proc030(56)
56	yes	861	script_861.mary	7	Proc030	1	medium	no	Proc030(56)
56	yes	861	script_861.mary	20	Proc030	1	medium	no	Proc030(56)
56	yes	861	script_861.mary	84	Proc030	1	medium	no	Proc030(56)
56	yes	861	script_861.mary	162	Proc030	1	medium	no	Proc030(56)
56	yes	861	script_861.mary	256	Proc030	1	medium	no	Proc030(56)
56	yes	866	script_866.mary	73	Proc030	1	medium	no	Proc030(56)
56	yes	1008	script_1008.mary	810	TalkMessage	1	medium	no	TalkMessage(56)
56	yes	1031	script_1031.mary	226	Proc030	1	medium	no	Proc030(56)
56	yes	1031	script_1031.mary	762	Func027	1	medium	no	var_0 = Func027(56, 31, 32, 15, 15)
56	yes	1031	script_1031.mary	1464	Proc030	1	medium	no	Proc030(56)
56	yes	1040	script_1040.mary	188	Proc030	1	medium	no	Proc030(56)
56	yes	1040	script_1040.mary	207	Proc030	1	medium	no	Proc030(56)
56	yes	1040	script_1040.mary	314	Proc030	1	medium	no	Proc030(56)
56	yes	1041	script_1041.mary	31	Proc030	1	medium	no	Proc030(56)
56	yes	1041	script_1041.mary	483	Proc030	1	medium	no	Proc030(56)
56	yes	1041	script_1041.mary	500	Proc030	1	medium	no	Proc030(56)
56	yes	1041	script_1041.mary	658	Proc030	1	medium	no	Proc030(56)
56	yes	1048	script_1048.mary	749	Proc030	1	medium	no	Proc030(56)
56	yes	1060	script_1060.mary	219	Proc00A	2	medium	no	Proc00A(94, 56, 1)
56	yes	1062	script_1062.mary	229	Proc00A	2	medium	no	Proc00A(94, 56, 1)
57	yes	318	script_318.mary	119	Proc09B	1	medium	no	Proc09B(57)
57	yes	318	script_318.mary	163	Proc09B	1	medium	no	Proc09B(57)
57	yes	376	script_376.mary	36	Proc038	1	medium	no	Proc038(57)
57	yes	571	script_571.mary	38	Proc030	1	medium	no	Proc030(57)
57	yes	571	script_571.mary	701	PushInt	1	medium	no	PushInt(57)
57	yes	571	script_571.mary	1027	PushInt	1	medium	no	PushInt(57)
57	yes	571	script_571.mary	1132	PushInt	1	medium	no	PushInt(57)
57	yes	571	script_571.mary	1134	PushInt	1	medium	no	PushInt(57)
57	yes	571	script_571.mary	1153	PushInt	1	medium	no	PushInt(57)
57	yes	571	script_571.mary	1198	PushInt	1	medium	no	PushInt(57)
57	yes	571	script_571.mary	1295	PushInt	1	medium	no	PushInt(57)
57	yes	571	script_571.mary	1368	PushInt	1	medium	no	PushInt(57)
57	yes	571	script_571.mary	1446	PushInt	1	medium	no	PushInt(57)
57	yes	571	script_571.mary	1524	PushInt	1	medium	no	PushInt(57)
57	yes	571	script_571.mary	1602	PushInt	1	medium	no	PushInt(57)
57	yes	571	script_571.mary	1691	PushInt	1	medium	no	PushInt(57)
57	yes	571	script_571.mary	1734	PushInt	1	medium	no	PushInt(57)
57	yes	571	script_571.mary	1748	PushInt	1	medium	no	PushInt(57)
57	yes	571	script_571.mary	1793	PushInt	1	medium	no	PushInt(57)
57	yes	571	script_571.mary	2162	PushInt	1	medium	no	PushInt(57)
57	yes	571	script_571.mary	2168	PushInt	1	medium	no	PushInt(57)
57	yes	571	script_571.mary	2192	PushInt	1	medium	no	PushInt(57)
57	yes	571	script_571.mary	2198	PushInt	1	medium	no	PushInt(57)
57	yes	816	script_816.mary	36	Proc030	1	medium	no	Proc030(57)
57	yes	822	script_822.mary	14	Proc030	1	medium	no	Proc030(57)
57	yes	823	script_823.mary	14	Proc030	1	medium	no	Proc030(57)
57	yes	824	script_824.mary	14	Proc030	1	medium	no	Proc030(57)
57	yes	825	script_825.mary	14	Proc030	1	medium	no	Proc030(57)
57	yes	826	script_826.mary	14	Proc030	1	medium	no	Proc030(57)
57	yes	827	script_827.mary	14	Proc030	1	medium	no	Proc030(57)
57	yes	828	script_828.mary	15	Proc030	1	medium	no	Proc030(57)
57	yes	829	script_829.mary	15	Proc030	1	medium	no	Proc030(57)
57	yes	830	script_830.mary	15	Proc030	1	medium	no	Proc030(57)
57	yes	831	script_831.mary	15	Proc030	1	medium	no	Proc030(57)
57	yes	832	script_832.mary	15	Proc030	1	medium	no	Proc030(57)
57	yes	833	script_833.mary	15	Proc030	1	medium	no	Proc030(57)
57	yes	834	script_834.mary	14	Proc030	1	medium	no	Proc030(57)
57	yes	842	script_842.mary	13	Proc030	1	medium	no	Proc030(57)
57	yes	843	script_843.mary	13	Proc030	1	medium	no	Proc030(57)
57	yes	844	script_844.mary	13	Proc030	1	medium	no	Proc030(57)
57	yes	845	script_845.mary	13	Proc030	1	medium	no	Proc030(57)
57	yes	846	script_846.mary	13	Proc030	1	medium	no	Proc030(57)
57	yes	847	script_847.mary	71	Proc030	1	medium	no	Proc030(57)
57	yes	848	script_848.mary	88	Proc030	1	medium	no	Proc030(57)
57	yes	848	script_848.mary	194	Proc030	1	medium	no	Proc030(57)
57	yes	848	script_848.mary	208	Proc030	1	medium	no	Proc030(57)
57	yes	848	script_848.mary	220	Proc030	1	medium	no	Proc030(57)
57	yes	848	script_848.mary	232	Proc030	1	medium	no	Proc030(57)
57	yes	848	script_848.mary	253	Proc030	1	medium	no	Proc030(57)
57	yes	848	script_848.mary	269	Proc030	1	medium	no	Proc030(57)
57	yes	849	script_849.mary	64	Proc030	1	medium	no	Proc030(57)
57	yes	849	script_849.mary	105	Proc030	1	medium	no	Proc030(57)
57	yes	849	script_849.mary	112	Proc030	1	medium	no	Proc030(57)
57	yes	851	script_851.mary	12	Proc030	1	medium	no	Proc030(57)
57	yes	852	script_852.mary	57	Proc030	1	medium	no	Proc030(57)
57	yes	855	script_855.mary	20	Proc030	1	medium	no	Proc030(57)
57	yes	855	script_855.mary	104	Proc030	1	medium	no	Proc030(57)
57	yes	855	script_855.mary	120	Proc030	1	medium	no	Proc030(57)
57	yes	858	script_858.mary	101	Proc030	1	medium	no	Proc030(57)
57	yes	858	script_858.mary	181	Proc030	1	medium	no	Proc030(57)
57	yes	861	script_861.mary	68	Proc030	1	medium	no	Proc030(57)
57	yes	861	script_861.mary	146	Proc030	1	medium	no	Proc030(57)
57	yes	862	script_862.mary	36	Proc030	1	medium	no	Proc030(57)
57	yes	863	script_863.mary	96	Proc030	1	medium	no	Proc030(57)
57	yes	863	script_863.mary	104	Proc030	1	medium	no	Proc030(57)
57	yes	864	script_864.mary	47	Proc030	1	medium	no	Proc030(57)
57	yes	864	script_864.mary	67	Proc030	1	medium	no	Proc030(57)
57	yes	864	script_864.mary	79	Proc030	1	medium	no	Proc030(57)
57	yes	866	script_866.mary	76	Proc030	1	medium	no	Proc030(57)
57	yes	866	script_866.mary	95	Proc030	1	medium	no	Proc030(57)
57	yes	866	script_866.mary	108	Proc030	1	medium	no	Proc030(57)
57	yes	976	script_976.mary	67	Proc030	1	medium	no	Proc030(57)
57	yes	976	script_976.mary	84	Proc030	1	medium	no	Proc030(57)
57	yes	976	script_976.mary	101	Proc030	1	medium	no	Proc030(57)
57	yes	976	script_976.mary	118	Proc030	1	medium	no	Proc030(57)
57	yes	976	script_976.mary	135	Proc030	1	medium	no	Proc030(57)
57	yes	976	script_976.mary	152	Proc030	1	medium	no	Proc030(57)
57	yes	976	script_976.mary	169	Proc030	1	medium	no	Proc030(57)
57	yes	1008	script_1008.mary	816	TalkMessage	1	medium	no	TalkMessage(57)
57	yes	1031	script_1031.mary	801	Func027	1	medium	no	var_0 = Func027(57, 31, 32, 15, 15)
57	yes	1040	script_1040.mary	36	Proc030	1	medium	no	Proc030(57)
57	yes	1040	script_1040.mary	83	Proc030	1	medium	no	Proc030(57)
57	yes	1040	script_1040.mary	88	Proc030	1	medium	no	Proc030(57)
57	yes	1040	script_1040.mary	196	Proc030	1	medium	no	Proc030(57)
57	yes	1040	script_1040.mary	225	Proc030	1	medium	no	Proc030(57)
57	yes	1040	script_1040.mary	319	Proc030	1	medium	no	Proc030(57)
57	yes	1041	script_1041.mary	52	Proc030	1	medium	no	Proc030(57)
57	yes	1041	script_1041.mary	84	Proc030	1	medium	no	Proc030(57)
57	yes	1041	script_1041.mary	109	Proc030	1	medium	no	Proc030(57)
57	yes	1041	script_1041.mary	291	Proc030	1	medium	no	Proc030(57)
57	yes	1041	script_1041.mary	474	Proc030	1	medium	no	Proc030(57)
57	yes	1041	script_1041.mary	507	Proc030	1	medium	no	Proc030(57)
57	yes	1041	script_1041.mary	512	Proc030	1	medium	no	Proc030(57)
57	yes	1041	script_1041.mary	518	Proc030	1	medium	no	Proc030(57)
57	yes	1041	script_1041.mary	663	Proc030	1	medium	no	Proc030(57)
57	yes	1048	script_1048.mary	726	Proc030	1	medium	no	Proc030(57)
57	yes	1048	script_1048.mary	759	Proc030	1	medium	no	Proc030(57)
57	yes	1060	script_1060.mary	170	Proc037	1	medium	no	Proc037(57)
57	yes	1060	script_1060.mary	193	Proc037	1	medium	no	Proc037(57)
57	yes	1061	script_1061.mary	162	Proc037	1	medium	no	Proc037(57)
57	yes	1062	script_1062.mary	181	Proc037	1	medium	no	Proc037(57)
57	yes	1062	script_1062.mary	203	Proc037	1	medium	no	Proc037(57)
57	yes	1306	script_1306.mary	138	Proc030	1	medium	no	Proc030(57)
57	yes	1306	script_1306.mary	186	Proc030	1	medium	no	Proc030(57)
57	yes	1306	script_1306.mary	237	Proc030	1	medium	no	Proc030(57)
57	yes	1306	script_1306.mary	335	Proc030	1	medium	no	Proc030(57)
59	yes	24	script_24.mary	300	Proc049	1	medium	no	Proc049(59)
59	yes	318	script_318.mary	18	Proc09B	1	medium	no	Proc09B(59)
59	yes	318	script_318.mary	31	Proc09B	1	medium	no	Proc09B(59)
59	yes	318	script_318.mary	61	Proc09B	1	medium	no	Proc09B(59)
59	yes	318	script_318.mary	98	Proc09B	1	medium	no	Proc09B(59)
59	yes	318	script_318.mary	142	Proc09B	1	medium	no	Proc09B(59)
59	yes	376	script_376.mary	41	Proc038	1	medium	no	Proc038(59)
59	yes	571	script_571.mary	1188	PushInt	1	medium	no	PushInt(59)
59	yes	795	script_795.mary	200	Func13F	1	medium	no	Proc13D(0, 184, 80, 1, Func13F(59))
59	yes	795	script_795.mary	220	Func13F	1	medium	no	Proc13D(0, 184, 80, 1, Func13F(59))
59	yes	795	script_795.mary	242	Func13F	1	medium	no	Proc13D(0, 184, 80, 1, Func13F(59))
59	yes	795	script_795.mary	265	Func13F	1	medium	no	Proc13D(0, 184, 80, 1, Func13F(59))
59	yes	795	script_795.mary	310	Func13F	1	medium	no	Proc13D(0, 184, 80, 1, Func13F(59))
59	yes	795	script_795.mary	333	Func13F	1	medium	no	Proc13D(0, 184, 80, 1, Func13F(59))
59	yes	795	script_795.mary	355	Func13F	1	medium	no	Proc13D(0, 184, 80, 1, Func13F(59))
59	yes	1008	script_1008.mary	831	TalkMessage	1	medium	no	TalkMessage(59)
59	yes	1031	script_1031.mary	866	Proc02E	1	medium	no	Proc02E(59)
59	yes	1031	script_1031.mary	1344	Proc030	1	medium	no	Proc030(59)
59	yes	1105	script_1105.mary	16	Proc030	1	medium	no	Proc030(59)
59	yes	1128	script_1128.mary	440	Proc030	1	medium	no	Proc030(59)
59	yes	1128	script_1128.mary	493	Proc030	1	medium	no	Proc030(59)
59	yes	1128	script_1128.mary	543	Proc030	1	medium	no	Proc030(59)
59	yes	1128	script_1128.mary	560	Proc030	1	medium	no	Proc030(59)
61	yes	51	script_51.mary	311	Proc049	1	medium	no	Proc049(61)
61	yes	93	script_93.mary	49	Proc038	1	medium	no	Proc038(61)
61	yes	317	script_317.mary	32	Proc09B	1	medium	no	Proc09B(61)
61	yes	571	script_571.mary	708	CallId	1	medium	no	Call(CallId(61))
61	yes	571	script_571.mary	1032	CallId	1	medium	no	Call(CallId(61))
61	yes	571	script_571.mary	1051	CallId	1	medium	no	Call(CallId(61))
61	yes	571	script_571.mary	1068	CallId	1	medium	no	Call(CallId(61))
61	yes	571	script_571.mary	1085	CallId	1	medium	no	Call(CallId(61))
61	yes	571	script_571.mary	1108	CallId	1	medium	no	Call(CallId(61))
61	yes	571	script_571.mary	1119	CallId	1	medium	no	Call(CallId(61))
61	yes	571	script_571.mary	1156	CallId	1	medium	no	Call(CallId(61))
61	yes	571	script_571.mary	1166	CallId	1	medium	no	Call(CallId(61))
61	yes	571	script_571.mary	1178	CallId	1	medium	no	Call(CallId(61))
61	yes	571	script_571.mary	1208	CallId	1	medium	no	Call(CallId(61))
61	yes	571	script_571.mary	1218	PushInt	1	medium	no	PushInt(61)
61	yes	571	script_571.mary	1221	CallId	1	medium	no	Call(CallId(61))
61	yes	571	script_571.mary	1231	CallId	1	medium	no	Call(CallId(61))
61	yes	571	script_571.mary	1242	CallId	1	medium	no	Call(CallId(61))
61	yes	571	script_571.mary	1253	CallId	1	medium	no	Call(CallId(61))
61	yes	571	script_571.mary	1264	CallId	1	medium	no	Call(CallId(61))
61	yes	571	script_571.mary	1275	CallId	1	medium	no	Call(CallId(61))
61	yes	571	script_571.mary	1338	CallId	1	medium	no	Call(CallId(61))
61	yes	571	script_571.mary	1348	CallId	1	medium	no	Call(CallId(61))
61	yes	571	script_571.mary	1416	CallId	1	medium	no	Call(CallId(61))
61	yes	571	script_571.mary	1426	CallId	1	medium	no	Call(CallId(61))
61	yes	571	script_571.mary	1494	CallId	1	medium	no	Call(CallId(61))
61	yes	571	script_571.mary	1504	CallId	1	medium	no	Call(CallId(61))
61	yes	571	script_571.mary	1572	CallId	1	medium	no	Call(CallId(61))
61	yes	571	script_571.mary	1582	CallId	1	medium	no	Call(CallId(61))
61	yes	571	script_571.mary	1650	CallId	1	medium	no	Call(CallId(61))
61	yes	571	script_571.mary	1660	CallId	1	medium	no	Call(CallId(61))
61	yes	571	script_571.mary	1671	CallId	1	medium	no	Call(CallId(61))
61	yes	571	script_571.mary	2258	CallId	1	medium	no	Call(CallId(61))
61	yes	571	script_571.mary	2268	CallId	1	medium	no	Call(CallId(61))
61	yes	571	script_571.mary	2279	CallId	1	medium	no	Call(CallId(61))
61	yes	571	script_571.mary	2290	CallId	1	medium	no	Call(CallId(61))
61	yes	571	script_571.mary	2301	CallId	1	medium	no	Call(CallId(61))
61	yes	571	script_571.mary	2312	CallId	1	medium	no	Call(CallId(61))
61	yes	571	script_571.mary	2323	CallId	1	medium	no	Call(CallId(61))
61	yes	571	script_571.mary	2347	CallId	1	medium	no	Call(CallId(61))
61	yes	571	script_571.mary	2357	CallId	1	medium	no	Call(CallId(61))
61	yes	571	script_571.mary	2368	CallId	1	medium	no	Call(CallId(61))
61	yes	571	script_571.mary	2379	CallId	1	medium	no	Call(CallId(61))
61	yes	571	script_571.mary	2390	CallId	1	medium	no	Call(CallId(61))
61	yes	571	script_571.mary	2401	CallId	1	medium	no	Call(CallId(61))
61	yes	571	script_571.mary	2412	CallId	1	medium	no	Call(CallId(61))
61	yes	571	script_571.mary	2436	CallId	1	medium	no	Call(CallId(61))
61	yes	571	script_571.mary	2446	CallId	1	medium	no	Call(CallId(61))
61	yes	571	script_571.mary	2457	CallId	1	medium	no	Call(CallId(61))
61	yes	571	script_571.mary	2468	CallId	1	medium	no	Call(CallId(61))
61	yes	571	script_571.mary	2479	CallId	1	medium	no	Call(CallId(61))
61	yes	571	script_571.mary	2490	CallId	1	medium	no	Call(CallId(61))
61	yes	571	script_571.mary	2501	CallId	1	medium	no	Call(CallId(61))
61	yes	571	script_571.mary	2525	CallId	1	medium	no	Call(CallId(61))
61	yes	571	script_571.mary	2535	CallId	1	medium	no	Call(CallId(61))
61	yes	571	script_571.mary	2546	CallId	1	medium	no	Call(CallId(61))
61	yes	571	script_571.mary	2557	CallId	1	medium	no	Call(CallId(61))
61	yes	571	script_571.mary	2568	CallId	1	medium	no	Call(CallId(61))
61	yes	571	script_571.mary	2579	CallId	1	medium	no	Call(CallId(61))
61	yes	571	script_571.mary	2590	CallId	1	medium	no	Call(CallId(61))
61	yes	571	script_571.mary	2616	CallId	1	medium	no	Call(CallId(61))
61	yes	571	script_571.mary	2626	CallId	1	medium	no	Call(CallId(61))
61	yes	571	script_571.mary	2637	CallId	1	medium	no	Call(CallId(61))
61	yes	571	script_571.mary	2648	CallId	1	medium	no	Call(CallId(61))
61	yes	571	script_571.mary	2659	CallId	1	medium	no	Call(CallId(61))
61	yes	571	script_571.mary	2670	CallId	1	medium	no	Call(CallId(61))
61	yes	571	script_571.mary	2681	CallId	1	medium	no	Call(CallId(61))
61	yes	571	script_571.mary	2707	CallId	1	medium	no	Call(CallId(61))
61	yes	571	script_571.mary	2717	CallId	1	medium	no	Call(CallId(61))
61	yes	571	script_571.mary	2728	CallId	1	medium	no	Call(CallId(61))
61	yes	571	script_571.mary	2739	CallId	1	medium	no	Call(CallId(61))
61	yes	571	script_571.mary	2750	CallId	1	medium	no	Call(CallId(61))
61	yes	571	script_571.mary	2761	CallId	1	medium	no	Call(CallId(61))
61	yes	571	script_571.mary	2772	CallId	1	medium	no	Call(CallId(61))
61	yes	571	script_571.mary	2796	CallId	1	medium	no	Call(CallId(61))
61	yes	571	script_571.mary	2806	CallId	1	medium	no	Call(CallId(61))
61	yes	571	script_571.mary	2817	CallId	1	medium	no	Call(CallId(61))
61	yes	571	script_571.mary	2828	CallId	1	medium	no	Call(CallId(61))
61	yes	571	script_571.mary	2839	CallId	1	medium	no	Call(CallId(61))
61	yes	571	script_571.mary	2850	CallId	1	medium	no	Call(CallId(61))
61	yes	571	script_571.mary	2861	CallId	1	medium	no	Call(CallId(61))
61	yes	571	script_571.mary	2887	CallId	1	medium	no	Call(CallId(61))
61	yes	571	script_571.mary	2897	CallId	1	medium	no	Call(CallId(61))
61	yes	571	script_571.mary	2908	CallId	1	medium	no	Call(CallId(61))
61	yes	571	script_571.mary	2919	CallId	1	medium	no	Call(CallId(61))
61	yes	571	script_571.mary	2930	CallId	1	medium	no	Call(CallId(61))
61	yes	571	script_571.mary	2941	CallId	1	medium	no	Call(CallId(61))
61	yes	571	script_571.mary	2952	CallId	1	medium	no	Call(CallId(61))
61	yes	571	script_571.mary	2978	CallId	1	medium	no	Call(CallId(61))
61	yes	571	script_571.mary	2988	CallId	1	medium	no	Call(CallId(61))
61	yes	571	script_571.mary	2999	CallId	1	medium	no	Call(CallId(61))
61	yes	571	script_571.mary	3010	CallId	1	medium	no	Call(CallId(61))
61	yes	571	script_571.mary	3021	CallId	1	medium	no	Call(CallId(61))
61	yes	571	script_571.mary	3032	CallId	1	medium	no	Call(CallId(61))
61	yes	571	script_571.mary	3043	CallId	1	medium	no	Call(CallId(61))
61	yes	571	script_571.mary	3069	CallId	1	medium	no	Call(CallId(61))
61	yes	571	script_571.mary	3079	CallId	1	medium	no	Call(CallId(61))
61	yes	571	script_571.mary	3090	CallId	1	medium	no	Call(CallId(61))
61	yes	571	script_571.mary	3101	CallId	1	medium	no	Call(CallId(61))
61	yes	571	script_571.mary	3112	CallId	1	medium	no	Call(CallId(61))
61	yes	571	script_571.mary	3123	CallId	1	medium	no	Call(CallId(61))
61	yes	571	script_571.mary	3134	CallId	1	medium	no	Call(CallId(61))
61	yes	571	script_571.mary	3269	CallId	1	medium	no	Call(CallId(61))
61	yes	571	script_571.mary	3279	CallId	1	medium	no	Call(CallId(61))
61	yes	571	script_571.mary	3290	CallId	1	medium	no	Call(CallId(61))
61	yes	571	script_571.mary	3301	CallId	1	medium	no	Call(CallId(61))
61	yes	571	script_571.mary	3312	CallId	1	medium	no	Call(CallId(61))
61	yes	571	script_571.mary	3337	CallId	1	medium	no	Call(CallId(61))
61	yes	571	script_571.mary	3347	CallId	1	medium	no	Call(CallId(61))
61	yes	571	script_571.mary	3358	CallId	1	medium	no	Call(CallId(61))
61	yes	571	script_571.mary	3369	CallId	1	medium	no	Call(CallId(61))
61	yes	571	script_571.mary	3380	CallId	1	medium	no	Call(CallId(61))
61	yes	571	script_571.mary	3419	CallId	1	medium	no	Call(CallId(61))
61	yes	571	script_571.mary	3430	CallId	1	medium	no	Call(CallId(61))
61	yes	571	script_571.mary	3447	CallId	1	medium	no	Call(CallId(61))
61	yes	618	script_618.mary	28	Func13F	1	medium	no	Proc13D(1, 304, 127, 2, Func13F(61))
61	yes	633	script_633.mary	39	Func13F	1	medium	no	Proc13D(1, 304, 127, 2, Func13F(61))
61	yes	648	script_648.mary	39	Func13F	1	medium	no	Proc13D(1, 304, 127, 2, Func13F(61))
61	yes	717	script_717.mary	166	Proc048	1	medium	no	Proc048(61)
61	yes	819	script_819.mary	391	Proc030	1	medium	no	Proc030(61)
61	yes	1008	script_1008.mary	846	TalkMessage	1	medium	no	TalkMessage(61)
61	yes	1013	script_1013.mary	456	CallId	1	medium	no	Call(CallId(61))
61	yes	1013	script_1013.mary	630	CallId	1	medium	no	Call(CallId(61))
61	yes	1013	script_1013.mary	640	CallId	1	medium	no	Call(CallId(61))
61	yes	1013	script_1013.mary	651	CallId	1	medium	no	Call(CallId(61))
61	yes	1013	script_1013.mary	662	CallId	1	medium	no	Call(CallId(61))
61	yes	1013	script_1013.mary	673	CallId	1	medium	no	Call(CallId(61))
61	yes	1013	script_1013.mary	684	CallId	1	medium	no	Call(CallId(61))
61	yes	1013	script_1013.mary	731	CallId	1	medium	no	Call(CallId(61))
61	yes	1013	script_1013.mary	799	CallId	1	medium	no	Call(CallId(61))
61	yes	1013	script_1013.mary	895	CallId	1	medium	no	Call(CallId(61))
61	yes	1013	script_1013.mary	905	CallId	1	medium	no	Call(CallId(61))
61	yes	1031	script_1031.mary	867	TalkChoice6	3	medium	no	var_0 = TalkChoice6(25, 60, 61, 28, 62, 63)
61	yes	1128	script_1128.mary	425	Proc030	1	medium	no	Proc030(61)
61	yes	1128	script_1128.mary	435	Proc030	1	medium	no	Proc030(61)
61	yes	1128	script_1128.mary	594	Proc030	1	medium	no	Proc030(61)
61	yes	1304	script_1304.mary	15	Func13F	1	medium	no	Proc13D(1, 176, 192, 1, Func13F(61))
61	yes	1306	script_1306.mary	37	Func13F	1	medium	no	Proc13D(1, 304, 112, 1, Func13F(61))
62	yes	46	script_46.mary	158	Func13F	1	medium	no	Proc13D(1, 192, 152, 1, Func13F(62))
62	yes	46	script_46.mary	184	Proc048	1	medium	no	Proc048(62)
62	yes	61	script_61.mary	135	Proc049	1	medium	no	Proc049(62)
62	yes	317	script_317.mary	40	Proc09B	1	medium	no	Proc09B(62)
62	yes	356	script_356.mary	180	CallId	1	medium	no	Call(CallId(62))
62	yes	375	script_375.mary	76	Proc038	1	medium	no	Proc038(62)
62	yes	540	script_540.mary	112	CallId	1	medium	no	Call(CallId(62))
62	yes	571	script_571.mary	1204	CallId	1	medium	no	Call(CallId(62))
62	yes	571	script_571.mary	1286	PushInt	1	medium	no	PushInt(62)
62	yes	571	script_571.mary	1301	CallId	1	medium	no	Call(CallId(62))
62	yes	571	script_571.mary	1315	CallId	1	medium	no	Call(CallId(62))
62	yes	571	script_571.mary	1754	CallId	1	medium	no	Call(CallId(62))
62	yes	571	script_571.mary	3442	CallId	1	medium	no	Call(CallId(62))
62	yes	571	script_571.mary	3450	CallId	1	medium	no	Call(CallId(62))
62	yes	571	script_571.mary	3454	CallId	1	medium	no	Call(CallId(62))
62	yes	612	script_612.mary	28	Func13F	1	medium	no	Proc13D(1, 304, 124, 2, Func13F(62))
62	yes	627	script_627.mary	39	Func13F	1	medium	no	Proc13D(1, 304, 124, 2, Func13F(62))
62	yes	642	script_642.mary	39	Func13F	1	medium	no	Proc13D(1, 304, 124, 2, Func13F(62))
62	yes	1008	script_1008.mary	856	TalkMessage	1	medium	no	TalkMessage(62)
62	yes	1013	script_1013.mary	523	CallId	1	medium	no	Call(CallId(62))
62	yes	1013	script_1013.mary	714	CallId	1	medium	no	Call(CallId(62))
62	yes	1031	script_1031.mary	867	TalkChoice6	5	medium	no	var_0 = TalkChoice6(25, 60, 61, 28, 62, 63)
62	yes	1048	script_1048.mary	785	Proc030	1	medium	no	Proc030(62)
62	yes	1128	script_1128.mary	420	Proc030	1	medium	no	Proc030(62)
62	yes	1128	script_1128.mary	430	Proc030	1	medium	no	Proc030(62)
62	yes	1128	script_1128.mary	578	Proc030	1	medium	no	Proc030(62)
62	yes	1302	script_1302.mary	12	Func13F	1	medium	no	Proc13D(1, 120, 240, 1, Func13F(62))
63	yes	72	script_72.mary	59	Proc030	1	medium	no	Proc030(63)
63	yes	72	script_72.mary	71	Proc030	1	medium	no	Proc030(63)
63	yes	72	script_72.mary	103	Proc030	1	medium	no	Proc030(63)
63	yes	72	script_72.mary	131	Proc030	1	medium	no	Proc030(63)
63	yes	72	script_72.mary	297	Proc049	1	medium	no	Proc049(63)
63	yes	73	script_73.mary	15	Proc030	1	medium	no	Proc030(63)
63	yes	317	script_317.mary	48	Proc09B	1	medium	no	Proc09B(63)
63	yes	478	script_478.mary	21	Func071	1	medium	no	if Func071(63) == 1
63	yes	571	script_571.mary	1297	PushInt	1	medium	no	PushInt(63)
63	yes	571	script_571.mary	1370	PushInt	1	medium	no	PushInt(63)
63	yes	571	script_571.mary	1448	PushInt	1	medium	no	PushInt(63)
63	yes	571	script_571.mary	1526	PushInt	1	medium	no	PushInt(63)
63	yes	571	script_571.mary	1604	PushInt	1	medium	no	PushInt(63)
63	yes	571	script_571.mary	1693	PushInt	1	medium	no	PushInt(63)
63	yes	571	script_571.mary	1750	PushInt	1	medium	no	PushInt(63)
63	yes	571	script_571.mary	1795	PushInt	1	medium	no	PushInt(63)
63	yes	712	script_712.mary	42	Proc030	1	medium	no	Proc030(63)
63	yes	712	script_712.mary	86	Proc030	1	medium	no	Proc030(63)
63	yes	713	script_713.mary	44	Proc030	1	medium	no	Proc030(63)
63	yes	742	script_742.mary	38	Proc030	1	medium	no	Proc030(63)
63	yes	742	script_742.mary	100	Proc030	1	medium	no	Proc030(63)
63	yes	743	script_743.mary	13	Proc030	1	medium	no	Proc030(63)
63	yes	744	script_744.mary	94	Proc030	1	medium	no	Proc030(63)
63	yes	744	script_744.mary	114	Proc030	1	medium	no	Proc030(63)
63	yes	745	script_745.mary	127	Proc030	1	medium	no	Proc030(63)
63	yes	745	script_745.mary	137	Proc030	1	medium	no	Proc030(63)
63	yes	745	script_745.mary	151	Proc030	1	medium	no	Proc030(63)
63	yes	745	script_745.mary	166	Proc030	1	medium	no	Proc030(63)
63	yes	746	script_746.mary	13	Proc030	1	medium	no	Proc030(63)
63	yes	749	script_749.mary	39	Proc030	1	medium	no	Proc030(63)
63	yes	947	script_947.mary	59	Proc030	1	medium	no	Proc030(63)
63	yes	947	script_947.mary	74	Proc030	1	medium	no	Proc030(63)
63	yes	947	script_947.mary	84	Proc030	1	medium	no	Proc030(63)
63	yes	947	script_947.mary	105	Proc030	1	medium	no	Proc030(63)
63	yes	959	script_959.mary	15	Proc030	1	medium	no	Proc030(63)
63	yes	1006	script_1006.mary	180	Proc030	1	medium	no	Proc030(63)
63	yes	1006	script_1006.mary	322	Proc030	1	medium	no	Proc030(63)
63	yes	1006	script_1006.mary	339	Proc030	1	medium	no	Proc030(63)
63	yes	1006	script_1006.mary	365	Proc030	1	medium	no	Proc030(63)
63	yes	1006	script_1006.mary	378	Proc030	1	medium	no	Proc030(63)
63	yes	1006	script_1006.mary	421	Proc030	1	medium	no	Proc030(63)
63	yes	1006	script_1006.mary	429	Proc030	1	medium	no	Proc030(63)
63	yes	1006	script_1006.mary	434	Proc030	1	medium	no	Proc030(63)
63	yes	1008	script_1008.mary	862	TalkMessage	1	medium	no	TalkMessage(63)
63	yes	1014	script_1014.mary	807	Proc038	1	medium	no	Proc038(63)
63	yes	1031	script_1031.mary	551	Proc030	1	medium	no	Proc030(63)
63	yes	1031	script_1031.mary	867	TalkChoice6	6	medium	no	var_0 = TalkChoice6(25, 60, 61, 28, 62, 63)
63	yes	1048	script_1048.mary	814	Proc030	1	medium	no	Proc030(63)
63	yes	1128	script_1128.mary	129	Func13F	1	medium	no	Proc13D(4, 32 * 8 + 8, 18 * 8 + 8 + 1, 2, Func13F(63))
64	yes	69	script_69.mary	212	Proc008	2	medium	no	Proc008(21, 64, 1)
64	yes	69	script_69.mary	251	Proc008	2	medium	no	Proc008(21, 64, 1)
64	yes	72	script_72.mary	48	Proc030	1	medium	no	Proc030(64)
64	yes	72	script_72.mary	84	Proc030	1	medium	no	Proc030(64)
64	yes	72	script_72.mary	160	Proc030	1	medium	no	Proc030(64)
64	yes	72	script_72.mary	238	Proc030	1	medium	no	Proc030(64)
64	yes	73	script_73.mary	26	Proc030	1	medium	no	Proc030(64)
64	yes	139	script_139.mary	438	Proc00A	2	medium	no	Proc00A(0, 64, 1)
64	yes	172	script_172.mary	19	Proc00A	2	medium	no	Proc00A(0, 64, 1)
64	yes	172	script_172.mary	20	Proc00A	2	medium	no	Proc00A(44, 64, 1)
64	yes	317	script_317.mary	56	Proc09B	1	medium	no	Proc09B(64)
64	yes	341	script_341.mary	211	Proc00A	2	medium	no	Proc00A(0, 64, 1)
64	yes	423	script_423.mary	35	Proc008	2	medium	no	Proc008(0, 64, 2)
64	yes	423	script_423.mary	36	Proc017	1	medium	no	Proc017(64, 256, 2)
64	yes	423	script_423.mary	40	Proc017	1	medium	no	Proc017(64, 120, 2)
64	yes	471	script_471.mary	21	Func071	1	medium	no	if Func071(64) == 1
64	yes	571	script_571.mary	1316	PushInt	1	medium	no	PushInt(64)
64	yes	661	script_661.mary	92	Proc030	1	medium	no	Proc030(64)
64	yes	661	script_661.mary	108	Proc030	1	medium	no	Proc030(64)
64	yes	661	script_661.mary	220	Proc030	1	medium	no	Proc030(64)
64	yes	712	script_712.mary	45	Proc030	1	medium	no	Proc030(64)
64	yes	713	script_713.mary	59	Proc030	1	medium	no	Proc030(64)
64	yes	713	script_713.mary	74	Proc030	1	medium	no	Proc030(64)
64	yes	713	script_713.mary	86	Proc030	1	medium	no	Proc030(64)
64	yes	742	script_742.mary	35	Proc030	1	medium	no	Proc030(64)
64	yes	742	script_742.mary	58	Proc030	1	medium	no	Proc030(64)
64	yes	742	script_742.mary	103	Proc030	1	medium	no	Proc030(64)
64	yes	743	script_743.mary	10	Proc030	1	medium	no	Proc030(64)
64	yes	744	script_744.mary	104	Proc030	1	medium	no	Proc030(64)
64	yes	745	script_745.mary	58	Proc030	1	medium	no	Proc030(64)
64	yes	745	script_745.mary	82	Proc030	1	medium	no	Proc030(64)
64	yes	745	script_745.mary	92	Proc030	1	medium	no	Proc030(64)
64	yes	745	script_745.mary	179	Proc030	1	medium	no	Proc030(64)
64	yes	746	script_746.mary	10	Proc030	1	medium	no	Proc030(64)
64	yes	749	script_749.mary	19	Proc030	1	medium	no	Proc030(64)
64	yes	749	script_749.mary	46	Proc030	1	medium	no	Proc030(64)
64	yes	750	script_750.mary	55	Proc030	1	medium	no	Proc030(64)
64	yes	750	script_750.mary	65	Proc030	1	medium	no	Proc030(64)
64	yes	750	script_750.mary	108	Proc030	1	medium	no	Proc030(64)
64	yes	750	script_750.mary	191	Proc030	1	medium	no	Proc030(64)
64	yes	750	script_750.mary	211	Proc030	1	medium	no	Proc030(64)
64	yes	947	script_947.mary	134	Proc030	1	medium	no	Proc030(64)
64	yes	948	script_948.mary	8	Proc030	1	medium	no	Proc030(64)
64	yes	959	script_959.mary	26	Proc030	1	medium	no	Proc030(64)
64	yes	983	script_983.mary	31	Proc038	1	medium	no	Proc038(64)
64	yes	1006	script_1006.mary	38	Proc030	1	medium	no	Proc030(64)
64	yes	1006	script_1006.mary	156	Proc030	1	medium	no	Proc030(64)
64	yes	1006	script_1006.mary	165	Proc030	1	medium	no	Proc030(64)
64	yes	1006	script_1006.mary	170	Proc030	1	medium	no	Proc030(64)
64	yes	1006	script_1006.mary	175	Proc030	1	medium	no	Proc030(64)
64	yes	1006	script_1006.mary	190	Proc030	1	medium	no	Proc030(64)
64	yes	1006	script_1006.mary	200	Proc030	1	medium	no	Proc030(64)
64	yes	1006	script_1006.mary	205	Proc030	1	medium	no	Proc030(64)
64	yes	1006	script_1006.mary	210	Proc030	1	medium	no	Proc030(64)
64	yes	1006	script_1006.mary	346	Proc030	1	medium	no	Proc030(64)
64	yes	1006	script_1006.mary	360	Proc030	1	medium	no	Proc030(64)
64	yes	1006	script_1006.mary	373	Proc030	1	medium	no	Proc030(64)
64	yes	1006	script_1006.mary	390	Proc030	1	medium	no	Proc030(64)
64	yes	1006	script_1006.mary	395	Proc030	1	medium	no	Proc030(64)
64	yes	1006	script_1006.mary	403	Proc030	1	medium	no	Proc030(64)
64	yes	1006	script_1006.mary	408	Proc030	1	medium	no	Proc030(64)
64	yes	1006	script_1006.mary	416	Proc030	1	medium	no	Proc030(64)
64	yes	1008	script_1008.mary	873	TalkMessage	1	medium	no	TalkMessage(64)
64	yes	1031	script_1031.mary	882	Func027	1	medium	no	var_0 = Func027(64, 31, 32, 15, 15)
64	yes	1048	script_1048.mary	791	Proc030	1	medium	no	Proc030(64)
64	yes	1048	script_1048.mary	823	Proc030	1	medium	no	Proc030(64)
64	yes	1048	script_1048.mary	859	Proc030	1	medium	no	Proc030(64)
64	yes	1048	script_1048.mary	897	Proc030	1	medium	no	Proc030(64)
64	yes	1303	script_1303.mary	50	Proc030	1	medium	no	Proc030(64)
65	yes	16	script_16.mary	187	Proc05B	1	medium	no	Proc05B(65)
65	yes	16	script_16.mary	192	Func05A	1	medium	no	Func05A(65, 1)
65	yes	16	script_16.mary	196	Proc051	1	medium	no	Proc051(65, 1)
65	yes	64	script_64.mary	137	Proc038	1	medium	no	Proc038(65)
65	yes	317	script_317.mary	64	Proc09B	1	medium	no	Proc09B(65)
65	yes	476	script_476.mary	21	Func071	1	medium	no	if Func071(65) == 1
65	yes	571	script_571.mary	1319	PushInt	1	medium	no	PushInt(65)
65	yes	1008	script_1008.mary	879	TalkMessage	1	medium	no	TalkMessage(65)
65	yes	1013	script_1013.mary	441	CallId	1	medium	no	Call(CallId(65))
65	yes	1031	script_1031.mary	916	Func027	1	medium	no	var_0 = Func027(65, 31, 32, 15, 15)
66	yes	16	script_16.mary	186	SetEntityAnim	2	medium	no	SetEntityAnim(0, 66)
66	yes	33	script_33.mary	25	SetEntityAnim	2	medium	no	SetEntityAnim(0, 66)
66	yes	43	script_43.mary	25	SetEntityAnim	2	medium	no	SetEntityAnim(0, 66)
66	yes	54	script_54.mary	25	SetEntityAnim	2	medium	no	SetEntityAnim(0, 66)
66	yes	63	script_63.mary	25	SetEntityAnim	2	medium	no	SetEntityAnim(0, 66)
66	yes	72	script_72.mary	81	Proc030	1	medium	no	Proc030(66)
66	yes	77	script_77.mary	25	SetEntityAnim	2	medium	no	SetEntityAnim(0, 66)
66	yes	317	script_317.mary	84	Proc09B	1	medium	no	Proc09B(66)
66	yes	373	script_373.mary	47	Proc038	1	medium	no	Proc038(66)
66	yes	475	script_475.mary	21	Func071	1	medium	no	if Func071(66) == 1
66	yes	571	script_571.mary	1320	PushInt	1	medium	no	PushInt(66)
66	yes	694	script_694.mary	83	Proc00A	2	medium	no	Proc00A(21, 66, 2)
66	yes	713	script_713.mary	62	Proc030	1	medium	no	Proc030(66)
66	yes	713	script_713.mary	71	Proc030	1	medium	no	Proc030(66)
66	yes	776	script_776.mary	46	Proc030	1	medium	no	Proc030(66)
66	yes	867	script_867.mary	142	SetEntityAnim	2	medium	no	SetEntityAnim(0, 66)
66	yes	1006	script_1006.mary	40	Proc030	1	medium	no	Proc030(66)
66	yes	1006	script_1006.mary	185	Proc030	1	medium	no	Proc030(66)
66	yes	1006	script_1006.mary	195	Proc030	1	medium	no	Proc030(66)
66	yes	1008	script_1008.mary	888	TalkMessage	1	medium	no	TalkMessage(66)
66	yes	1031	script_1031.mary	955	Func027	1	medium	no	var_0 = Func027(66, 31, 32, 15, 15)
69	yes	317	script_317.mary	108	Proc09B	1	medium	no	Proc09B(69)
69	yes	373	script_373.mary	52	Proc038	1	medium	no	Proc038(69)
69	yes	472	script_472.mary	21	Func071	1	medium	no	if Func071(69) == 1
69	yes	571	script_571.mary	1323	PushInt	1	medium	no	PushInt(69)
69	yes	721	script_721.mary	90	Proc030	1	medium	no	Proc030(69)
69	yes	721	script_721.mary	102	Proc030	1	medium	no	Proc030(69)
69	yes	753	script_753.mary	221	Proc030	1	medium	no	Proc030(69)
69	yes	753	script_753.mary	236	Proc030	1	medium	no	Proc030(69)
69	yes	769	script_769.mary	47	Proc030	1	medium	no	Proc030(69)
69	yes	819	script_819.mary	291	Proc030	1	medium	no	Proc030(69)
69	yes	1007	script_1007.mary	193	Proc030	1	medium	no	Proc030(69)
69	yes	1007	script_1007.mary	428	Proc030	1	medium	no	Proc030(69)
69	yes	1008	script_1008.mary	912	TalkMessage	1	medium	no	TalkMessage(69)
69	yes	1013	script_1013.mary	606	CallId	1	medium	no	Call(CallId(69))
69	yes	1021	script_1021.mary	181	Proc030	1	medium	no	Proc030(69)
69	yes	1031	script_1031.mary	1021	TalkChoice6	2	medium	no	var_0 = TalkChoice6(25, 69, 70, 28, 9, 71)
69	yes	1294	script_1294.mary	33	Proc04A	1	medium	no	Proc04A(69)
69	yes	1294	script_1294.mary	72	Proc04A	1	medium	no	Proc04A(69)
69	yes	1295	script_1295.mary	33	Proc04A	1	medium	no	Proc04A(69)
69	yes	1295	script_1295.mary	72	Proc04A	1	medium	no	Proc04A(69)
69	yes	1296	script_1296.mary	33	Proc04A	1	medium	no	Proc04A(69)
69	yes	1296	script_1296.mary	72	Proc04A	1	medium	no	Proc04A(69)
69	yes	1297	script_1297.mary	33	Proc04A	1	medium	no	Proc04A(69)
69	yes	1297	script_1297.mary	72	Proc04A	1	medium	no	Proc04A(69)
69	yes	1298	script_1298.mary	34	Proc04A	1	medium	no	Proc04A(69)
69	yes	1298	script_1298.mary	73	Proc04A	1	medium	no	Proc04A(69)
69	yes	1299	script_1299.mary	109	Func059	1	medium	no	Func059(69, 1)
69	yes	1299	script_1299.mary	141	Func059	1	medium	no	Func059(69, 1)
69	yes	1299	script_1299.mary	173	Func059	1	medium	no	Func059(69, 1)
69	yes	1299	script_1299.mary	205	Func059	1	medium	no	Func059(69, 1)
69	yes	1299	script_1299.mary	237	Func059	1	medium	no	Func059(69, 1)
69	yes	1299	script_1299.mary	269	Func059	1	medium	no	Func059(69, 1)
72	yes	16	script_16.mary	47	Proc030	1	medium	no	Proc030(72)
72	yes	16	script_16.mary	56	Proc030	1	medium	no	Proc030(72)
72	yes	16	script_16.mary	68	Proc030	1	medium	no	Proc030(72)
72	yes	16	script_16.mary	77	Proc030	1	medium	no	Proc030(72)
72	yes	16	script_16.mary	87	Proc030	1	medium	no	Proc030(72)
72	yes	16	script_16.mary	105	Proc030	1	medium	no	Proc030(72)
72	yes	16	script_16.mary	123	Proc030	1	medium	no	Proc030(72)
72	yes	16	script_16.mary	178	Proc030	1	medium	no	Proc030(72)
72	yes	16	script_16.mary	226	Proc030	1	medium	no	Proc030(72)
72	yes	18	script_18.mary	12	Proc030	1	medium	no	Proc030(72)
72	yes	20	script_20.mary	67	Proc030	1	medium	no	Proc030(72)
72	yes	20	script_20.mary	91	Proc030	1	medium	no	Proc030(72)
72	yes	20	script_20.mary	104	Proc030	1	medium	no	Proc030(72)
72	yes	20	script_20.mary	110	Proc030	1	medium	no	Proc030(72)
72	yes	24	script_24.mary	57	Proc030	1	medium	no	Proc030(72)
72	yes	24	script_24.mary	84	Proc030	1	medium	no	Proc030(72)
72	yes	24	script_24.mary	176	Proc030	1	medium	no	Proc030(72)
72	yes	24	script_24.mary	197	Proc030	1	medium	no	Proc030(72)
72	yes	24	script_24.mary	207	Proc030	1	medium	no	Proc030(72)
72	yes	24	script_24.mary	333	Proc030	1	medium	no	Proc030(72)
72	yes	29	script_29.mary	136	Proc030	1	medium	no	Proc030(72)
72	yes	29	script_29.mary	153	Proc030	1	medium	no	Proc030(72)
72	yes	29	script_29.mary	201	Proc030	1	medium	no	Proc030(72)
72	yes	29	script_29.mary	243	Proc030	1	medium	no	Proc030(72)
72	yes	29	script_29.mary	311	Proc030	1	medium	no	Proc030(72)
72	yes	29	script_29.mary	379	Proc030	1	medium	no	Proc030(72)
72	yes	29	script_29.mary	391	Proc030	1	medium	no	Proc030(72)
72	yes	29	script_29.mary	397	Proc030	1	medium	no	Proc030(72)
72	yes	33	script_33.mary	40	Proc030	1	medium	no	Proc030(72)
72	yes	35	script_35.mary	86	Proc030	1	medium	no	Proc030(72)
72	yes	35	script_35.mary	107	Proc030	1	medium	no	Proc030(72)
72	yes	35	script_35.mary	142	Proc030	1	medium	no	Proc030(72)
72	yes	46	script_46.mary	189	Proc037	1	medium	no	Proc037(72)
72	yes	59	script_59.mary	174	Proc008	2	medium	no	Proc008(12, 72, 1)
72	yes	341	script_341.mary	45	Proc030	1	medium	no	Proc030(72)
72	yes	341	script_341.mary	104	Proc030	1	medium	no	Proc030(72)
72	yes	343	script_343.mary	199	Proc030	1	medium	no	Proc030(72)
72	yes	343	script_343.mary	214	Proc030	1	medium	no	Proc030(72)
72	yes	358	script_358.mary	81	Proc030	1	medium	no	Proc030(72)
72	yes	371	script_371.mary	78	Proc038	1	medium	no	Proc038(72)
72	yes	409	script_409.mary	228	Proc00F	1	medium	no	Proc00F(72)
72	yes	409	script_409.mary	231	Proc08D	1	medium	no	Proc08D(72)
72	yes	409	script_409.mary	313	Proc00F	1	medium	no	Proc00F(72)
72	yes	409	script_409.mary	316	Proc08D	1	medium	no	Proc08D(72)
72	yes	410	script_410.mary	227	Proc00F	1	medium	no	Proc00F(72)
72	yes	410	script_410.mary	230	Proc08D	1	medium	no	Proc08D(72)
72	yes	410	script_410.mary	312	Proc00F	1	medium	no	Proc00F(72)
72	yes	410	script_410.mary	315	Proc08D	1	medium	no	Proc08D(72)
72	yes	411	script_411.mary	227	Proc00F	1	medium	no	Proc00F(72)
72	yes	411	script_411.mary	230	Proc08D	1	medium	no	Proc08D(72)
72	yes	411	script_411.mary	312	Proc00F	1	medium	no	Proc00F(72)
72	yes	411	script_411.mary	315	Proc08D	1	medium	no	Proc08D(72)
72	yes	571	script_571.mary	1359	PushInt	1	medium	no	PushInt(72)
72	yes	601	script_601.mary	109	Proc030	1	medium	no	Proc030(72)
72	yes	603	script_603.mary	38	Proc030	1	medium	no	Proc030(72)
72	yes	604	script_604.mary	48	Proc030	1	medium	no	Proc030(72)
72	yes	620	script_620.mary	7	Proc030	1	medium	no	Proc030(72)
72	yes	620	script_620.mary	21	Proc030	1	medium	no	Proc030(72)
72	yes	620	script_620.mary	36	Proc030	1	medium	no	Proc030(72)
72	yes	620	script_620.mary	133	Proc030	1	medium	no	Proc030(72)
72	yes	635	script_635.mary	7	Proc030	1	medium	no	Proc030(72)
72	yes	635	script_635.mary	21	Proc030	1	medium	no	Proc030(72)
72	yes	635	script_635.mary	212	Proc030	1	medium	no	Proc030(72)
72	yes	650	script_650.mary	7	Proc030	1	medium	no	Proc030(72)
72	yes	650	script_650.mary	21	Proc030	1	medium	no	Proc030(72)
72	yes	650	script_650.mary	212	Proc030	1	medium	no	Proc030(72)
72	yes	657	script_657.mary	49	Proc030	1	medium	no	Proc030(72)
72	yes	673	script_673.mary	29	Proc030	1	medium	no	Proc030(72)
72	yes	673	script_673.mary	57	Proc030	1	medium	no	Proc030(72)
72	yes	673	script_673.mary	74	Proc030	1	medium	no	Proc030(72)
72	yes	675	script_675.mary	9	Proc030	1	medium	no	Proc030(72)
72	yes	704	script_704.mary	46	Proc030	1	medium	no	Proc030(72)
72	yes	717	script_717.mary	171	Proc037	1	medium	no	Proc037(72)
72	yes	763	script_763.mary	88	Proc030	1	medium	no	Proc030(72)
72	yes	763	script_763.mary	115	Proc030	1	medium	no	Proc030(72)
72	yes	763	script_763.mary	192	Proc030	1	medium	no	Proc030(72)
72	yes	764	script_764.mary	98	Proc030	1	medium	no	Proc030(72)
72	yes	764	script_764.mary	131	Proc030	1	medium	no	Proc030(72)
72	yes	764	script_764.mary	158	Proc030	1	medium	no	Proc030(72)
72	yes	764	script_764.mary	223	Proc030	1	medium	no	Proc030(72)
72	yes	794	script_794.mary	91	Proc00A	2	medium	no	Proc00A(25, 72, 1)
72	yes	794	script_794.mary	92	Proc00A	2	medium	no	Proc00A(23, 72, 1)
72	yes	811	script_811.mary	79	Proc048	1	medium	no	Proc048(72)
72	yes	815	script_815.mary	84	Proc037	1	medium	no	Proc037(72)
72	yes	873	script_873.mary	52	Proc030	1	medium	no	Proc030(72)
72	yes	873	script_873.mary	69	Proc030	1	medium	no	Proc030(72)
72	yes	874	script_874.mary	37	Proc030	1	medium	no	Proc030(72)
72	yes	875	script_875.mary	73	Proc030	1	medium	no	Proc030(72)
72	yes	875	script_875.mary	83	Proc030	1	medium	no	Proc030(72)
72	yes	875	script_875.mary	93	Proc030	1	medium	no	Proc030(72)
72	yes	876	script_876.mary	47	Proc030	1	medium	no	Proc030(72)
72	yes	876	script_876.mary	73	Proc030	1	medium	no	Proc030(72)
72	yes	876	script_876.mary	93	Proc030	1	medium	no	Proc030(72)
72	yes	903	script_903.mary	15	Proc030	1	medium	no	Proc030(72)
72	yes	982	script_982.mary	639	Func05E	1	medium	no	if Func119() >= 1 && Func05E(72) == 0
72	yes	1008	script_1008.mary	31	Proc030	1	medium	no	Proc030(72)
72	yes	1008	script_1008.mary	253	Proc030	1	medium	no	Proc030(72)
72	yes	1008	script_1008.mary	259	Proc030	1	medium	no	Proc030(72)
72	yes	1008	script_1008.mary	349	Proc030	1	medium	no	Proc030(72)
72	yes	1008	script_1008.mary	354	Proc030	1	medium	no	Proc030(72)
72	yes	1008	script_1008.mary	372	Proc030	1	medium	no	Proc030(72)
72	yes	1008	script_1008.mary	377	Proc030	1	medium	no	Proc030(72)
72	yes	1008	script_1008.mary	395	Proc030	1	medium	no	Proc030(72)
72	yes	1008	script_1008.mary	412	Proc030	1	medium	no	Proc030(72)
72	yes	1008	script_1008.mary	418	Proc030	1	medium	no	Proc030(72)
72	yes	1008	script_1008.mary	658	Proc030	1	medium	no	Proc030(72)
72	yes	1008	script_1008.mary	715	Proc030	1	medium	no	Proc030(72)
72	yes	1008	script_1008.mary	736	Proc030	1	medium	no	Proc030(72)
72	yes	1008	script_1008.mary	760	Proc030	1	medium	no	Proc030(72)
72	yes	1008	script_1008.mary	799	Proc030	1	medium	no	Proc030(72)
72	yes	1008	script_1008.mary	808	Proc030	1	medium	no	Proc030(72)
72	yes	1008	script_1008.mary	871	Proc030	1	medium	no	Proc030(72)
72	yes	1008	script_1008.mary	877	Proc030	1	medium	no	Proc030(72)
72	yes	1008	script_1008.mary	904	Proc030	1	medium	no	Proc030(72)
72	yes	1008	script_1008.mary	925	Proc030	1	medium	no	Proc030(72)
72	yes	1008	script_1008.mary	939	TalkMessage	1	medium	no	TalkMessage(72)
72	yes	1008	script_1008.mary	985	Proc030	1	medium	no	Proc030(72)
72	yes	1008	script_1008.mary	1072	Proc030	1	medium	no	Proc030(72)
72	yes	1008	script_1008.mary	1122	Proc030	1	medium	no	Proc030(72)
72	yes	1008	script_1008.mary	1133	Proc030	1	medium	no	Proc030(72)
72	yes	1008	script_1008.mary	1138	Proc030	1	medium	no	Proc030(72)
72	yes	1008	script_1008.mary	1144	Proc030	1	medium	no	Proc030(72)
72	yes	1008	script_1008.mary	1159	Proc030	1	medium	no	Proc030(72)
72	yes	1008	script_1008.mary	1164	Proc030	1	medium	no	Proc030(72)
72	yes	1008	script_1008.mary	1172	Proc030	1	medium	no	Proc030(72)
72	yes	1008	script_1008.mary	1220	Proc030	1	medium	no	Proc030(72)
72	yes	1008	script_1008.mary	1235	Proc030	1	medium	no	Proc030(72)
72	yes	1008	script_1008.mary	1250	Proc030	1	medium	no	Proc030(72)
72	yes	1008	script_1008.mary	1327	Proc030	1	medium	no	Proc030(72)
72	yes	1008	script_1008.mary	1332	Proc030	1	medium	no	Proc030(72)
72	yes	1008	script_1008.mary	1339	Proc030	1	medium	no	Proc030(72)
72	yes	1008	script_1008.mary	1344	Proc030	1	medium	no	Proc030(72)
72	yes	1008	script_1008.mary	1350	Proc030	1	medium	no	Proc030(72)
72	yes	1008	script_1008.mary	1364	Proc030	1	medium	no	Proc030(72)
72	yes	1008	script_1008.mary	1426	Proc030	1	medium	no	Proc030(72)
72	yes	1008	script_1008.mary	1438	Proc030	1	medium	no	Proc030(72)
72	yes	1008	script_1008.mary	1468	Proc030	1	medium	no	Proc030(72)
72	yes	1008	script_1008.mary	1498	Proc030	1	medium	no	Proc030(72)
72	yes	1008	script_1008.mary	1517	Proc030	1	medium	no	Proc030(72)
72	yes	1008	script_1008.mary	1543	Proc030	1	medium	no	Proc030(72)
72	yes	1008	script_1008.mary	1580	Proc030	1	medium	no	Proc030(72)
72	yes	1008	script_1008.mary	1585	Proc030	1	medium	no	Proc030(72)
72	yes	1031	script_1031.mary	185	Proc030	1	medium	no	Proc030(72)
72	yes	1031	script_1031.mary	598	Proc030	1	medium	no	Proc030(72)
72	yes	1031	script_1031.mary	1036	Func027	1	medium	no	var_0 = Func027(72, 31, 32, 15, 15)
72	yes	1048	script_1048.mary	961	Proc030	1	medium	no	Proc030(72)
72	yes	1060	script_1060.mary	60	Proc00A	2	medium	no	Proc00A(94, 72, 1)
72	yes	1061	script_1061.mary	31	Proc144	2	medium	no	Proc144(190, 72, 0)
72	yes	1061	script_1061.mary	54	Proc00A	2	medium	no	Proc00A(94, 72, 1)
72	yes	1061	script_1061.mary	227	Proc00A	2	medium	no	Proc00A(94, 72, 1)
72	yes	1062	script_1062.mary	60	Proc00A	2	medium	no	Proc00A(94, 72, 1)
72	yes	1062	script_1062.mary	118	Proc05B	1	medium	no	Proc05B(72)
72	yes	1165	script_1165.mary	40	Proc010	1	medium	no	Proc010(72, 2)
72	yes	1165	script_1165.mary	41	SetEntityAnim	1	medium	no	SetEntityAnim(72, 684)
72	yes	1165	script_1165.mary	72	Proc08C	1	medium	no	Proc08C(72, 1189)
72	yes	1177	script_1177.mary	42	Proc010	1	medium	no	Proc010(72, 2)
72	yes	1177	script_1177.mary	43	SetEntityAnim	1	medium	no	SetEntityAnim(72, 684)
72	yes	1190	script_1190.mary	23	Proc00F	1	medium	no	Proc00F(72)
72	yes	1192	script_1192.mary	60	Proc030	1	medium	no	Proc030(72)
72	yes	1197	script_1197.mary	55	Proc030	1	medium	no	Proc030(72)
72	yes	1197	script_1197.mary	72	Proc030	1	medium	no	Proc030(72)
72	yes	1219	script_1219.mary	24	Proc030	1	medium	no	Proc030(72)
72	yes	1219	script_1219.mary	31	Proc030	1	medium	no	Proc030(72)
72	yes	1230	script_1230.mary	12	Proc030	1	medium	no	Proc030(72)
72	yes	1244	script_1244.mary	133	Proc030	1	medium	no	Proc030(72)
72	yes	1266	script_1266.mary	38	Proc010	1	medium	no	Proc010(72, 2)
72	yes	1266	script_1266.mary	39	SetEntityAnim	1	medium	no	SetEntityAnim(72, 2333)
72	yes	1266	script_1266.mary	69	Proc08C	1	medium	no	Proc08C(72, 1288)
72	yes	1269	script_1269.mary	20	Proc030	1	medium	no	Proc030(72)
72	yes	1277	script_1277.mary	40	Proc010	1	medium	no	Proc010(72, 2)
72	yes	1277	script_1277.mary	41	SetEntityAnim	1	medium	no	SetEntityAnim(72, 2333)
72	yes	1277	script_1277.mary	60	Proc08C	1	medium	no	Proc08C(72, 1288)
72	yes	1280	script_1280.mary	21	Proc030	1	medium	no	Proc030(72)
72	yes	1280	script_1280.mary	31	Proc030	1	medium	no	Proc030(72)
72	yes	1289	script_1289.mary	23	Proc00F	1	medium	no	Proc00F(72)
72	yes	1293	script_1293.mary	124	Proc030	1	medium	no	Proc030(72)
72	yes	1293	script_1293.mary	242	Proc030	1	medium	no	Proc030(72)
72	yes	1293	script_1293.mary	315	Proc030	1	medium	no	Proc030(72)
72	yes	1306	script_1306.mary	289	Proc030	1	medium	no	Proc030(72)
76	yes	20	script_20.mary	80	Proc030	1	medium	no	Proc030(76)
76	yes	22	script_22.mary	27	Proc030	1	medium	no	Proc030(76)
76	yes	24	script_24.mary	222	Proc030	1	medium	no	Proc030(76)
76	yes	24	script_24.mary	242	Proc030	1	medium	no	Proc030(76)
76	yes	223	script_223.mary	24	Proc00A	2	medium	no	Proc00A(0, 76, 1)
76	yes	342	script_342.mary	27	Proc00A	2	medium	no	Proc00A(0, 76, 1)
76	yes	343	script_343.mary	184	Proc030	1	medium	no	Proc030(76)
76	yes	343	script_343.mary	205	Proc030	1	medium	no	Proc030(76)
76	yes	409	script_409.mary	366	Proc038	1	medium	no	Proc038(76)
76	yes	425	script_425.mary	24	Proc00A	2	medium	no	Proc00A(0, 76, 1)
76	yes	533	script_533.mary	24	Proc00A	2	medium	no	Proc00A(0, 76, 1)
76	yes	571	script_571.mary	1220	PushInt	1	medium	no	PushInt(76)
76	yes	571	script_571.mary	1437	PushInt	1	medium	no	PushInt(76)
76	yes	571	script_571.mary	2257	PushInt	1	medium	no	PushInt(76)
76	yes	571	script_571.mary	2346	PushInt	1	medium	no	PushInt(76)
76	yes	571	script_571.mary	2435	PushInt	1	medium	no	PushInt(76)
76	yes	571	script_571.mary	2524	PushInt	1	medium	no	PushInt(76)
76	yes	571	script_571.mary	2615	PushInt	1	medium	no	PushInt(76)
76	yes	571	script_571.mary	2706	PushInt	1	medium	no	PushInt(76)
76	yes	571	script_571.mary	2795	PushInt	1	medium	no	PushInt(76)
76	yes	571	script_571.mary	2886	PushInt	1	medium	no	PushInt(76)
76	yes	571	script_571.mary	2977	PushInt	1	medium	no	PushInt(76)
76	yes	571	script_571.mary	3068	PushInt	1	medium	no	PushInt(76)
76	yes	571	script_571.mary	3268	PushInt	1	medium	no	PushInt(76)
76	yes	571	script_571.mary	3336	PushInt	1	medium	no	PushInt(76)
76	yes	620	script_620.mary	59	Proc030	1	medium	no	Proc030(76)
76	yes	682	script_682.mary	26	Proc030	1	medium	no	Proc030(76)
76	yes	682	script_682.mary	43	Proc030	1	medium	no	Proc030(76)
76	yes	704	script_704.mary	56	Proc030	1	medium	no	Proc030(76)
76	yes	705	script_705.mary	19	Proc030	1	medium	no	Proc030(76)
76	yes	705	script_705.mary	30	Proc030	1	medium	no	Proc030(76)
76	yes	706	script_706.mary	19	Proc030	1	medium	no	Proc030(76)
76	yes	706	script_706.mary	30	Proc030	1	medium	no	Proc030(76)
76	yes	763	script_763.mary	99	Proc030	1	medium	no	Proc030(76)
76	yes	875	script_875.mary	38	Proc030	1	medium	no	Proc030(76)
76	yes	875	script_875.mary	48	Proc030	1	medium	no	Proc030(76)
76	yes	875	script_875.mary	60	Proc030	1	medium	no	Proc030(76)
76	yes	926	script_926.mary	54	Proc00A	2	medium	no	Proc00A(12, 76, 1)
76	yes	1008	script_1008.mary	271	Proc030	1	medium	no	Proc030(76)
76	yes	1008	script_1008.mary	277	Proc030	1	medium	no	Proc030(76)
76	yes	1008	script_1008.mary	689	Proc030	1	medium	no	Proc030(76)
76	yes	1008	script_1008.mary	745	Proc030	1	medium	no	Proc030(76)
76	yes	1008	script_1008.mary	751	Proc030	1	medium	no	Proc030(76)
76	yes	1008	script_1008.mary	778	Proc030	1	medium	no	Proc030(76)
76	yes	1008	script_1008.mary	793	Proc030	1	medium	no	Proc030(76)
76	yes	1008	script_1008.mary	823	Proc030	1	medium	no	Proc030(76)
76	yes	1008	script_1008.mary	829	Proc030	1	medium	no	Proc030(76)
76	yes	1008	script_1008.mary	854	Proc030	1	medium	no	Proc030(76)
76	yes	1008	script_1008.mary	886	Proc030	1	medium	no	Proc030(76)
76	yes	1008	script_1008.mary	910	Proc030	1	medium	no	Proc030(76)
76	yes	1008	script_1008.mary	972	TalkMessage	1	medium	no	TalkMessage(76)
76	yes	1008	script_1008.mary	1149	Proc030	1	medium	no	Proc030(76)
76	yes	1008	script_1008.mary	1244	Proc030	1	medium	no	Proc030(76)
76	yes	1008	script_1008.mary	1259	Proc030	1	medium	no	Proc030(76)
76	yes	1008	script_1008.mary	1265	Proc030	1	medium	no	Proc030(76)
76	yes	1008	script_1008.mary	1355	Proc030	1	medium	no	Proc030(76)
76	yes	1008	script_1008.mary	1530	Proc030	1	medium	no	Proc030(76)
76	yes	1031	script_1031.mary	1174	Proc02E	1	medium	no	Proc02E(76)
76	yes	1040	script_1040.mary	249	Proc049	1	medium	no	Proc049(76)
76	yes	1120	script_1120.mary	12	Proc030	1	medium	no	Proc030(76)
77	yes	24	script_24.mary	290	Proc030	1	medium	no	Proc030(77)
77	yes	24	script_24.mary	304	Proc030	1	medium	no	Proc030(77)
77	yes	29	script_29.mary	211	Proc030	1	medium	no	Proc030(77)
77	yes	29	script_29.mary	227	Proc030	1	medium	no	Proc030(77)
77	yes	29	script_29.mary	253	Proc030	1	medium	no	Proc030(77)
77	yes	29	script_29.mary	303	Proc030	1	medium	no	Proc030(77)
77	yes	33	script_33.mary	16	Proc030	1	medium	no	Proc030(77)
77	yes	33	script_33.mary	32	Proc030	1	medium	no	Proc030(77)
77	yes	35	script_35.mary	31	Proc030	1	medium	no	Proc030(77)
77	yes	35	script_35.mary	44	Proc030	1	medium	no	Proc030(77)
77	yes	35	script_35.mary	58	Proc030	1	medium	no	Proc030(77)
77	yes	35	script_35.mary	72	Proc030	1	medium	no	Proc030(77)
77	yes	35	script_35.mary	96	Proc030	1	medium	no	Proc030(77)
77	yes	343	script_343.mary	229	Proc030	1	medium	no	Proc030(77)
77	yes	343	script_343.mary	235	Proc030	1	medium	no	Proc030(77)
77	yes	343	script_343.mary	244	Proc030	1	medium	no	Proc030(77)
77	yes	343	script_343.mary	250	Proc030	1	medium	no	Proc030(77)
77	yes	571	script_571.mary	1454	PushInt	1	medium	no	PushInt(77)
77	yes	657	script_657.mary	95	Proc030	1	medium	no	Proc030(77)
77	yes	657	script_657.mary	101	Proc030	1	medium	no	Proc030(77)
77	yes	704	script_704.mary	76	Proc030	1	medium	no	Proc030(77)
77	yes	763	script_763.mary	210	Proc030	1	medium	no	Proc030(77)
77	yes	763	script_763.mary	217	Proc030	1	medium	no	Proc030(77)
77	yes	876	script_876.mary	133	Proc030	1	medium	no	Proc030(77)
77	yes	876	script_876.mary	164	Proc030	1	medium	no	Proc030(77)
77	yes	982	script_982.mary	192	Proc0FA	1	medium	no	Proc0FA(77)
77	yes	1008	script_1008.mary	154	Proc030	1	medium	no	Proc030(77)
77	yes	1008	script_1008.mary	160	Proc030	1	medium	no	Proc030(77)
77	yes	1008	script_1008.mary	172	Proc030	1	medium	no	Proc030(77)
77	yes	1008	script_1008.mary	183	Proc030	1	medium	no	Proc030(77)
77	yes	1008	script_1008.mary	199	Proc030	1	medium	no	Proc030(77)
77	yes	1008	script_1008.mary	205	Proc030	1	medium	no	Proc030(77)
77	yes	1008	script_1008.mary	223	Proc030	1	medium	no	Proc030(77)
77	yes	1008	script_1008.mary	343	Proc030	1	medium	no	Proc030(77)
77	yes	1008	script_1008.mary	400	Proc030	1	medium	no	Proc030(77)
77	yes	1008	script_1008.mary	425	Proc030	1	medium	no	Proc030(77)
77	yes	1008	script_1008.mary	435	Proc030	1	medium	no	Proc030(77)
77	yes	1008	script_1008.mary	643	Proc030	1	medium	no	Proc030(77)
77	yes	1008	script_1008.mary	673	Proc030	1	medium	no	Proc030(77)
77	yes	1008	script_1008.mary	681	Proc030	1	medium	no	Proc030(77)
77	yes	1008	script_1008.mary	844	Proc030	1	medium	no	Proc030(77)
77	yes	1008	script_1008.mary	937	Proc030	1	medium	no	Proc030(77)
77	yes	1008	script_1008.mary	952	Proc030	1	medium	no	Proc030(77)
77	yes	1008	script_1008.mary	958	Proc030	1	medium	no	Proc030(77)
77	yes	1008	script_1008.mary	970	Proc030	1	medium	no	Proc030(77)
77	yes	1008	script_1008.mary	976	Proc030	1	medium	no	Proc030(77)
77	yes	1008	script_1008.mary	978	TalkMessage	1	medium	no	TalkMessage(77)
77	yes	1008	script_1008.mary	991	Proc030	1	medium	no	Proc030(77)
77	yes	1008	script_1008.mary	1093	Proc030	1	medium	no	Proc030(77)
77	yes	1008	script_1008.mary	1108	Proc030	1	medium	no	Proc030(77)
77	yes	1008	script_1008.mary	1199	Proc030	1	medium	no	Proc030(77)
77	yes	1008	script_1008.mary	1205	Proc030	1	medium	no	Proc030(77)
77	yes	1008	script_1008.mary	1295	Proc030	1	medium	no	Proc030(77)
77	yes	1008	script_1008.mary	1304	Proc030	1	medium	no	Proc030(77)
77	yes	1008	script_1008.mary	1310	Proc030	1	medium	no	Proc030(77)
77	yes	1018	script_1018.mary	798	Proc038	1	medium	no	Proc038(77)
77	yes	1031	script_1031.mary	1175	TalkChoice6	2	medium	no	var_0 = TalkChoice6(25, 77, 7, 28, 78, 15)
77	yes	1040	script_1040.mary	255	Proc049	1	medium	no	Proc049(77)
77	yes	1128	script_1128.mary	127	Func13F	1	medium	no	Proc13D(2, 26 * 8 + 8, 18 * 8 + 8, 2, Func13F(77))
77	yes	1243	script_1243.mary	310	Proc030	1	medium	no	Proc030(77)
77	yes	1243	script_1243.mary	404	Proc030	1	medium	no	Proc030(77)
77	yes	1304	script_1304.mary	70	Proc030	1	medium	no	Proc030(77)
77	yes	1304	script_1304.mary	75	Proc030	1	medium	no	Proc030(77)
78	yes	29	script_29.mary	327	SetEntityAnim	2	medium	no	SetEntityAnim(0, 78)
78	yes	34	script_34.mary	63	Proc030	1	medium	no	Proc030(78)
78	yes	46	script_46.mary	178	SetEntityAnim	2	medium	no	SetEntityAnim(0, 78)
78	yes	571	script_571.mary	1491	PushInt	1	medium	no	PushInt(78)
78	yes	717	script_717.mary	178	SetEntityAnim	2	medium	no	SetEntityAnim(0, 78)
78	yes	816	script_816.mary	48	Proc05B	1	medium	no	Proc05B(78)
78	yes	816	script_816.mary	53	Proc051	1	medium	no	Proc051(78, 1)
78	yes	816	script_816.mary	57	Func05A	1	medium	no	Func05A(78, 1)
78	yes	883	script_883.mary	15	Proc030	1	medium	no	Proc030(78)
78	yes	883	script_883.mary	26	Proc030	1	medium	no	Proc030(78)
78	yes	982	script_982.mary	188	Proc0FA	1	medium	no	Proc0FA(78)
78	yes	983	script_983.mary	36	Proc038	1	medium	no	Proc038(78)
78	yes	1008	script_1008.mary	987	TalkMessage	1	medium	no	TalkMessage(78)
78	yes	1013	script_1013.mary	614	CallId	1	medium	no	Call(CallId(78))
78	yes	1031	script_1031.mary	1175	TalkChoice6	5	medium	no	var_0 = TalkChoice6(25, 77, 7, 28, 78, 15)
78	yes	1040	script_1040.mary	261	Proc049	1	medium	no	Proc049(78)
78	yes	1048	script_1048.mary	932	Proc030	1	medium	no	Proc030(78)
78	yes	1048	script_1048.mary	1009	Proc030	1	medium	no	Proc030(78)
78	yes	1066	script_1066.mary	28	SetEntityAnim	2	medium	no	SetEntityAnim(0, 78)
78	yes	1241	script_1241.mary	9	Proc048	1	medium	no	Proc048(78)
78	yes	1241	script_1241.mary	37	SetEntityAnim	2	medium	no	SetEntityAnim(0, 78)
78	yes	1309	script_1309.mary	21	SetEntityAnim	2	medium	no	SetEntityAnim(0, 78)
79	yes	16	script_16.mary	143	Proc030	1	medium	no	Proc030(79)
79	yes	19	script_19.mary	12	Proc030	1	medium	no	Proc030(79)
79	yes	20	script_20.mary	99	Proc030	1	medium	no	Proc030(79)
79	yes	20	script_20.mary	132	Proc030	1	medium	no	Proc030(79)
79	yes	29	script_29.mary	206	Proc030	1	medium	no	Proc030(79)
79	yes	29	script_29.mary	248	Proc030	1	medium	no	Proc030(79)
79	yes	29	script_29.mary	287	Proc030	1	medium	no	Proc030(79)
79	yes	78	script_78.mary	131	Proc038	1	medium	no	Proc038(79)
79	yes	571	script_571.mary	1515	PushInt	1	medium	no	PushInt(79)
79	yes	662	script_662.mary	93	Proc030	1	medium	no	Proc030(79)
79	yes	694	script_694.mary	84	Proc00A	2	medium	no	Proc00A(23, 79, 2)
79	yes	751	script_751.mary	84	Proc030	1	medium	no	Proc030(79)
79	yes	751	script_751.mary	116	Proc030	1	medium	no	Proc030(79)
79	yes	751	script_751.mary	153	Proc030	1	medium	no	Proc030(79)
79	yes	751	script_751.mary	210	Proc030	1	medium	no	Proc030(79)
79	yes	751	script_751.mary	264	Proc030	1	medium	no	Proc030(79)
79	yes	753	script_753.mary	143	Proc030	1	medium	no	Proc030(79)
79	yes	753	script_753.mary	310	Proc030	1	medium	no	Proc030(79)
79	yes	755	script_755.mary	10	Proc030	1	medium	no	Proc030(79)
79	yes	756	script_756.mary	45	Proc030	1	medium	no	Proc030(79)
79	yes	756	script_756.mary	80	Proc030	1	medium	no	Proc030(79)
79	yes	757	script_757.mary	17	Proc030	1	medium	no	Proc030(79)
79	yes	757	script_757.mary	23	Proc030	1	medium	no	Proc030(79)
79	yes	760	script_760.mary	37	Proc030	1	medium	no	Proc030(79)
79	yes	760	script_760.mary	47	Proc030	1	medium	no	Proc030(79)
79	yes	760	script_760.mary	70	Proc030	1	medium	no	Proc030(79)
79	yes	762	script_762.mary	13	Proc030	1	medium	no	Proc030(79)
79	yes	818	script_818.mary	42	Proc05B	1	medium	no	Proc05B(79)
79	yes	818	script_818.mary	47	Proc051	1	medium	no	Proc051(79, 1)
79	yes	818	script_818.mary	51	Func05A	1	medium	no	Func05A(79, 1)
79	yes	884	script_884.mary	15	Proc030	1	medium	no	Proc030(79)
79	yes	982	script_982.mary	184	Proc0FA	1	medium	no	Proc0FA(79)
79	yes	1008	script_1008.mary	993	TalkMessage	1	medium	no	TalkMessage(79)
79	yes	1009	script_1009.mary	56	Proc030	1	medium	no	Proc030(79)
79	yes	1009	script_1009.mary	180	Proc030	1	medium	no	Proc030(79)
79	yes	1009	script_1009.mary	205	Proc030	1	medium	no	Proc030(79)
79	yes	1009	script_1009.mary	210	Proc030	1	medium	no	Proc030(79)
79	yes	1009	script_1009.mary	215	Proc030	1	medium	no	Proc030(79)
79	yes	1009	script_1009.mary	323	Proc030	1	medium	no	Proc030(79)
79	yes	1009	script_1009.mary	355	Proc030	1	medium	no	Proc030(79)
79	yes	1009	script_1009.mary	368	Proc030	1	medium	no	Proc030(79)
79	yes	1009	script_1009.mary	423	Proc030	1	medium	no	Proc030(79)
79	yes	1009	script_1009.mary	431	Proc030	1	medium	no	Proc030(79)
79	yes	1009	script_1009.mary	479	Proc030	1	medium	no	Proc030(79)
79	yes	1009	script_1009.mary	500	Proc030	1	medium	no	Proc030(79)
79	yes	1009	script_1009.mary	505	Proc030	1	medium	no	Proc030(79)
79	yes	1009	script_1009.mary	511	Proc030	1	medium	no	Proc030(79)
79	yes	1009	script_1009.mary	524	Proc030	1	medium	no	Proc030(79)
79	yes	1031	script_1031.mary	671	Proc030	1	medium	no	Proc030(79)
79	yes	1031	script_1031.mary	1190	Func027	1	medium	no	var_0 = Func027(79, 31, 32, 15, 15)
79	yes	1048	script_1048.mary	1003	Proc030	1	medium	no	Proc030(79)
79	yes	1107	script_1107.mary	12	Proc030	1	medium	no	Proc030(79)
79	yes	1134	script_1134.mary	15	Proc030	1	medium	no	Proc030(79)
79	yes	1141	script_1141.mary	18	Proc030	1	medium	no	Proc030(79)
79	yes	1220	script_1220.mary	27	Proc030	1	medium	no	Proc030(79)
79	yes	1311	script_1311.mary	12	Proc030	1	medium	no	Proc030(79)
88	yes	46	script_46.mary	46	Proc030	1	medium	no	Proc030(88)
88	yes	46	script_46.mary	65	Proc030	1	medium	no	Proc030(88)
88	yes	46	script_46.mary	101	Proc030	1	medium	no	Proc030(88)
88	yes	46	script_46.mary	130	Proc030	1	medium	no	Proc030(88)
88	yes	46	script_46.mary	166	Proc030	1	medium	no	Proc030(88)
88	yes	46	script_46.mary	213	Proc030	1	medium	no	Proc030(88)
88	yes	46	script_46.mary	233	Proc030	1	medium	no	Proc030(88)
88	yes	49	script_49.mary	24	Proc030	1	medium	no	Proc030(88)
88	yes	49	script_49.mary	72	Proc030	1	medium	no	Proc030(88)
88	yes	52	script_52.mary	90	Proc030	1	medium	no	Proc030(88)
88	yes	56	script_56.mary	121	Proc030	1	medium	no	Proc030(88)
88	yes	59	script_59.mary	51	Proc00A	2	medium	no	Proc00A(0, 88, 1)
88	yes	66	script_66.mary	57	Proc008	2	medium	no	Proc008(16, 88, 1)
88	yes	72	script_72.mary	264	Proc00A	2	medium	no	Proc00A(21, 88, 1)
88	yes	343	script_343.mary	392	Proc030	1	medium	no	Proc030(88)
88	yes	343	script_343.mary	401	Proc030	1	medium	no	Proc030(88)
88	yes	343	script_343.mary	407	Proc030	1	medium	no	Proc030(88)
88	yes	571	script_571.mary	1772	PushInt	1	medium	no	PushInt(88)
88	yes	593	script_593.mary	51	Proc030	1	medium	no	Proc030(88)
88	yes	593	script_593.mary	81	Proc030	1	medium	no	Proc030(88)
88	yes	593	script_593.mary	90	Proc030	1	medium	no	Proc030(88)
88	yes	595	script_595.mary	13	Proc030	1	medium	no	Proc030(88)
88	yes	596	script_596.mary	44	Proc030	1	medium	no	Proc030(88)
88	yes	614	script_614.mary	82	Proc030	1	medium	no	Proc030(88)
88	yes	614	script_614.mary	99	Proc030	1	medium	no	Proc030(88)
88	yes	629	script_629.mary	79	Proc030	1	medium	no	Proc030(88)
88	yes	629	script_629.mary	148	Proc030	1	medium	no	Proc030(88)
88	yes	644	script_644.mary	58	Proc030	1	medium	no	Proc030(88)
88	yes	644	script_644.mary	125	Proc030	1	medium	no	Proc030(88)
88	yes	655	script_655.mary	105	Proc030	1	medium	no	Proc030(88)
88	yes	660	script_660.mary	268	Proc030	1	medium	no	Proc030(88)
88	yes	660	script_660.mary	277	Proc030	1	medium	no	Proc030(88)
88	yes	667	script_667.mary	29	Proc030	1	medium	no	Proc030(88)
88	yes	667	script_667.mary	37	Proc030	1	medium	no	Proc030(88)
88	yes	667	script_667.mary	78	Proc030	1	medium	no	Proc030(88)
88	yes	685	script_685.mary	127	Proc030	1	medium	no	Proc030(88)
88	yes	685	script_685.mary	137	Proc030	1	medium	no	Proc030(88)
88	yes	709	script_709.mary	51	Proc00A	2	medium	no	Proc00A(0, 88, 1)
88	yes	709	script_709.mary	271	Proc017	2	medium	no	Proc017(120, 88, 2)
88	yes	726	script_726.mary	67	Proc008	2	medium	no	Proc008(0, 88, 1)
88	yes	781	script_781.mary	75	Proc030	1	medium	no	Proc030(88)
88	yes	786	script_786.mary	126	Proc030	1	medium	no	Proc030(88)
88	yes	792	script_792.mary	78	Proc030	1	medium	no	Proc030(88)
88	yes	792	script_792.mary	88	Proc030	1	medium	no	Proc030(88)
88	yes	795	script_795.mary	34	Proc017	2	medium	no	Proc017(132, 88, 2)
88	yes	795	script_795.mary	49	Proc00A	2	medium	no	Proc00A(0, 88, 1)
88	yes	795	script_795.mary	101	Proc00A	2	medium	no	Proc00A(26, 88, 1)
88	yes	800	script_800.mary	65	Proc00A	2	medium	no	Proc00A(27, 88, 1)
88	yes	820	script_820.mary	25	Proc017	2	medium	no	Proc017(120, 88, 1)
88	yes	820	script_820.mary	31	Proc00A	2	medium	no	Proc00A(0, 88, 1)
88	yes	906	script_906.mary	40	Proc00A	2	medium	no	Proc00A(25, 88, 1)
88	yes	906	script_906.mary	49	Proc030	1	medium	no	Proc030(88)
88	yes	906	script_906.mary	108	Proc030	1	medium	no	Proc030(88)
88	yes	908	script_908.mary	101	Proc030	1	medium	no	Proc030(88)
88	yes	911	script_911.mary	115	Proc030	1	medium	no	Proc030(88)
88	yes	914	script_914.mary	8	Proc030	1	medium	no	Proc030(88)
88	yes	915	script_915.mary	67	Proc030	1	medium	no	Proc030(88)
88	yes	915	script_915.mary	108	Proc030	1	medium	no	Proc030(88)
88	yes	982	script_982.mary	247	Proc0FA	1	medium	no	Proc0FA(88)
88	yes	1008	script_1008.mary	1074	TalkMessage	1	medium	no	TalkMessage(88)
88	yes	1011	script_1011.mary	307	Proc030	1	medium	no	Proc030(88)
88	yes	1011	script_1011.mary	346	Proc030	1	medium	no	Proc030(88)
88	yes	1011	script_1011.mary	352	Proc030	1	medium	no	Proc030(88)
88	yes	1011	script_1011.mary	364	Proc030	1	medium	no	Proc030(88)
88	yes	1011	script_1011.mary	370	Proc030	1	medium	no	Proc030(88)
88	yes	1011	script_1011.mary	382	Proc030	1	medium	no	Proc030(88)
88	yes	1011	script_1011.mary	388	Proc030	1	medium	no	Proc030(88)
88	yes	1011	script_1011.mary	454	Proc030	1	medium	no	Proc030(88)
88	yes	1011	script_1011.mary	460	Proc030	1	medium	no	Proc030(88)
88	yes	1011	script_1011.mary	513	Proc030	1	medium	no	Proc030(88)
88	yes	1011	script_1011.mary	536	Proc030	1	medium	no	Proc030(88)
88	yes	1011	script_1011.mary	567	Proc030	1	medium	no	Proc030(88)
88	yes	1011	script_1011.mary	799	Proc030	1	medium	no	Proc030(88)
88	yes	1011	script_1011.mary	824	Proc030	1	medium	no	Proc030(88)
88	yes	1011	script_1011.mary	847	Proc030	1	medium	no	Proc030(88)
88	yes	1011	script_1011.mary	889	Proc030	1	medium	no	Proc030(88)
88	yes	1011	script_1011.mary	937	Proc030	1	medium	no	Proc030(88)
88	yes	1011	script_1011.mary	943	Proc030	1	medium	no	Proc030(88)
88	yes	1011	script_1011.mary	952	Proc030	1	medium	no	Proc030(88)
88	yes	1011	script_1011.mary	958	Proc030	1	medium	no	Proc030(88)
88	yes	1011	script_1011.mary	973	Proc030	1	medium	no	Proc030(88)
88	yes	1011	script_1011.mary	982	Proc030	1	medium	no	Proc030(88)
88	yes	1011	script_1011.mary	1063	Proc030	1	medium	no	Proc030(88)
88	yes	1011	script_1011.mary	1081	Proc030	1	medium	no	Proc030(88)
88	yes	1011	script_1011.mary	1087	Proc030	1	medium	no	Proc030(88)
88	yes	1011	script_1011.mary	1096	Proc030	1	medium	no	Proc030(88)
88	yes	1011	script_1011.mary	1102	Proc030	1	medium	no	Proc030(88)
88	yes	1011	script_1011.mary	1131	Proc030	1	medium	no	Proc030(88)
88	yes	1011	script_1011.mary	1224	Proc030	1	medium	no	Proc030(88)
88	yes	1011	script_1011.mary	1233	Proc030	1	medium	no	Proc030(88)
88	yes	1011	script_1011.mary	1248	Proc030	1	medium	no	Proc030(88)
88	yes	1011	script_1011.mary	1254	Proc030	1	medium	no	Proc030(88)
88	yes	1011	script_1011.mary	1284	Proc030	1	medium	no	Proc030(88)
88	yes	1011	script_1011.mary	1297	Proc030	1	medium	no	Proc030(88)
88	yes	1011	script_1011.mary	1305	Proc030	1	medium	no	Proc030(88)
88	yes	1011	script_1011.mary	1318	Proc030	1	medium	no	Proc030(88)
88	yes	1011	script_1011.mary	1331	Proc030	1	medium	no	Proc030(88)
88	yes	1011	script_1011.mary	1344	Proc030	1	medium	no	Proc030(88)
88	yes	1011	script_1011.mary	1357	Proc030	1	medium	no	Proc030(88)
88	yes	1011	script_1011.mary	1399	Proc030	1	medium	no	Proc030(88)
88	yes	1011	script_1011.mary	1407	Proc030	1	medium	no	Proc030(88)
88	yes	1011	script_1011.mary	1412	Proc030	1	medium	no	Proc030(88)
88	yes	1011	script_1011.mary	1420	Proc030	1	medium	no	Proc030(88)
88	yes	1011	script_1011.mary	1425	Proc030	1	medium	no	Proc030(88)
88	yes	1011	script_1011.mary	1440	Proc030	1	medium	no	Proc030(88)
88	yes	1011	script_1011.mary	1455	Proc030	1	medium	no	Proc030(88)
88	yes	1011	script_1011.mary	1470	Proc030	1	medium	no	Proc030(88)
88	yes	1011	script_1011.mary	1494	Proc030	1	medium	no	Proc030(88)
88	yes	1011	script_1011.mary	1509	Proc030	1	medium	no	Proc030(88)
88	yes	1011	script_1011.mary	1557	Proc030	1	medium	no	Proc030(88)
88	yes	1011	script_1011.mary	1601	Proc030	1	medium	no	Proc030(88)
88	yes	1011	script_1011.mary	1663	Proc030	1	medium	no	Proc030(88)
88	yes	1011	script_1011.mary	1675	Proc030	1	medium	no	Proc030(88)
88	yes	1011	script_1011.mary	1684	Proc030	1	medium	no	Proc030(88)
88	yes	1011	script_1011.mary	1698	Proc030	1	medium	no	Proc030(88)
88	yes	1011	script_1011.mary	1718	Proc030	1	medium	no	Proc030(88)
88	yes	1031	script_1031.mary	1349	Func027	1	medium	no	var_0 = Func027(88, 31, 32, 15, 15)
88	yes	1041	script_1041.mary	584	Proc049	1	medium	no	Proc049(88)
88	yes	1048	script_1048.mary	1045	Proc030	1	medium	no	Proc030(88)
88	yes	1048	script_1048.mary	1081	Proc030	1	medium	no	Proc030(88)
88	yes	1069	script_1069.mary	12	Proc030	1	medium	no	Proc030(88)
88	yes	1109	script_1109.mary	12	Proc030	1	medium	no	Proc030(88)
88	yes	1128	script_1128.mary	80	Func13F	1	medium	no	Proc13D(3, 29 * 8 + 8, 18 * 8 + 8 + 4, 2, Func13F(88))
88	yes	1198	script_1198.mary	54	Proc030	1	medium	no	Proc030(88)
88	yes	1243	script_1243.mary	212	Proc030	1	medium	no	Proc030(88)
88	yes	1243	script_1243.mary	254	Proc030	1	medium	no	Proc030(88)
88	yes	1243	script_1243.mary	320	Proc030	1	medium	no	Proc030(88)
88	yes	1243	script_1243.mary	355	Proc030	1	medium	no	Proc030(88)
88	yes	1243	script_1243.mary	414	Proc030	1	medium	no	Proc030(88)
88	yes	1243	script_1243.mary	449	Proc030	1	medium	no	Proc030(88)
88	yes	1243	script_1243.mary	499	Proc030	1	medium	no	Proc030(88)
88	yes	1243	script_1243.mary	550	Proc030	1	medium	no	Proc030(88)
88	yes	1293	script_1293.mary	140	Proc030	1	medium	no	Proc030(88)
88	yes	1293	script_1293.mary	190	Proc030	1	medium	no	Proc030(88)
88	yes	1293	script_1293.mary	262	Proc030	1	medium	no	Proc030(88)
88	yes	1293	script_1293.mary	335	Proc030	1	medium	no	Proc030(88)
88	yes	1295	script_1295.mary	18	Proc030	1	medium	no	Proc030(88)
88	yes	1295	script_1295.mary	57	Proc030	1	medium	no	Proc030(88)
88	yes	1295	script_1295.mary	98	Proc030	1	medium	no	Proc030(88)
88	yes	1302	script_1302.mary	43	Proc030	1	medium	no	Proc030(88)
88	yes	1306	script_1306.mary	117	Proc030	1	medium	no	Proc030(88)
88	yes	1306	script_1306.mary	165	Proc030	1	medium	no	Proc030(88)
88	yes	1306	script_1306.mary	216	Proc030	1	medium	no	Proc030(88)
88	yes	1312	script_1312.mary	12	Proc030	1	medium	no	Proc030(88)
89	yes	46	script_46.mary	277	Proc030	1	medium	no	Proc030(89)
89	yes	49	script_49.mary	40	Proc030	1	medium	no	Proc030(89)
89	yes	49	script_49.mary	91	Proc030	1	medium	no	Proc030(89)
89	yes	51	script_51.mary	217	Proc030	1	medium	no	Proc030(89)
89	yes	52	script_52.mary	133	Proc030	1	medium	no	Proc030(89)
89	yes	156	script_156.mary	26	Proc049	1	medium	no	Proc049(89)
89	yes	343	script_343.mary	371	Proc030	1	medium	no	Proc030(89)
89	yes	571	script_571.mary	1784	PushInt	1	medium	no	PushInt(89)
89	yes	593	script_593.mary	65	Proc030	1	medium	no	Proc030(89)
89	yes	593	script_593.mary	127	Proc030	1	medium	no	Proc030(89)
89	yes	614	script_614.mary	36	Proc030	1	medium	no	Proc030(89)
89	yes	644	script_644.mary	96	Proc030	1	medium	no	Proc030(89)
89	yes	644	script_644.mary	165	Proc030	1	medium	no	Proc030(89)
89	yes	644	script_644.mary	188	Proc030	1	medium	no	Proc030(89)
89	yes	685	script_685.mary	71	Proc030	1	medium	no	Proc030(89)
89	yes	685	script_685.mary	78	Proc030	1	medium	no	Proc030(89)
89	yes	781	script_781.mary	82	Proc030	1	medium	no	Proc030(89)
89	yes	781	script_781.mary	87	Proc030	1	medium	no	Proc030(89)
89	yes	786	script_786.mary	51	Proc030	1	medium	no	Proc030(89)
89	yes	786	script_786.mary	111	Proc030	1	medium	no	Proc030(89)
89	yes	786	script_786.mary	205	Proc030	1	medium	no	Proc030(89)
89	yes	786	script_786.mary	249	Proc030	1	medium	no	Proc030(89)
89	yes	788	script_788.mary	16	Proc030	1	medium	no	Proc030(89)
89	yes	788	script_788.mary	21	Proc030	1	medium	no	Proc030(89)
89	yes	792	script_792.mary	103	Proc030	1	medium	no	Proc030(89)
89	yes	794	script_794.mary	37	Proc030	1	medium	no	Proc030(89)
89	yes	794	script_794.mary	49	Proc030	1	medium	no	Proc030(89)
89	yes	794	script_794.mary	66	Proc030	1	medium	no	Proc030(89)
89	yes	982	script_982.mary	260	Proc0FA	1	medium	no	Proc0FA(89)
89	yes	1008	script_1008.mary	1080	TalkMessage	1	medium	no	TalkMessage(89)
89	yes	1011	script_1011.mary	436	Proc030	1	medium	no	Proc030(89)
89	yes	1011	script_1011.mary	442	Proc030	1	medium	no	Proc030(89)
89	yes	1011	script_1011.mary	472	Proc030	1	medium	no	Proc030(89)
89	yes	1011	script_1011.mary	478	Proc030	1	medium	no	Proc030(89)
89	yes	1011	script_1011.mary	501	Proc030	1	medium	no	Proc030(89)
89	yes	1011	script_1011.mary	524	Proc030	1	medium	no	Proc030(89)
89	yes	1011	script_1011.mary	922	Proc030	1	medium	no	Proc030(89)
89	yes	1011	script_1011.mary	928	Proc030	1	medium	no	Proc030(89)
89	yes	1011	script_1011.mary	988	Proc030	1	medium	no	Proc030(89)
89	yes	1011	script_1011.mary	1030	Proc030	1	medium	no	Proc030(89)
89	yes	1011	script_1011.mary	1054	Proc030	1	medium	no	Proc030(89)
89	yes	1011	script_1011.mary	1178	Proc030	1	medium	no	Proc030(89)
89	yes	1011	script_1011.mary	1194	Proc030	1	medium	no	Proc030(89)
89	yes	1011	script_1011.mary	1209	Proc030	1	medium	no	Proc030(89)
89	yes	1011	script_1011.mary	1323	Proc030	1	medium	no	Proc030(89)
89	yes	1011	script_1011.mary	1349	Proc030	1	medium	no	Proc030(89)
89	yes	1011	script_1011.mary	1371	Proc030	1	medium	no	Proc030(89)
89	yes	1011	script_1011.mary	1614	Proc030	1	medium	no	Proc030(89)
89	yes	1031	script_1031.mary	1388	Func027	1	medium	no	var_0 = Func027(89, 31, 32, 15, 15)
89	yes	1090	script_1090.mary	25	Proc030	1	medium	no	Proc030(89)
89	yes	1128	script_1128.mary	78	Func13F	1	medium	no	Proc13D(1, 23 * 8 + 8, 18 * 8 + 8 + 4, 2, Func13F(89))
89	yes	1233	script_1233.mary	12	Proc030	1	medium	no	Proc030(89)
89	yes	1306	script_1306.mary	305	Proc030	1	medium	no	Proc030(89)
89	yes	1306	script_1306.mary	309	Proc030	1	medium	no	Proc030(89)
90	yes	34	script_34.mary	74	Proc037	1	medium	no	Proc037(90)
90	yes	38	script_38.mary	291	Proc037	1	medium	no	Proc037(90)
90	yes	44	script_44.mary	74	Proc037	1	medium	no	Proc037(90)
90	yes	51	script_51.mary	79	Proc030	1	medium	no	Proc030(90)
90	yes	51	script_51.mary	89	Proc030	1	medium	no	Proc030(90)
90	yes	55	script_55.mary	76	Proc037	1	medium	no	Proc037(90)
90	yes	61	script_61.mary	39	Proc037	1	medium	no	Proc037(90)
90	yes	64	script_64.mary	78	Proc037	1	medium	no	Proc037(90)
90	yes	76	script_76.mary	28	Proc037	1	medium	no	Proc037(90)
90	yes	78	script_78.mary	76	Proc037	1	medium	no	Proc037(90)
90	yes	139	script_139.mary	467	Proc037	1	medium	no	Proc037(90)
90	yes	139	script_139.mary	479	Proc037	1	medium	no	Proc037(90)
90	yes	343	script_343.mary	356	Proc030	1	medium	no	Proc030(90)
90	yes	343	script_343.mary	362	Proc030	1	medium	no	Proc030(90)
90	yes	571	script_571.mary	2164	PushInt	1	medium	no	PushInt(90)
90	yes	629	script_629.mary	37	Proc030	1	medium	no	Proc030(90)
90	yes	629	script_629.mary	188	Proc030	1	medium	no	Proc030(90)
90	yes	655	script_655.mary	31	Proc030	1	medium	no	Proc030(90)
90	yes	685	script_685.mary	42	Proc030	1	medium	no	Proc030(90)
90	yes	685	script_685.mary	51	Proc030	1	medium	no	Proc030(90)
90	yes	739	script_739.mary	265	Proc049	1	medium	no	Proc049(90)
90	yes	781	script_781.mary	122	Proc030	1	medium	no	Proc030(90)
90	yes	794	script_794.mary	59	Proc030	1	medium	no	Proc030(90)
90	yes	867	script_867.mary	106	Proc037	1	medium	no	Proc037(90)
90	yes	867	script_867.mary	115	Proc037	1	medium	no	Proc037(90)
90	yes	877	script_877.mary	89	Proc037	1	medium	no	Proc037(90)
90	yes	878	script_878.mary	107	Proc037	1	medium	no	Proc037(90)
90	yes	898	script_898.mary	90	Proc037	1	medium	no	Proc037(90)
90	yes	906	script_906.mary	120	Proc037	1	medium	no	Proc037(90)
90	yes	918	script_918.mary	81	Proc037	1	medium	no	Proc037(90)
90	yes	936	script_936.mary	93	Proc037	1	medium	no	Proc037(90)
90	yes	956	script_956.mary	89	Proc037	1	medium	no	Proc037(90)
90	yes	982	script_982.mary	256	Proc0FA	1	medium	no	Proc0FA(90)
90	yes	1008	script_1008.mary	1089	TalkMessage	1	medium	no	TalkMessage(90)
90	yes	1011	script_1011.mary	881	Proc030	1	medium	no	Proc030(90)
90	yes	1011	script_1011.mary	998	Proc030	1	medium	no	Proc030(90)
90	yes	1011	script_1011.mary	1004	Proc030	1	medium	no	Proc030(90)
90	yes	1011	script_1011.mary	1036	Proc030	1	medium	no	Proc030(90)
90	yes	1011	script_1011.mary	1188	Proc030	1	medium	no	Proc030(90)
90	yes	1011	script_1011.mary	1310	Proc030	1	medium	no	Proc030(90)
90	yes	1031	script_1031.mary	1422	Func027	1	medium	no	var_0 = Func027(90, 31, 32, 15, 15)
90	yes	1041	script_1041.mary	554	Proc049	1	medium	no	Proc049(90)
90	yes	1060	script_1060.mary	93	Proc037	1	medium	no	Proc037(90)
90	yes	1060	script_1060.mary	107	Proc037	1	medium	no	Proc037(90)
90	yes	1060	script_1060.mary	128	Proc037	1	medium	no	Proc037(90)
90	yes	1060	script_1060.mary	199	Proc037	1	medium	no	Proc037(90)
90	yes	1060	script_1060.mary	231	Proc037	1	medium	no	Proc037(90)
90	yes	1060	script_1060.mary	250	Proc037	1	medium	no	Proc037(90)
90	yes	1061	script_1061.mary	199	Proc037	1	medium	no	Proc037(90)
90	yes	1061	script_1061.mary	218	Proc037	1	medium	no	Proc037(90)
90	yes	1062	script_1062.mary	241	Proc037	1	medium	no	Proc037(90)
90	yes	1062	script_1062.mary	260	Proc037	1	medium	no	Proc037(90)
90	yes	1222	script_1222.mary	24	Proc030	1	medium	no	Proc030(90)
91	yes	49	script_49.mary	49	Proc030	1	medium	no	Proc030(91)
91	yes	51	script_51.mary	62	Proc030	1	medium	no	Proc030(91)
91	yes	51	script_51.mary	72	Proc030	1	medium	no	Proc030(91)
91	yes	51	script_51.mary	197	Proc030	1	medium	no	Proc030(91)
91	yes	51	script_51.mary	241	Proc030	1	medium	no	Proc030(91)
91	yes	343	script_343.mary	377	Proc030	1	medium	no	Proc030(91)
91	yes	343	script_343.mary	422	Proc030	1	medium	no	Proc030(91)
91	yes	458	script_458.mary	19	Proc049	1	medium	no	Proc049(91)
91	yes	571	script_571.mary	2170	PushInt	1	medium	no	PushInt(91)
91	yes	614	script_614.mary	59	Proc030	1	medium	no	Proc030(91)
91	yes	629	script_629.mary	58	Proc030	1	medium	no	Proc030(91)
91	yes	629	script_629.mary	96	Proc030	1	medium	no	Proc030(91)
91	yes	629	script_629.mary	125	Proc030	1	medium	no	Proc030(91)
91	yes	629	script_629.mary	165	Proc030	1	medium	no	Proc030(91)
91	yes	644	script_644.mary	75	Proc030	1	medium	no	Proc030(91)
91	yes	644	script_644.mary	142	Proc030	1	medium	no	Proc030(91)
91	yes	680	script_680.mary	26	Proc030	1	medium	no	Proc030(91)
91	yes	680	script_680.mary	43	Proc030	1	medium	no	Proc030(91)
91	yes	714	script_714.mary	42	Proc00A	2	medium	no	Proc00A(7, 91, 1)
91	yes	794	script_794.mary	76	Proc030	1	medium	no	Proc030(91)
91	yes	906	script_906.mary	81	Proc030	1	medium	no	Proc030(91)
91	yes	982	script_982.mary	268	Proc0FA	1	medium	no	Proc0FA(91)
91	yes	1008	script_1008.mary	1095	TalkMessage	1	medium	no	TalkMessage(91)
91	yes	1011	script_1011.mary	418	Proc030	1	medium	no	Proc030(91)
91	yes	1011	script_1011.mary	424	Proc030	1	medium	no	Proc030(91)
91	yes	1011	script_1011.mary	490	Proc030	1	medium	no	Proc030(91)
91	yes	1011	script_1011.mary	496	Proc030	1	medium	no	Proc030(91)
91	yes	1011	script_1011.mary	519	Proc030	1	medium	no	Proc030(91)
91	yes	1011	script_1011.mary	547	Proc030	1	medium	no	Proc030(91)
91	yes	1011	script_1011.mary	561	Proc030	1	medium	no	Proc030(91)
91	yes	1011	script_1011.mary	574	Proc030	1	medium	no	Proc030(91)
91	yes	1011	script_1011.mary	804	Proc030	1	medium	no	Proc030(91)
91	yes	1011	script_1011.mary	832	Proc030	1	medium	no	Proc030(91)
91	yes	1011	script_1011.mary	895	Proc030	1	medium	no	Proc030(91)
91	yes	1011	script_1011.mary	1117	Proc030	1	medium	no	Proc030(91)
91	yes	1011	script_1011.mary	1137	Proc030	1	medium	no	Proc030(91)
91	yes	1011	script_1011.mary	1203	Proc030	1	medium	no	Proc030(91)
91	yes	1011	script_1011.mary	1266	Proc030	1	medium	no	Proc030(91)
91	yes	1011	script_1011.mary	1479	Proc030	1	medium	no	Proc030(91)
91	yes	1011	script_1011.mary	1524	Proc030	1	medium	no	Proc030(91)
91	yes	1011	script_1011.mary	1530	Proc030	1	medium	no	Proc030(91)
91	yes	1011	script_1011.mary	1545	Proc030	1	medium	no	Proc030(91)
91	yes	1011	script_1011.mary	1562	Proc030	1	medium	no	Proc030(91)
91	yes	1011	script_1011.mary	1590	Proc030	1	medium	no	Proc030(91)
91	yes	1011	script_1011.mary	1606	Proc030	1	medium	no	Proc030(91)
91	yes	1031	script_1031.mary	1453	Proc02E	1	medium	no	Proc02E(91)
91	yes	1060	script_1060.mary	48	Proc049	1	medium	no	Proc049(91)
91	yes	1060	script_1060.mary	213	Proc049	1	medium	no	Proc049(91)
91	yes	1062	script_1062.mary	48	Proc049	1	medium	no	Proc049(91)
91	yes	1062	script_1062.mary	223	Proc049	1	medium	no	Proc049(91)
91	yes	1192	script_1192.mary	352	Proc030	1	medium	no	Proc030(91)
91	yes	1209	script_1209.mary	12	Proc030	1	medium	no	Proc030(91)
91	yes	1222	script_1222.mary	31	Proc030	1	medium	no	Proc030(91)
91	yes	1244	script_1244.mary	264	Proc030	1	medium	no	Proc030(91)
92	yes	46	script_46.mary	258	Proc030	1	medium	no	Proc030(92)
92	yes	51	script_51.mary	200	Proc030	1	medium	no	Proc030(92)
92	yes	51	script_51.mary	265	Proc030	1	medium	no	Proc030(92)
92	yes	51	script_51.mary	285	Proc030	1	medium	no	Proc030(92)
92	yes	51	script_51.mary	296	Proc030	1	medium	no	Proc030(92)
92	yes	51	script_51.mary	319	Proc030	1	medium	no	Proc030(92)
92	yes	52	script_52.mary	130	Proc030	1	medium	no	Proc030(92)
92	yes	52	script_52.mary	143	Proc030	1	medium	no	Proc030(92)
92	yes	54	script_54.mary	16	Proc030	1	medium	no	Proc030(92)
92	yes	54	script_54.mary	32	Proc030	1	medium	no	Proc030(92)
92	yes	56	script_56.mary	31	Proc030	1	medium	no	Proc030(92)
92	yes	56	script_56.mary	44	Proc030	1	medium	no	Proc030(92)
92	yes	56	script_56.mary	58	Proc030	1	medium	no	Proc030(92)
92	yes	56	script_56.mary	72	Proc030	1	medium	no	Proc030(92)
92	yes	56	script_56.mary	96	Proc030	1	medium	no	Proc030(92)
92	yes	217	script_217.mary	19	Proc049	1	medium	no	Proc049(92)
92	yes	343	script_343.mary	416	Proc030	1	medium	no	Proc030(92)
92	yes	571	script_571.mary	2176	PushInt	1	medium	no	PushInt(92)
92	yes	655	script_655.mary	95	Proc030	1	medium	no	Proc030(92)
92	yes	655	script_655.mary	101	Proc030	1	medium	no	Proc030(92)
92	yes	703	script_703.mary	26	Proc017	1	medium	no	Proc017(92, 128, 2)
92	yes	751	script_751.mary	121	Proc008	2	medium	no	Proc008(18, 92, 1)
92	yes	792	script_792.mary	113	Proc030	1	medium	no	Proc030(92)
92	yes	915	script_915.mary	131	Proc030	1	medium	no	Proc030(92)
92	yes	915	script_915.mary	148	Proc030	1	medium	no	Proc030(92)
92	yes	982	script_982.mary	275	Proc0FA	1	medium	no	Proc0FA(92)
92	yes	1008	script_1008.mary	1104	TalkMessage	1	medium	no	TalkMessage(92)
92	yes	1011	script_1011.mary	301	Proc030	1	medium	no	Proc030(92)
92	yes	1011	script_1011.mary	319	Proc030	1	medium	no	Proc030(92)
92	yes	1011	script_1011.mary	330	Proc030	1	medium	no	Proc030(92)
92	yes	1011	script_1011.mary	553	Proc030	1	medium	no	Proc030(92)
92	yes	1011	script_1011.mary	584	Proc030	1	medium	no	Proc030(92)
92	yes	1011	script_1011.mary	789	Proc030	1	medium	no	Proc030(92)
92	yes	1011	script_1011.mary	857	Proc030	1	medium	no	Proc030(92)
92	yes	1011	script_1011.mary	863	Proc030	1	medium	no	Proc030(92)
92	yes	1011	script_1011.mary	1114	Proc030	1	medium	no	Proc030(92)
92	yes	1011	script_1011.mary	1122	Proc030	1	medium	no	Proc030(92)
92	yes	1011	script_1011.mary	1336	Proc030	1	medium	no	Proc030(92)
92	yes	1011	script_1011.mary	1434	Proc030	1	medium	no	Proc030(92)
92	yes	1011	script_1011.mary	1539	Proc030	1	medium	no	Proc030(92)
92	yes	1013	script_1013.mary	612	CallId	1	medium	no	Call(CallId(92))
92	yes	1031	script_1031.mary	1454	TalkChoice6	3	medium	no	var_0 = TalkChoice6(25, 11, 92, 28, 93, 94)
92	yes	1061	script_1061.mary	48	Proc049	1	medium	no	Proc049(92)
92	yes	1302	script_1302.mary	54	Proc030	1	medium	no	Proc030(92)
93	yes	55	script_55.mary	65	Proc030	1	medium	no	Proc030(93)
93	yes	571	script_571.mary	2182	PushInt	1	medium	no	PushInt(93)
93	yes	571	script_571.mary	2206	PushInt	1	medium	no	PushInt(93)
93	yes	571	script_571.mary	2212	PushInt	1	medium	no	PushInt(93)
93	yes	571	script_571.mary	2218	PushInt	1	medium	no	PushInt(93)
93	yes	751	script_751.mary	296	Proc008	2	medium	no	Proc008(17, 93, 1)
93	yes	922	script_922.mary	15	Proc030	1	medium	no	Proc030(93)
93	yes	922	script_922.mary	26	Proc030	1	medium	no	Proc030(93)
93	yes	982	script_982.mary	288	Proc0FA	1	medium	no	Proc0FA(93)
93	yes	1008	script_1008.mary	1110	TalkMessage	1	medium	no	TalkMessage(93)
93	yes	1031	script_1031.mary	1454	TalkChoice6	5	medium	no	var_0 = TalkChoice6(25, 11, 92, 28, 93, 94)
93	yes	1040	script_1040.mary	231	Proc049	1	medium	no	Proc049(93)
93	yes	1048	script_1048.mary	1040	Proc030	1	medium	no	Proc030(93)
97	yes	571	script_571.mary	1194	CallId	1	medium	no	Call(CallId(97))
97	yes	982	script_982.mary	310	Proc0FA	1	medium	no	Proc0FA(97)
97	yes	1008	script_1008.mary	1150	TalkMessage	1	medium	no	TalkMessage(97)
97	yes	1008	script_1008.mary	1356	TalkMessage	1	medium	no	TalkMessage(97)
97	yes	1012	script_1012.mary	149	Proc030	1	medium	no	Proc030(97)
97	yes	1031	script_1031.mary	1542	Func027	1	medium	no	var_0 = Func027(97, 31, 32, 15, 15)
97	yes	1060	script_1060.mary	241	Proc147	1	medium	no	Proc147(97, 1, 9)
97	yes	1060	script_1060.mary	242	SetEntityAnim	1	medium	no	SetEntityAnim(97, 764)
97	yes	1060	script_1060.mary	294	Proc00F	1	medium	no	Proc00F(97)
97	yes	1061	script_1061.mary	209	Proc147	1	medium	no	Proc147(97, 0, 6)
97	yes	1061	script_1061.mary	210	SetEntityAnim	1	medium	no	SetEntityAnim(97, 1845)
97	yes	1061	script_1061.mary	275	Proc00F	1	medium	no	Proc00F(97)
97	yes	1062	script_1062.mary	251	Proc147	1	medium	no	Proc147(97, 1, 10)
97	yes	1062	script_1062.mary	252	SetEntityAnim	1	medium	no	SetEntityAnim(97, 2413)
97	yes	1062	script_1062.mary	304	Proc00F	1	medium	no	Proc00F(97)
105	yes	60	script_60.mary	27	Proc030	1	medium	no	Proc030(105)
105	yes	343	script_343.mary	448	Proc030	1	medium	no	Proc030(105)
105	yes	605	script_605.mary	65	Proc030	1	medium	no	Proc030(105)
105	yes	605	script_605.mary	127	Proc030	1	medium	no	Proc030(105)
105	yes	638	script_638.mary	37	Proc030	1	medium	no	Proc030(105)
105	yes	638	script_638.mary	188	Proc030	1	medium	no	Proc030(105)
105	yes	688	script_688.mary	71	Proc030	1	medium	no	Proc030(105)
105	yes	688	script_688.mary	78	Proc030	1	medium	no	Proc030(105)
105	yes	733	script_733.mary	53	Proc030	1	medium	no	Proc030(105)
105	yes	733	script_733.mary	63	Proc030	1	medium	no	Proc030(105)
105	yes	926	script_926.mary	126	Proc030	1	medium	no	Proc030(105)
105	yes	932	script_932.mary	78	Proc030	1	medium	no	Proc030(105)
105	yes	982	script_982.mary	371	Proc0FA	1	medium	no	Proc0FA(105)
105	yes	1008	script_1008.mary	1216	TalkMessage	1	medium	no	TalkMessage(105)
105	yes	1014	script_1014.mary	438	Proc030	1	medium	no	Proc030(105)
105	yes	1014	script_1014.mary	456	Proc030	1	medium	no	Proc030(105)
105	yes	1014	script_1014.mary	1014	Proc030	1	medium	no	Proc030(105)
105	yes	1014	script_1014.mary	1025	Proc030	1	medium	no	Proc030(105)
105	yes	1014	script_1014.mary	1031	Proc030	1	medium	no	Proc030(105)
105	yes	1014	script_1014.mary	1040	Proc030	1	medium	no	Proc030(105)
105	yes	1014	script_1014.mary	1046	Proc030	1	medium	no	Proc030(105)
105	yes	1014	script_1014.mary	1073	Proc030	1	medium	no	Proc030(105)
105	yes	1014	script_1014.mary	1196	Proc030	1	medium	no	Proc030(105)
105	yes	1014	script_1014.mary	1202	Proc030	1	medium	no	Proc030(105)
105	yes	1014	script_1014.mary	1601	Proc030	1	medium	no	Proc030(105)
105	yes	1031	script_1031.mary	1657	Func027	1	medium	no	var_0 = Func027(105, 31, 32, 15, 15)
105	yes	1060	script_1060.mary	137	Proc00A	2	medium	no	Proc00A(94, 105, 1)
105	yes	1061	script_1061.mary	128	Proc00A	2	medium	no	Proc00A(94, 105, 1)
105	yes	1062	script_1062.mary	150	Proc00A	2	medium	no	Proc00A(94, 105, 1)
105	yes	1234	script_1234.mary	12	Proc030	1	medium	no	Proc030(105)
106	yes	57	script_57.mary	42	Proc030	1	medium	no	Proc030(106)
106	yes	57	script_57.mary	131	Proc030	1	medium	no	Proc030(106)
106	yes	59	script_59.mary	58	Proc030	1	medium	no	Proc030(106)
106	yes	59	script_59.mary	203	Proc030	1	medium	no	Proc030(106)
106	yes	61	script_61.mary	41	Proc030	1	medium	no	Proc030(106)
106	yes	61	script_61.mary	60	Proc030	1	medium	no	Proc030(106)
106	yes	61	script_61.mary	76	Proc030	1	medium	no	Proc030(106)
106	yes	571	script_571.mary	1289	PushInt	1	medium	no	PushInt(106)
106	yes	571	script_571.mary	1362	PushInt	1	medium	no	PushInt(106)
106	yes	571	script_571.mary	1440	PushInt	1	medium	no	PushInt(106)
106	yes	571	script_571.mary	1518	PushInt	1	medium	no	PushInt(106)
106	yes	571	script_571.mary	1596	PushInt	1	medium	no	PushInt(106)
106	yes	571	script_571.mary	1685	PushInt	1	medium	no	PushInt(106)
106	yes	571	script_571.mary	1739	PushInt	1	medium	no	PushInt(106)
106	yes	571	script_571.mary	1787	PushInt	1	medium	no	PushInt(106)
106	yes	658	script_658.mary	31	Proc030	1	medium	no	Proc030(106)
106	yes	688	script_688.mary	42	Proc030	1	medium	no	Proc030(106)
106	yes	688	script_688.mary	51	Proc030	1	medium	no	Proc030(106)
106	yes	688	script_688.mary	127	Proc030	1	medium	no	Proc030(106)
106	yes	733	script_733.mary	82	Proc030	1	medium	no	Proc030(106)
106	yes	795	script_795.mary	375	SetEntityAnim	2	medium	no	SetEntityAnim(0, 106)
106	yes	926	script_926.mary	111	Proc030	1	medium	no	Proc030(106)
106	yes	926	script_926.mary	129	Proc030	1	medium	no	Proc030(106)
106	yes	932	script_932.mary	63	Proc030	1	medium	no	Proc030(106)
106	yes	932	script_932.mary	88	Proc030	1	medium	no	Proc030(106)
106	yes	932	script_932.mary	98	Proc030	1	medium	no	Proc030(106)
106	yes	982	script_982.mary	381	Proc0FA	1	medium	no	Proc0FA(106)
106	yes	1008	script_1008.mary	1222	TalkMessage	1	medium	no	TalkMessage(106)
106	yes	1014	script_1014.mary	486	Proc030	1	medium	no	Proc030(106)
106	yes	1014	script_1014.mary	492	Proc030	1	medium	no	Proc030(106)
106	yes	1014	script_1014.mary	1520	Proc030	1	medium	no	Proc030(106)
106	yes	1031	script_1031.mary	1696	Func027	1	medium	no	var_0 = Func027(106, 31, 32, 15, 15)
106	yes	1223	script_1223.mary	24	Proc030	1	medium	no	Proc030(106)
106	yes	1244	script_1244.mary	273	Proc030	1	medium	no	Proc030(106)
106	yes	1306	script_1306.mary	315	Proc030	1	medium	no	Proc030(106)
107	yes	57	script_57.mary	31	Proc030	1	medium	no	Proc030(107)
107	yes	59	script_59.mary	44	Proc030	1	medium	no	Proc030(107)
107	yes	59	script_59.mary	71	Proc030	1	medium	no	Proc030(107)
107	yes	59	script_59.mary	128	Proc030	1	medium	no	Proc030(107)
107	yes	62	script_62.mary	177	Proc030	1	medium	no	Proc030(107)
107	yes	62	script_62.mary	186	Proc030	1	medium	no	Proc030(107)
107	yes	62	script_62.mary	235	Proc030	1	medium	no	Proc030(107)
107	yes	62	script_62.mary	329	Proc030	1	medium	no	Proc030(107)
107	yes	62	script_62.mary	368	Proc030	1	medium	no	Proc030(107)
107	yes	69	script_69.mary	228	Proc00A	2	medium	no	Proc00A(21, 107, 1)
107	yes	69	script_69.mary	267	Proc00A	2	medium	no	Proc00A(21, 107, 1)
107	yes	343	script_343.mary	442	Proc030	1	medium	no	Proc030(107)
107	yes	343	script_343.mary	457	Proc030	1	medium	no	Proc030(107)
107	yes	343	script_343.mary	463	Proc030	1	medium	no	Proc030(107)
107	yes	623	script_623.mary	59	Proc030	1	medium	no	Proc030(107)
107	yes	638	script_638.mary	96	Proc030	1	medium	no	Proc030(107)
107	yes	653	script_653.mary	96	Proc030	1	medium	no	Proc030(107)
107	yes	653	script_653.mary	165	Proc030	1	medium	no	Proc030(107)
107	yes	653	script_653.mary	188	Proc030	1	medium	no	Proc030(107)
107	yes	683	script_683.mary	26	Proc030	1	medium	no	Proc030(107)
107	yes	683	script_683.mary	43	Proc030	1	medium	no	Proc030(107)
107	yes	736	script_736.mary	32	Proc030	1	medium	no	Proc030(107)
107	yes	736	script_736.mary	104	Proc030	1	medium	no	Proc030(107)
107	yes	982	script_982.mary	391	Proc0FA	1	medium	no	Proc0FA(107)
107	yes	1008	script_1008.mary	1231	TalkMessage	1	medium	no	TalkMessage(107)
107	yes	1008	script_1008.mary	1369	TalkMessage	1	medium	no	TalkMessage(107)
107	yes	1014	script_1014.mary	432	Proc030	1	medium	no	Proc030(107)
107	yes	1014	script_1014.mary	450	Proc030	1	medium	no	Proc030(107)
107	yes	1014	script_1014.mary	573	Proc030	1	medium	no	Proc030(107)
107	yes	1014	script_1014.mary	816	Proc030	1	medium	no	Proc030(107)
107	yes	1014	script_1014.mary	1008	Proc030	1	medium	no	Proc030(107)
107	yes	1014	script_1014.mary	1079	Proc030	1	medium	no	Proc030(107)
107	yes	1014	script_1014.mary	1106	Proc030	1	medium	no	Proc030(107)
107	yes	1014	script_1014.mary	1211	Proc030	1	medium	no	Proc030(107)
107	yes	1014	script_1014.mary	1217	Proc030	1	medium	no	Proc030(107)
107	yes	1014	script_1014.mary	1331	Proc030	1	medium	no	Proc030(107)
107	yes	1014	script_1014.mary	1345	Proc030	1	medium	no	Proc030(107)
107	yes	1014	script_1014.mary	1358	Proc030	1	medium	no	Proc030(107)
107	yes	1014	script_1014.mary	1484	Proc030	1	medium	no	Proc030(107)
107	yes	1014	script_1014.mary	1490	Proc030	1	medium	no	Proc030(107)
107	yes	1014	script_1014.mary	1753	Proc030	1	medium	no	Proc030(107)
107	yes	1031	script_1031.mary	1730	Func027	1	medium	no	var_0 = Func027(107, 31, 32, 15, 15)
108	yes	62	script_62.mary	225	Proc030	1	medium	no	Proc030(108)
108	yes	63	script_63.mary	16	Proc030	1	medium	no	Proc030(108)
108	yes	63	script_63.mary	32	Proc030	1	medium	no	Proc030(108)
108	yes	65	script_65.mary	28	Proc030	1	medium	no	Proc030(108)
108	yes	65	script_65.mary	41	Proc030	1	medium	no	Proc030(108)
108	yes	65	script_65.mary	55	Proc030	1	medium	no	Proc030(108)
108	yes	65	script_65.mary	69	Proc030	1	medium	no	Proc030(108)
108	yes	65	script_65.mary	93	Proc030	1	medium	no	Proc030(108)
108	yes	343	script_343.mary	493	Proc030	1	medium	no	Proc030(108)
108	yes	658	script_658.mary	95	Proc030	1	medium	no	Proc030(108)
108	yes	658	script_658.mary	101	Proc030	1	medium	no	Proc030(108)
108	yes	709	script_709.mary	42	Proc017	2	medium	no	Proc017(176, 108, 1)
108	yes	709	script_709.mary	86	Proc00A	2	medium	no	Proc00A(3, 108, 1)
108	yes	733	script_733.mary	104	Proc030	1	medium	no	Proc030(108)
108	yes	930	script_930.mary	8	Proc030	1	medium	no	Proc030(108)
108	yes	933	script_933.mary	86	Proc030	1	medium	no	Proc030(108)
108	yes	1008	script_1008.mary	1237	TalkMessage	1	medium	no	TalkMessage(108)
108	yes	1014	script_1014.mary	321	Proc030	1	medium	no	Proc030(108)
108	yes	1014	script_1014.mary	344	Proc030	1	medium	no	Proc030(108)
108	yes	1014	script_1014.mary	360	Proc030	1	medium	no	Proc030(108)
108	yes	1014	script_1014.mary	366	Proc030	1	medium	no	Proc030(108)
108	yes	1014	script_1014.mary	586	Proc030	1	medium	no	Proc030(108)
108	yes	1014	script_1014.mary	801	Proc030	1	medium	no	Proc030(108)
108	yes	1014	script_1014.mary	836	Proc030	1	medium	no	Proc030(108)
108	yes	1014	script_1014.mary	1247	Proc030	1	medium	no	Proc030(108)
108	yes	1014	script_1014.mary	1262	Proc030	1	medium	no	Proc030(108)
108	yes	1014	script_1014.mary	1409	Proc030	1	medium	no	Proc030(108)
108	yes	1014	script_1014.mary	1514	Proc030	1	medium	no	Proc030(108)
108	yes	1031	script_1031.mary	1761	Proc02E	1	medium	no	Proc02E(108)
111	yes	20	script_20.mary	74	Proc00A	2	medium	no	Proc00A(0, 111, 1)
111	yes	62	script_62.mary	146	Proc030	1	medium	no	Proc030(111)
111	yes	62	script_62.mary	230	Proc030	1	medium	no	Proc030(111)
111	yes	62	script_62.mary	290	Proc030	1	medium	no	Proc030(111)
111	yes	571	script_571.mary	1263	PushInt	1	medium	no	PushInt(111)
111	yes	571	script_571.mary	2289	PushInt	1	medium	no	PushInt(111)
111	yes	571	script_571.mary	2378	PushInt	1	medium	no	PushInt(111)
111	yes	571	script_571.mary	2467	PushInt	1	medium	no	PushInt(111)
111	yes	571	script_571.mary	2556	PushInt	1	medium	no	PushInt(111)
111	yes	571	script_571.mary	2647	PushInt	1	medium	no	PushInt(111)
111	yes	571	script_571.mary	2738	PushInt	1	medium	no	PushInt(111)
111	yes	571	script_571.mary	2827	PushInt	1	medium	no	PushInt(111)
111	yes	571	script_571.mary	2918	PushInt	1	medium	no	PushInt(111)
111	yes	571	script_571.mary	3009	PushInt	1	medium	no	PushInt(111)
111	yes	571	script_571.mary	3100	PushInt	1	medium	no	PushInt(111)
111	yes	571	script_571.mary	3300	PushInt	1	medium	no	PushInt(111)
111	yes	571	script_571.mary	3368	PushInt	1	medium	no	PushInt(111)
111	yes	663	script_663.mary	109	Proc030	1	medium	no	Proc030(111)
111	yes	663	script_663.mary	228	Proc030	1	medium	no	Proc030(111)
111	yes	726	script_726.mary	38	Proc030	1	medium	no	Proc030(111)
111	yes	726	script_726.mary	126	Proc030	1	medium	no	Proc030(111)
111	yes	731	script_731.mary	51	Proc030	1	medium	no	Proc030(111)
111	yes	731	script_731.mary	97	Proc030	1	medium	no	Proc030(111)
111	yes	731	script_731.mary	113	Proc030	1	medium	no	Proc030(111)
111	yes	731	script_731.mary	147	Proc030	1	medium	no	Proc030(111)
111	yes	732	script_732.mary	93	Proc030	1	medium	no	Proc030(111)
111	yes	732	script_732.mary	112	Proc030	1	medium	no	Proc030(111)
111	yes	732	script_732.mary	130	Proc030	1	medium	no	Proc030(111)
111	yes	732	script_732.mary	148	Proc030	1	medium	no	Proc030(111)
111	yes	732	script_732.mary	166	Proc030	1	medium	no	Proc030(111)
111	yes	732	script_732.mary	197	Proc030	1	medium	no	Proc030(111)
111	yes	732	script_732.mary	206	Proc030	1	medium	no	Proc030(111)
111	yes	756	script_756.mary	87	Proc030	1	medium	no	Proc030(111)
111	yes	756	script_756.mary	104	Proc030	1	medium	no	Proc030(111)
111	yes	806	script_806.mary	38	Proc00A	2	medium	no	Proc00A(0, 111, 1)
111	yes	806	script_806.mary	81	Proc017	2	medium	no	Proc017(169, 111, 1)
111	yes	940	script_940.mary	26	Proc030	1	medium	no	Proc030(111)
111	yes	982	script_982.mary	440	Proc0FA	1	medium	no	Proc0FA(111)
111	yes	982	script_982.mary	445	Proc0FA	1	medium	no	Proc0FA(111)
111	yes	1008	script_1008.mary	1261	TalkMessage	1	medium	no	TalkMessage(111)
111	yes	1015	script_1015.mary	150	Proc030	1	medium	no	Proc030(111)
111	yes	1015	script_1015.mary	159	Proc030	1	medium	no	Proc030(111)
111	yes	1015	script_1015.mary	164	Proc030	1	medium	no	Proc030(111)
111	yes	1015	script_1015.mary	184	Proc030	1	medium	no	Proc030(111)
111	yes	1015	script_1015.mary	194	Proc030	1	medium	no	Proc030(111)
111	yes	1015	script_1015.mary	199	Proc030	1	medium	no	Proc030(111)
111	yes	1015	script_1015.mary	204	Proc030	1	medium	no	Proc030(111)
111	yes	1015	script_1015.mary	323	Proc030	1	medium	no	Proc030(111)
111	yes	1015	script_1015.mary	356	Proc030	1	medium	no	Proc030(111)
111	yes	1015	script_1015.mary	362	Proc030	1	medium	no	Proc030(111)
111	yes	1015	script_1015.mary	377	Proc030	1	medium	no	Proc030(111)
111	yes	1015	script_1015.mary	395	Proc030	1	medium	no	Proc030(111)
111	yes	1015	script_1015.mary	408	Proc030	1	medium	no	Proc030(111)
111	yes	1015	script_1015.mary	413	Proc030	1	medium	no	Proc030(111)
111	yes	1015	script_1015.mary	423	Proc030	1	medium	no	Proc030(111)
111	yes	1015	script_1015.mary	428	Proc030	1	medium	no	Proc030(111)
111	yes	1015	script_1015.mary	439	Proc030	1	medium	no	Proc030(111)
111	yes	1015	script_1015.mary	473	Proc030	1	medium	no	Proc030(111)
111	yes	1015	script_1015.mary	478	Proc030	1	medium	no	Proc030(111)
111	yes	1031	script_1031.mary	1762	TalkChoice6	5	medium	no	var_0 = TalkChoice6(25, 109, 110, 28, 111, 15)
111	yes	1048	script_1048.mary	1136	Proc030	1	medium	no	Proc030(111)
111	yes	1048	script_1048.mary	1181	Proc030	1	medium	no	Proc030(111)
111	yes	1048	script_1048.mary	1187	Proc030	1	medium	no	Proc030(111)
111	yes	1048	script_1048.mary	1219	Proc030	1	medium	no	Proc030(111)
111	yes	1224	script_1224.mary	27	Proc030	1	medium	no	Proc030(111)
111	yes	1235	script_1235.mary	12	Proc030	1	medium	no	Proc030(111)
111	yes	1270	script_1270.mary	15	Proc030	1	medium	no	Proc030(111)
111	yes	1270	script_1270.mary	22	Proc030	1	medium	no	Proc030(111)
111	yes	1281	script_1281.mary	23	Proc030	1	medium	no	Proc030(111)
111	yes	1305	script_1305.mary	51	Proc030	1	medium	no	Proc030(111)
111	yes	1305	script_1305.mary	65	Proc030	1	medium	no	Proc030(111)
111	yes	1324	script_1324.mary	12	Proc030	1	medium	no	Proc030(111)
112	yes	29	script_29.mary	171	Proc00A	2	medium	no	Proc00A(0, 112, 1)
112	yes	52	script_52.mary	151	Proc008	2	medium	no	Proc008(25, 112, 2)
112	yes	62	script_62.mary	66	Proc030	1	medium	no	Proc030(112)
112	yes	62	script_62.mary	105	Proc030	1	medium	no	Proc030(112)
112	yes	62	script_62.mary	115	Proc030	1	medium	no	Proc030(112)
112	yes	292	script_292.mary	28	Proc030	1	medium	no	Proc030(112)
112	yes	292	script_292.mary	50	Proc030	1	medium	no	Proc030(112)
112	yes	704	script_704.mary	28	Proc017	2	medium	no	Proc017(120, 112, 2)
112	yes	707	script_707.mary	36	Proc008	2	medium	no	Proc008(0, 112, 1)
112	yes	709	script_709.mary	80	Proc00A	2	medium	no	Proc00A(3, 112, 1)
112	yes	819	script_819.mary	207	Proc030	1	medium	no	Proc030(112)
112	yes	947	script_947.mary	42	Proc00A	2	medium	no	Proc00A(20, 112, 1)
112	yes	947	script_947.mary	44	Proc00A	2	medium	no	Proc00A(21, 112, 1)
112	yes	982	script_982.mary	457	Proc0FA	1	medium	no	Proc0FA(112)
112	yes	982	script_982.mary	462	Proc0FA	1	medium	no	Proc0FA(112)
112	yes	1008	script_1008.mary	1267	TalkMessage	1	medium	no	TalkMessage(112)
112	yes	1015	script_1015.mary	179	Proc030	1	medium	no	Proc030(112)
112	yes	1031	script_1031.mary	1777	Func027	1	medium	no	var_0 = Func027(112, 31, 32, 15, 15)
112	yes	1305	script_1305.mary	62	Proc030	1	medium	no	Proc030(112)
113	yes	756	script_756.mary	65	Proc030	1	medium	no	Proc030(113)
113	yes	758	script_758.mary	23	Proc030	1	medium	no	Proc030(113)
113	yes	982	script_982.mary	474	Proc0FA	1	medium	no	Proc0FA(113)
113	yes	982	script_982.mary	479	Proc0FA	1	medium	no	Proc0FA(113)
113	yes	1008	script_1008.mary	1276	TalkMessage	1	medium	no	TalkMessage(113)
113	yes	1015	script_1015.mary	174	Proc030	1	medium	no	Proc030(113)
113	yes	1015	script_1015.mary	189	Proc030	1	medium	no	Proc030(113)
113	yes	1015	script_1015.mary	343	Proc030	1	medium	no	Proc030(113)
113	yes	1015	script_1015.mary	447	Proc030	1	medium	no	Proc030(113)
113	yes	1031	script_1031.mary	1811	Func027	1	medium	no	var_0 = Func027(113, 31, 32, 15, 15)
113	yes	1128	script_1128.mary	91	Func13F	1	medium	no	Proc13D(2, 26 * 8 + 8, 18 * 8 + 8 + 1, 2, Func13F(113))
113	yes	1224	script_1224.mary	20	Proc030	1	medium	no	Proc030(113)
113	yes	1281	script_1281.mary	30	Proc030	1	medium	no	Proc030(113)
114	yes	751	script_751.mary	162	Proc030	1	medium	no	Proc030(114)
114	yes	751	script_751.mary	182	Proc030	1	medium	no	Proc030(114)
114	yes	764	script_764.mary	62	Proc030	1	medium	no	Proc030(114)
114	yes	764	script_764.mary	72	Proc030	1	medium	no	Proc030(114)
114	yes	764	script_764.mary	163	Proc030	1	medium	no	Proc030(114)
114	yes	766	script_766.mary	10	Proc030	1	medium	no	Proc030(114)
114	yes	794	script_794.mary	29	Proc017	1	medium	no	Proc017(114, 192, 2)
114	yes	808	script_808.mary	14	Proc030	1	medium	no	Proc030(114)
114	yes	810	script_810.mary	28	Proc030	1	medium	no	Proc030(114)
114	yes	810	script_810.mary	46	Proc030	1	medium	no	Proc030(114)
114	yes	811	script_811.mary	38	Proc030	1	medium	no	Proc030(114)
114	yes	811	script_811.mary	45	Proc030	1	medium	no	Proc030(114)
114	yes	811	script_811.mary	51	Proc030	1	medium	no	Proc030(114)
114	yes	811	script_811.mary	57	Proc030	1	medium	no	Proc030(114)
114	yes	811	script_811.mary	61	Proc030	1	medium	no	Proc030(114)
114	yes	817	script_817.mary	11	SetEntityAnim	2	medium	no	SetEntityAnim(0, 114)
114	yes	982	script_982.mary	487	Proc0FA	1	medium	no	Proc0FA(114)
114	yes	1008	script_1008.mary	1282	TalkMessage	1	medium	no	TalkMessage(114)
114	yes	1016	script_1016.mary	32	Proc030	1	medium	no	Proc030(114)
114	yes	1016	script_1016.mary	147	Proc030	1	medium	no	Proc030(114)
114	yes	1016	script_1016.mary	162	Proc030	1	medium	no	Proc030(114)
114	yes	1016	script_1016.mary	316	Proc030	1	medium	no	Proc030(114)
114	yes	1016	script_1016.mary	329	Proc030	1	medium	no	Proc030(114)
114	yes	1016	script_1016.mary	334	Proc030	1	medium	no	Proc030(114)
114	yes	1016	script_1016.mary	345	Proc030	1	medium	no	Proc030(114)
114	yes	1031	script_1031.mary	1310	Proc030	1	medium	no	Proc030(114)
114	yes	1031	script_1031.mary	1850	Func027	1	medium	no	var_0 = Func027(114, 31, 32, 15, 15)
114	yes	1048	script_1048.mary	1245	Proc030	1	medium	no	Proc030(114)
115	yes	46	script_46.mary	157	Func13F	1	medium	no	Proc13D(0, 176, 152, 1, Func13F(115))
115	yes	46	script_46.mary	174	Proc048	1	medium	no	Proc048(115)
115	yes	467	script_467.mary	20	Proc030	1	medium	no	Proc030(115)
115	yes	612	script_612.mary	27	Func13F	1	medium	no	Proc13D(0, 288, 122, 2, Func13F(115))
115	yes	615	script_615.mary	27	Func13F	1	medium	no	Proc13D(0, 288, 122, 2, Func13F(115))
115	yes	627	script_627.mary	38	Func13F	1	medium	no	Proc13D(0, 288, 122, 2, Func13F(115))
115	yes	630	script_630.mary	38	Func13F	1	medium	no	Proc13D(0, 288, 122, 2, Func13F(115))
115	yes	642	script_642.mary	38	Func13F	1	medium	no	Proc13D(0, 288, 122, 2, Func13F(115))
115	yes	645	script_645.mary	38	Func13F	1	medium	no	Proc13D(0, 288, 122, 2, Func13F(115))
115	yes	751	script_751.mary	172	Proc030	1	medium	no	Proc030(115)
115	yes	751	script_751.mary	192	Proc030	1	medium	no	Proc030(115)
115	yes	751	script_751.mary	205	Proc030	1	medium	no	Proc030(115)
115	yes	751	script_751.mary	216	Proc030	1	medium	no	Proc030(115)
115	yes	764	script_764.mary	123	Proc030	1	medium	no	Proc030(115)
115	yes	764	script_764.mary	141	Proc030	1	medium	no	Proc030(115)
115	yes	764	script_764.mary	153	Proc030	1	medium	no	Proc030(115)
115	yes	764	script_764.mary	208	Proc030	1	medium	no	Proc030(115)
115	yes	764	script_764.mary	218	Proc030	1	medium	no	Proc030(115)
115	yes	810	script_810.mary	21	Proc030	1	medium	no	Proc030(115)
115	yes	810	script_810.mary	31	Proc030	1	medium	no	Proc030(115)
115	yes	811	script_811.mary	41	Proc030	1	medium	no	Proc030(115)
115	yes	811	script_811.mary	43	Proc030	1	medium	no	Proc030(115)
115	yes	811	script_811.mary	49	Proc030	1	medium	no	Proc030(115)
115	yes	811	script_811.mary	55	Proc030	1	medium	no	Proc030(115)
115	yes	811	script_811.mary	63	Proc030	1	medium	no	Proc030(115)
115	yes	812	script_812.mary	25	Proc030	1	medium	no	Proc030(115)
115	yes	812	script_812.mary	28	Proc030	1	medium	no	Proc030(115)
115	yes	812	script_812.mary	36	Proc030	1	medium	no	Proc030(115)
115	yes	982	script_982.mary	496	Proc0FA	1	medium	no	Proc0FA(115)
115	yes	1008	script_1008.mary	1291	TalkMessage	1	medium	no	TalkMessage(115)
115	yes	1016	script_1016.mary	128	Proc030	1	medium	no	Proc030(115)
115	yes	1016	script_1016.mary	137	Proc030	1	medium	no	Proc030(115)
115	yes	1016	script_1016.mary	142	Proc030	1	medium	no	Proc030(115)
115	yes	1016	script_1016.mary	172	Proc030	1	medium	no	Proc030(115)
115	yes	1016	script_1016.mary	177	Proc030	1	medium	no	Proc030(115)
115	yes	1016	script_1016.mary	182	Proc030	1	medium	no	Proc030(115)
115	yes	1016	script_1016.mary	301	Proc030	1	medium	no	Proc030(115)
115	yes	1016	script_1016.mary	321	Proc030	1	medium	no	Proc030(115)
115	yes	1016	script_1016.mary	340	Proc030	1	medium	no	Proc030(115)
115	yes	1048	script_1048.mary	359	Proc030	1	medium	no	Proc030(115)
115	yes	1048	script_1048.mary	1222	Proc030	1	medium	no	Proc030(115)
115	yes	1048	script_1048.mary	1251	Proc030	1	medium	no	Proc030(115)
115	yes	1302	script_1302.mary	11	Func13F	1	medium	no	Proc13D(0, 104, 240, 1, Func13F(115))
115	yes	1303	script_1303.mary	12	Func13F	1	medium	no	Proc13D(0, 64, 120, 1, Func13F(115))
123	yes	51	script_51.mary	234	Proc030	1	medium	no	Proc030(123)
123	yes	66	script_66.mary	91	Proc030	1	medium	no	Proc030(123)
123	yes	66	script_66.mary	101	Proc030	1	medium	no	Proc030(123)
123	yes	66	script_66.mary	127	Proc030	1	medium	no	Proc030(123)
123	yes	66	script_66.mary	191	Proc030	1	medium	no	Proc030(123)
123	yes	66	script_66.mary	213	Proc030	1	medium	no	Proc030(123)
123	yes	66	script_66.mary	223	Proc030	1	medium	no	Proc030(123)
123	yes	66	script_66.mary	282	Proc030	1	medium	no	Proc030(123)
123	yes	343	script_343.mary	528	Proc030	1	medium	no	Proc030(123)
123	yes	343	script_343.mary	543	Proc030	1	medium	no	Proc030(123)
123	yes	343	script_343.mary	564	Proc030	1	medium	no	Proc030(123)
123	yes	343	script_343.mary	579	Proc030	1	medium	no	Proc030(123)
123	yes	571	script_571.mary	3258	CallId	1	medium	no	Call(CallId(123))
123	yes	597	script_597.mary	65	Proc030	1	medium	no	Proc030(123)
123	yes	597	script_597.mary	127	Proc030	1	medium	no	Proc030(123)
123	yes	617	script_617.mary	36	Proc030	1	medium	no	Proc030(123)
123	yes	632	script_632.mary	37	Proc030	1	medium	no	Proc030(123)
123	yes	647	script_647.mary	37	Proc030	1	medium	no	Proc030(123)
123	yes	686	script_686.mary	71	Proc030	1	medium	no	Proc030(123)
123	yes	686	script_686.mary	78	Proc030	1	medium	no	Proc030(123)
123	yes	750	script_750.mary	118	Proc030	1	medium	no	Proc030(123)
123	yes	750	script_750.mary	180	Proc030	1	medium	no	Proc030(123)
123	yes	750	script_750.mary	262	Proc030	1	medium	no	Proc030(123)
123	yes	776	script_776.mary	56	Proc030	1	medium	no	Proc030(123)
123	yes	776	script_776.mary	189	Proc030	1	medium	no	Proc030(123)
123	yes	950	script_950.mary	76	Proc030	1	medium	no	Proc030(123)
123	yes	982	script_982.mary	585	Func0F9	1	medium	no	if Func0F9(123) == 0
123	yes	982	script_982.mary	587	Proc0FA	1	medium	no	Proc0FA(123)
123	yes	1008	script_1008.mary	1431	TalkMessage	1	medium	no	TalkMessage(123)
123	yes	1013	script_1013.mary	175	CallId	1	medium	no	Call(CallId(123))
123	yes	1013	script_1013.mary	434	CallId	1	medium	no	Call(CallId(123))
123	yes	1018	script_1018.mary	423	Proc030	1	medium	no	Proc030(123)
123	yes	1018	script_1018.mary	441	Proc030	1	medium	no	Proc030(123)
123	yes	1018	script_1018.mary	447	Proc030	1	medium	no	Proc030(123)
123	yes	1018	script_1018.mary	477	Proc030	1	medium	no	Proc030(123)
123	yes	1018	script_1018.mary	483	Proc030	1	medium	no	Proc030(123)
123	yes	1018	script_1018.mary	989	Proc030	1	medium	no	Proc030(123)
123	yes	1018	script_1018.mary	999	Proc030	1	medium	no	Proc030(123)
123	yes	1018	script_1018.mary	1022	Proc030	1	medium	no	Proc030(123)
123	yes	1018	script_1018.mary	1031	Proc030	1	medium	no	Proc030(123)
123	yes	1018	script_1018.mary	1037	Proc030	1	medium	no	Proc030(123)
123	yes	1018	script_1018.mary	1070	Proc030	1	medium	no	Proc030(123)
123	yes	1018	script_1018.mary	1187	Proc030	1	medium	no	Proc030(123)
123	yes	1018	script_1018.mary	1193	Proc030	1	medium	no	Proc030(123)
123	yes	1018	script_1018.mary	1208	Proc030	1	medium	no	Proc030(123)
123	yes	1018	script_1018.mary	1322	Proc030	1	medium	no	Proc030(123)
123	yes	1060	script_1060.mary	205	Proc008	2	medium	no	Proc008(94, 123, 1)
123	yes	1062	script_1062.mary	215	Proc008	2	medium	no	Proc008(94, 123, 1)
123	yes	1128	script_1128.mary	102	Func13F	1	medium	no	Proc13D(1, 23 * 8 + 8, 18 * 8 + 8 - 2, 2, Func13F(123))
123	yes	1184	script_1184.mary	21	Proc030	1	medium	no	Proc030(123)
123	yes	1226	script_1226.mary	24	Proc030	1	medium	no	Proc030(123)
124	yes	5	script_5.mary	150	Proc132	4	medium	no	Proc132(44, 9, 84, 124)
124	yes	7	script_7.mary	55	Proc132	4	medium	no	Proc132(44, 9, 84, 124)
124	yes	69	script_69.mary	114	Proc030	1	medium	no	Proc030(124)
124	yes	69	script_69.mary	137	Proc030	1	medium	no	Proc030(124)
124	yes	69	script_69.mary	191	Proc030	1	medium	no	Proc030(124)
124	yes	69	script_69.mary	244	Proc030	1	medium	no	Proc030(124)
124	yes	72	script_72.mary	76	Proc030	1	medium	no	Proc030(124)
124	yes	72	script_72.mary	98	Proc030	1	medium	no	Proc030(124)
124	yes	72	script_72.mary	108	Proc030	1	medium	no	Proc030(124)
124	yes	76	script_76.mary	55	Proc030	1	medium	no	Proc030(124)
124	yes	76	script_76.mary	81	Proc030	1	medium	no	Proc030(124)
124	yes	632	script_632.mary	188	Proc030	1	medium	no	Proc030(124)
124	yes	647	script_647.mary	188	Proc030	1	medium	no	Proc030(124)
124	yes	656	script_656.mary	31	Proc030	1	medium	no	Proc030(124)
124	yes	686	script_686.mary	42	Proc030	1	medium	no	Proc030(124)
124	yes	686	script_686.mary	51	Proc030	1	medium	no	Proc030(124)
124	yes	714	script_714.mary	83	Proc00A	2	medium	no	Proc00A(0, 124, 1)
124	yes	750	script_750.mary	291	Proc030	1	medium	no	Proc030(124)
124	yes	776	script_776.mary	41	Proc030	1	medium	no	Proc030(124)
124	yes	776	script_776.mary	67	Proc030	1	medium	no	Proc030(124)
124	yes	944	script_944.mary	32	Proc030	1	medium	no	Proc030(124)
124	yes	944	script_944.mary	66	Proc030	1	medium	no	Proc030(124)
124	yes	944	script_944.mary	80	Proc030	1	medium	no	Proc030(124)
124	yes	946	script_946.mary	8	Proc030	1	medium	no	Proc030(124)
124	yes	947	script_947.mary	89	Proc030	1	medium	no	Proc030(124)
124	yes	950	script_950.mary	51	Proc030	1	medium	no	Proc030(124)
124	yes	950	script_950.mary	61	Proc030	1	medium	no	Proc030(124)
124	yes	982	script_982.mary	592	Func0F9	1	medium	no	if Func0F9(124) == 0
124	yes	982	script_982.mary	594	Proc0FA	1	medium	no	Proc0FA(124)
124	yes	1008	script_1008.mary	1443	TalkMessage	1	medium	no	TalkMessage(124)
124	yes	1013	script_1013.mary	476	CallId	1	medium	no	Call(CallId(124))
124	yes	1013	script_1013.mary	834	CallId	1	medium	no	Call(CallId(124))
124	yes	1013	script_1013.mary	930	CallId	1	medium	no	Call(CallId(124))
124	yes	1013	script_1013.mary	990	CallId	1	medium	no	Call(CallId(124))
124	yes	1018	script_1018.mary	1103	Proc030	1	medium	no	Proc030(124)
124	yes	1018	script_1018.mary	1232	Proc030	1	medium	no	Proc030(124)
124	yes	1018	script_1018.mary	1565	Proc030	1	medium	no	Proc030(124)
124	yes	1306	script_1306.mary	329	Proc030	1	medium	no	Proc030(124)
134	yes	24	script_24.mary	52	Proc030	1	medium	no	Proc030(134)
134	yes	24	script_24.mary	94	Proc030	1	medium	no	Proc030(134)
134	yes	24	script_24.mary	118	Proc030	1	medium	no	Proc030(134)
134	yes	24	script_24.mary	155	Proc030	1	medium	no	Proc030(134)
134	yes	24	script_24.mary	170	Proc030	1	medium	no	Proc030(134)
134	yes	34	script_34.mary	68	SetEntityAnim	2	medium	no	SetEntityAnim(0, 134)
134	yes	34	script_34.mary	77	SetEntityAnim	2	medium	no	SetEntityAnim(0, 134)
134	yes	34	script_34.mary	89	SetEntityAnim	2	medium	no	SetEntityAnim(0, 134)
134	yes	44	script_44.mary	68	SetEntityAnim	2	medium	no	SetEntityAnim(0, 134)
134	yes	44	script_44.mary	77	SetEntityAnim	2	medium	no	SetEntityAnim(0, 134)
134	yes	44	script_44.mary	89	SetEntityAnim	2	medium	no	SetEntityAnim(0, 134)
134	yes	55	script_55.mary	70	SetEntityAnim	2	medium	no	SetEntityAnim(0, 134)
134	yes	55	script_55.mary	79	SetEntityAnim	2	medium	no	SetEntityAnim(0, 134)
134	yes	55	script_55.mary	91	SetEntityAnim	2	medium	no	SetEntityAnim(0, 134)
134	yes	64	script_64.mary	72	SetEntityAnim	2	medium	no	SetEntityAnim(0, 134)
134	yes	64	script_64.mary	81	SetEntityAnim	2	medium	no	SetEntityAnim(0, 134)
134	yes	64	script_64.mary	93	SetEntityAnim	2	medium	no	SetEntityAnim(0, 134)
134	yes	78	script_78.mary	70	SetEntityAnim	2	medium	no	SetEntityAnim(0, 134)
134	yes	78	script_78.mary	79	SetEntityAnim	2	medium	no	SetEntityAnim(0, 134)
134	yes	78	script_78.mary	91	SetEntityAnim	2	medium	no	SetEntityAnim(0, 134)
134	yes	157	script_157.mary	38	Func0F8	1	medium	no	if Func0F8(134) == 1
134	yes	157	script_157.mary	41	Proc09B	1	medium	no	Proc09B(134)
134	yes	157	script_157.mary	43	Proc0FB	1	medium	no	Proc0FB(134)
134	yes	571	script_571.mary	1571	PushInt	1	medium	no	PushInt(134)
134	yes	716	script_716.mary	24	Proc030	1	medium	no	Proc030(134)
134	yes	716	script_716.mary	36	Proc030	1	medium	no	Proc030(134)
134	yes	717	script_717.mary	93	Proc030	1	medium	no	Proc030(134)
134	yes	717	script_717.mary	157	Proc030	1	medium	no	Proc030(134)
134	yes	717	script_717.mary	183	Proc030	1	medium	no	Proc030(134)
134	yes	717	script_717.mary	211	Proc030	1	medium	no	Proc030(134)
134	yes	718	script_718.mary	56	Proc030	1	medium	no	Proc030(134)
134	yes	753	script_753.mary	185	Proc030	1	medium	no	Proc030(134)
134	yes	753	script_753.mary	205	Proc030	1	medium	no	Proc030(134)
134	yes	763	script_763.mary	110	Proc030	1	medium	no	Proc030(134)
134	yes	763	script_763.mary	159	Proc030	1	medium	no	Proc030(134)
134	yes	763	script_763.mary	197	Proc030	1	medium	no	Proc030(134)
134	yes	763	script_763.mary	335	Proc030	1	medium	no	Proc030(134)
134	yes	763	script_763.mary	345	Proc030	1	medium	no	Proc030(134)
134	yes	763	script_763.mary	397	Proc030	1	medium	no	Proc030(134)
134	yes	786	script_786.mary	215	Proc030	1	medium	no	Proc030(134)
134	yes	790	script_790.mary	13	Proc030	1	medium	no	Proc030(134)
134	yes	848	script_848.mary	100	SetEntityAnim	2	medium	no	SetEntityAnim(0, 134)
134	yes	915	script_915.mary	101	Proc030	1	medium	no	Proc030(134)
134	yes	915	script_915.mary	123	Proc030	1	medium	no	Proc030(134)
134	yes	915	script_915.mary	190	Proc030	1	medium	no	Proc030(134)
134	yes	915	script_915.mary	203	Proc030	1	medium	no	Proc030(134)
134	yes	917	script_917.mary	8	Proc030	1	medium	no	Proc030(134)
134	yes	923	script_923.mary	15	Proc030	1	medium	no	Proc030(134)
134	yes	923	script_923.mary	26	Proc030	1	medium	no	Proc030(134)
134	yes	982	script_982.mary	662	Proc0FA	1	medium	no	Proc0FA(134)
134	yes	1008	script_1008.mary	1531	TalkMessage	1	medium	no	TalkMessage(134)
134	yes	1020	script_1020.mary	147	Proc030	1	medium	no	Proc030(134)
134	yes	1020	script_1020.mary	156	Proc030	1	medium	no	Proc030(134)
134	yes	1020	script_1020.mary	161	Proc030	1	medium	no	Proc030(134)
134	yes	1020	script_1020.mary	191	Proc030	1	medium	no	Proc030(134)
134	yes	1020	script_1020.mary	196	Proc030	1	medium	no	Proc030(134)
134	yes	1020	script_1020.mary	320	Proc030	1	medium	no	Proc030(134)
134	yes	1020	script_1020.mary	335	Proc030	1	medium	no	Proc030(134)
134	yes	1020	script_1020.mary	346	Proc030	1	medium	no	Proc030(134)
134	yes	1020	script_1020.mary	351	Proc030	1	medium	no	Proc030(134)
134	yes	1020	script_1020.mary	356	Proc030	1	medium	no	Proc030(134)
134	yes	1020	script_1020.mary	363	Proc030	1	medium	no	Proc030(134)
134	yes	1020	script_1020.mary	368	Proc030	1	medium	no	Proc030(134)
134	yes	1020	script_1020.mary	374	Proc030	1	medium	no	Proc030(134)
134	yes	1020	script_1020.mary	430	Proc030	1	medium	no	Proc030(134)
134	yes	1020	script_1020.mary	435	Proc030	1	medium	no	Proc030(134)
134	yes	1020	script_1020.mary	441	Proc030	1	medium	no	Proc030(134)
134	yes	1020	script_1020.mary	454	Proc030	1	medium	no	Proc030(134)
134	yes	1020	script_1020.mary	459	Proc030	1	medium	no	Proc030(134)
134	yes	1020	script_1020.mary	465	Proc030	1	medium	no	Proc030(134)
134	yes	1020	script_1020.mary	470	Proc030	1	medium	no	Proc030(134)
134	yes	1020	script_1020.mary	480	Proc030	1	medium	no	Proc030(134)
134	yes	1020	script_1020.mary	491	Proc030	1	medium	no	Proc030(134)
134	yes	1020	script_1020.mary	504	Proc030	1	medium	no	Proc030(134)
134	yes	1048	script_1048.mary	1318	Proc030	1	medium	no	Proc030(134)
134	yes	1048	script_1048.mary	1350	Proc030	1	medium	no	Proc030(134)
134	yes	1048	script_1048.mary	1379	Proc030	1	medium	no	Proc030(134)
134	yes	1073	script_1073.mary	12	Proc030	1	medium	no	Proc030(134)
134	yes	1128	script_1128.mary	113	Func13F	1	medium	no	Proc13D(0, 20 * 8 + 8, 18 * 8 + 8 + 2, 2, Func13F(134))
134	yes	1151	script_1151.mary	22	Proc030	1	medium	no	Proc030(134)
134	yes	1158	script_1158.mary	23	Proc030	1	medium	no	Proc030(134)
134	yes	1314	script_1314.mary	12	Proc030	1	medium	no	Proc030(134)
136	yes	16	script_16.mary	113	Proc017	2	medium	no	Proc017(155, 136, 2)
136	yes	39	script_39.mary	75	Proc00A	2	medium	no	Proc00A(0, 136, 1)
136	yes	39	script_39.mary	159	Proc017	2	medium	no	Proc017(176, 136, 1)
136	yes	39	script_39.mary	216	Proc017	2	medium	no	Proc017(176, 136, 1)
136	yes	39	script_39.mary	271	Proc017	2	medium	no	Proc017(176, 136, 1)
136	yes	57	script_57.mary	36	Proc008	2	medium	no	Proc008(12, 136, 1)
136	yes	61	script_61.mary	34	Proc008	2	medium	no	Proc008(12, 136, 1)
136	yes	69	script_69.mary	222	Proc008	2	medium	no	Proc008(21, 136, 1)
136	yes	69	script_69.mary	261	Proc008	2	medium	no	Proc008(21, 136, 1)
136	yes	72	script_72.mary	113	Proc00A	2	medium	no	Proc00A(16, 136, 1)
136	yes	707	script_707.mary	35	Proc00A	2	medium	no	Proc00A(3, 136, 2)
136	yes	707	script_707.mary	43	Proc008	2	medium	no	Proc008(3, 136, 2)
136	yes	718	script_718.mary	53	Proc030	1	medium	no	Proc030(136)
136	yes	718	script_718.mary	91	Proc030	1	medium	no	Proc030(136)
136	yes	737	script_737.mary	80	Proc09B	1	medium	no	Proc09B(136)
136	yes	751	script_751.mary	64	Proc008	2	medium	no	Proc008(0, 136, 1)
136	yes	751	script_751.mary	158	Proc008	2	medium	no	Proc008(17, 136, 1)
136	yes	751	script_751.mary	307	Proc017	1	medium	no	Proc017(136, 145, 2)
136	yes	763	script_763.mary	301	Proc030	1	medium	no	Proc030(136)
136	yes	786	script_786.mary	94	Proc008	2	medium	no	Proc008(0, 136, 2)
136	yes	786	script_786.mary	277	Proc017	1	medium	no	Proc017(136, 120, 2)
136	yes	795	script_795.mary	46	Proc008	2	medium	no	Proc008(0, 136, 1)
136	yes	795	script_795.mary	137	Proc00A	2	medium	no	Proc00A(4, 136, 1)
136	yes	908	script_908.mary	138	Proc00A	2	medium	no	Proc00A(25, 136, 1)
136	yes	1008	script_1008.mary	1544	TalkMessage	1	medium	no	TalkMessage(136)
136	yes	1020	script_1020.mary	171	Proc030	1	medium	no	Proc030(136)
136	yes	1020	script_1020.mary	186	Proc030	1	medium	no	Proc030(136)
136	yes	1020	script_1020.mary	201	Proc030	1	medium	no	Proc030(136)
136	yes	1020	script_1020.mary	446	Proc030	1	medium	no	Proc030(136)
136	yes	1020	script_1020.mary	485	Proc030	1	medium	no	Proc030(136)
136	yes	1158	script_1158.mary	16	Proc030	1	medium	no	Proc030(136)
136	yes	1158	script_1158.mary	30	Proc030	1	medium	no	Proc030(136)
142	yes	571	script_571.mary	1415	PushInt	1	medium	no	PushInt(142)
142	yes	714	script_714.mary	157	Proc008	2	medium	no	Proc008(7, 142, 1)
142	yes	813	script_813.mary	18	Proc030	1	medium	no	Proc030(142)
142	yes	1008	script_1008.mary	1586	TalkMessage	1	medium	no	TalkMessage(142)
142	yes	1022	script_1022.mary	119	Proc030	1	medium	no	Proc030(142)
142	yes	1022	script_1022.mary	128	Proc030	1	medium	no	Proc030(142)
142	yes	1022	script_1022.mary	153	Proc030	1	medium	no	Proc030(142)
142	yes	1022	script_1022.mary	163	Proc030	1	medium	no	Proc030(142)
142	yes	1022	script_1022.mary	168	Proc030	1	medium	no	Proc030(142)
142	yes	1022	script_1022.mary	173	Proc030	1	medium	no	Proc030(142)
142	yes	1022	script_1022.mary	292	Proc030	1	medium	no	Proc030(142)
142	yes	1022	script_1022.mary	318	Proc030	1	medium	no	Proc030(142)
142	yes	1022	script_1022.mary	326	Proc030	1	medium	no	Proc030(142)
142	yes	1022	script_1022.mary	349	Proc030	1	medium	no	Proc030(142)
142	yes	1022	script_1022.mary	362	Proc030	1	medium	no	Proc030(142)
142	yes	1022	script_1022.mary	373	Proc030	1	medium	no	Proc030(142)
142	yes	1128	script_1128.mary	92	Func13F	1	medium	no	Proc13D(3, 29 * 8 + 8, 18 * 8 + 8, 2, Func13F(142))
143	yes	24	script_24.mary	145	Proc00A	2	medium	no	Proc00A(8, 143, 1)
143	yes	571	script_571.mary	1425	PushInt	1	medium	no	PushInt(143)
143	yes	609	script_609.mary	27	Func13F	1	medium	no	Proc13D(0, 288, 123, 2, Func13F(143))
143	yes	618	script_618.mary	27	Func13F	1	medium	no	Proc13D(0, 288, 123, 2, Func13F(143))
143	yes	621	script_621.mary	27	Func13F	1	medium	no	Proc13D(0, 288, 123, 2, Func13F(143))
143	yes	624	script_624.mary	38	Func13F	1	medium	no	Proc13D(0, 288, 123, 2, Func13F(143))
143	yes	633	script_633.mary	38	Func13F	1	medium	no	Proc13D(0, 288, 123, 2, Func13F(143))
143	yes	636	script_636.mary	38	Func13F	1	medium	no	Proc13D(0, 288, 123, 2, Func13F(143))
143	yes	639	script_639.mary	38	Func13F	1	medium	no	Proc13D(0, 288, 123, 2, Func13F(143))
143	yes	648	script_648.mary	38	Func13F	1	medium	no	Proc13D(0, 288, 123, 2, Func13F(143))
143	yes	651	script_651.mary	38	Func13F	1	medium	no	Proc13D(0, 288, 123, 2, Func13F(143))
143	yes	694	script_694.mary	35	Proc00A	2	medium	no	Proc00A(20, 143, 1)
143	yes	853	script_853.mary	27	Func13F	1	medium	no	Proc13D(0, 288, 123, 2, Func13F(143))
143	yes	856	script_856.mary	38	Func13F	1	medium	no	Proc13D(0, 288, 123, 2, Func13F(143))
143	yes	859	script_859.mary	38	Func13F	1	medium	no	Proc13D(0, 288, 123, 2, Func13F(143))
143	yes	1008	script_1008.mary	1593	TalkMessage	1	medium	no	TalkMessage(143)
143	yes	1022	script_1022.mary	148	Proc030	1	medium	no	Proc030(143)
143	yes	1022	script_1022.mary	158	Proc030	1	medium	no	Proc030(143)
143	yes	1293	script_1293.mary	72	Func13F	1	medium	no	Proc13D(0, 288, 120, 2, Func13F(143))
143	yes	1301	script_1301.mary	12	Func13F	1	medium	no	Proc13D(0, 120, 104, 1, Func13F(143))
143	yes	1304	script_1304.mary	14	Func13F	1	medium	no	Proc13D(0, 160, 192, 1, Func13F(143))
143	yes	1305	script_1305.mary	13	Func13F	1	medium	no	Proc13D(0, 112, 112, 1, Func13F(143))
143	yes	1306	script_1306.mary	36	Func13F	1	medium	no	Proc13D(0, 288, 112, 1, Func13F(143))
153	yes	486	script_486.mary	30	Proc030	1	medium	no	Proc030(153)
153	yes	486	script_486.mary	41	Proc030	1	medium	no	Proc030(153)
153	yes	703	script_703.mary	85	Proc030	1	medium	no	Proc030(153)
153	yes	714	script_714.mary	54	Proc030	1	medium	no	Proc030(153)
153	yes	714	script_714.mary	98	Proc030	1	medium	no	Proc030(153)
153	yes	714	script_714.mary	139	Proc030	1	medium	no	Proc030(153)
153	yes	714	script_714.mary	174	Proc030	1	medium	no	Proc030(153)
153	yes	715	script_715.mary	10	Proc030	1	medium	no	Proc030(153)
153	yes	742	script_742.mary	45	Proc00A	2	medium	no	Proc00A(10, 153, 1)
153	yes	742	script_742.mary	136	Proc00A	2	medium	no	Proc00A(10, 153, 1)
153	yes	764	script_764.mary	85	Proc008	2	medium	no	Proc008(0, 153, 1)
153	yes	764	script_764.mary	198	Proc008	2	medium	no	Proc008(19, 153, 1)
153	yes	764	script_764.mary	261	Proc017	1	medium	no	Proc017(153, 116, 1)
153	yes	795	script_795.mary	64	Proc030	1	medium	no	Proc030(153)
153	yes	795	script_795.mary	79	Proc030	1	medium	no	Proc030(153)
153	yes	795	script_795.mary	86	Proc030	1	medium	no	Proc030(153)
153	yes	795	script_795.mary	109	Proc030	1	medium	no	Proc030(153)
153	yes	795	script_795.mary	121	Proc030	1	medium	no	Proc030(153)
153	yes	795	script_795.mary	422	Proc030	1	medium	no	Proc030(153)
153	yes	796	script_796.mary	39	Proc030	1	medium	no	Proc030(153)
153	yes	796	script_796.mary	85	Proc030	1	medium	no	Proc030(153)
153	yes	798	script_798.mary	20	Proc030	1	medium	no	Proc030(153)
153	yes	798	script_798.mary	38	Proc030	1	medium	no	Proc030(153)
153	yes	886	script_886.mary	43	Proc030	1	medium	no	Proc030(153)
153	yes	886	script_886.mary	58	Proc030	1	medium	no	Proc030(153)
153	yes	888	script_888.mary	8	Proc030	1	medium	no	Proc030(153)
153	yes	889	script_889.mary	56	Proc030	1	medium	no	Proc030(153)
153	yes	889	script_889.mary	66	Proc030	1	medium	no	Proc030(153)
153	yes	889	script_889.mary	146	Proc030	1	medium	no	Proc030(153)
153	yes	889	script_889.mary	167	Proc030	1	medium	no	Proc030(153)
153	yes	890	script_890.mary	8	Proc030	1	medium	no	Proc030(153)
153	yes	891	script_891.mary	44	Proc030	1	medium	no	Proc030(153)
153	yes	891	script_891.mary	54	Proc030	1	medium	no	Proc030(153)
153	yes	894	script_894.mary	159	Proc030	1	medium	no	Proc030(153)
153	yes	898	script_898.mary	25	Proc030	1	medium	no	Proc030(153)
153	yes	1025	script_1025.mary	48	Proc030	1	medium	no	Proc030(153)
153	yes	1025	script_1025.mary	153	Proc030	1	medium	no	Proc030(153)
153	yes	1025	script_1025.mary	162	Proc030	1	medium	no	Proc030(153)
153	yes	1025	script_1025.mary	167	Proc030	1	medium	no	Proc030(153)
153	yes	1025	script_1025.mary	172	Proc030	1	medium	no	Proc030(153)
153	yes	1025	script_1025.mary	187	Proc030	1	medium	no	Proc030(153)
153	yes	1025	script_1025.mary	197	Proc030	1	medium	no	Proc030(153)
153	yes	1025	script_1025.mary	202	Proc030	1	medium	no	Proc030(153)
153	yes	1025	script_1025.mary	207	Proc030	1	medium	no	Proc030(153)
153	yes	1025	script_1025.mary	315	Proc030	1	medium	no	Proc030(153)
153	yes	1025	script_1025.mary	332	Proc030	1	medium	no	Proc030(153)
153	yes	1025	script_1025.mary	347	Proc030	1	medium	no	Proc030(153)
153	yes	1025	script_1025.mary	360	Proc030	1	medium	no	Proc030(153)
153	yes	1025	script_1025.mary	373	Proc030	1	medium	no	Proc030(153)
153	yes	1025	script_1025.mary	386	Proc030	1	medium	no	Proc030(153)
153	yes	1025	script_1025.mary	434	Proc030	1	medium	no	Proc030(153)
153	yes	1025	script_1025.mary	446	Proc030	1	medium	no	Proc030(153)
153	yes	1025	script_1025.mary	451	Proc030	1	medium	no	Proc030(153)
153	yes	1025	script_1025.mary	461	Proc030	1	medium	no	Proc030(153)
153	yes	1031	script_1031.mary	397	Proc030	1	medium	no	Proc030(153)
153	yes	1040	script_1040.mary	285	Proc048	1	medium	no	Proc048(153)
153	yes	1048	script_1048.mary	1440	Proc030	1	medium	no	Proc030(153)
153	yes	1136	script_1136.mary	15	Proc030	1	medium	no	Proc030(153)
153	yes	1136	script_1136.mary	21	Proc030	1	medium	no	Proc030(153)
153	yes	1143	script_1143.mary	18	Proc030	1	medium	no	Proc030(153)
153	yes	1143	script_1143.mary	31	Proc030	1	medium	no	Proc030(153)
153	yes	1201	script_1201.mary	12	Proc030	1	medium	no	Proc030(153)
165	yes	659	script_659.mary	61	Proc008	2	medium	no	Proc008(0, 165, 1)
165	yes	659	script_659.mary	156	Proc008	2	medium	no	Proc008(0, 165, 1)
165	yes	660	script_660.mary	61	Proc008	2	medium	no	Proc008(0, 165, 1)
165	yes	660	script_660.mary	156	Proc008	2	medium	no	Proc008(0, 165, 1)
165	yes	661	script_661.mary	60	Proc008	2	medium	no	Proc008(0, 165, 1)
165	yes	661	script_661.mary	155	Proc008	2	medium	no	Proc008(0, 165, 1)
165	yes	662	script_662.mary	61	Proc008	2	medium	no	Proc008(0, 165, 1)
165	yes	662	script_662.mary	156	Proc008	2	medium	no	Proc008(0, 165, 1)
165	yes	663	script_663.mary	61	Proc008	2	medium	no	Proc008(0, 165, 1)
165	yes	663	script_663.mary	156	Proc008	2	medium	no	Proc008(0, 165, 1)
165	yes	733	script_733.mary	87	Proc030	1	medium	no	Proc030(165)
165	yes	733	script_733.mary	109	Proc030	1	medium	no	Proc030(165)
165	yes	751	script_751.mary	132	Proc00A	2	medium	no	Proc00A(17, 165, 1)
165	yes	751	script_751.mary	142	Proc00A	2	medium	no	Proc00A(29, 165, 1)
165	yes	933	script_933.mary	108	Proc030	1	medium	no	Proc030(165)
165	yes	1026	script_1026.mary	473	Proc030	1	medium	no	Proc030(165)
165	yes	1026	script_1026.mary	486	Proc030	1	medium	no	Proc030(165)
166	yes	726	script_726.mary	48	Proc030	1	medium	no	Proc030(166)
166	yes	730	script_730.mary	12	Proc030	1	medium	no	Proc030(166)
166	yes	735	script_735.mary	9	Proc030	1	medium	no	Proc030(166)
166	yes	926	script_926.mary	150	Proc030	1	medium	no	Proc030(166)
166	yes	929	script_929.mary	80	Proc030	1	medium	no	Proc030(166)
166	yes	1026	script_1026.mary	157	Proc030	1	medium	no	Proc030(166)
166	yes	1026	script_1026.mary	196	Proc030	1	medium	no	Proc030(166)
166	yes	1026	script_1026.mary	468	Proc030	1	medium	no	Proc030(166)
166	yes	1063	script_1063.mary	250	SetEntityAnim	2	medium	no	SetEntityAnim(94, 166)
166	yes	1273	script_1273.mary	22	Proc030	1	medium	no	Proc030(166)
167	yes	942	script_942.mary	15	Proc030	1	medium	no	Proc030(167)
167	yes	942	script_942.mary	26	Proc030	1	medium	no	Proc030(167)
167	yes	1048	script_1048.mary	1504	Proc030	1	medium	no	Proc030(167)
167	yes	1128	script_1128.mary	146	Proc008	2	medium	no	Proc008(24, 167, 1)
167	yes	1128	script_1128.mary	152	Proc008	2	medium	no	Proc008(30, 167, 1)
168	yes	34	script_34.mary	78	Proc008	2	medium	no	Proc008(0, 168, 1)
168	yes	34	script_34.mary	102	Proc008	2	medium	no	Proc008(16, 168, 1)
168	yes	44	script_44.mary	78	Proc008	2	medium	no	Proc008(0, 168, 1)
168	yes	44	script_44.mary	102	Proc008	2	medium	no	Proc008(16, 168, 1)
168	yes	55	script_55.mary	80	Proc008	2	medium	no	Proc008(0, 168, 1)
168	yes	55	script_55.mary	103	Proc008	2	medium	no	Proc008(16, 168, 1)
168	yes	57	script_57.mary	26	Proc00A	2	medium	no	Proc00A(0, 168, 1)
168	yes	64	script_64.mary	82	Proc008	2	medium	no	Proc008(0, 168, 1)
168	yes	64	script_64.mary	106	Proc008	2	medium	no	Proc008(16, 168, 1)
168	yes	69	script_69.mary	67	Proc00A	2	medium	no	Proc00A(17, 168, 1)
168	yes	78	script_78.mary	80	Proc008	2	medium	no	Proc008(0, 168, 1)
168	yes	78	script_78.mary	102	Proc008	2	medium	no	Proc008(16, 168, 1)
168	yes	487	script_487.mary	66	Proc030	1	medium	no	Proc030(168)
168	yes	513	script_513.mary	23	Proc030	1	medium	no	Proc030(168)
168	yes	532	script_532.mary	33	Proc030	1	medium	no	Proc030(168)
168	yes	695	script_695.mary	60	Proc008	2	medium	no	Proc008(2, 168, 1)
168	yes	695	script_695.mary	99	Proc008	2	medium	no	Proc008(3, 168, 1)
168	yes	699	script_699.mary	33	Proc00A	2	medium	no	Proc00A(0, 168, 1)
168	yes	707	script_707.mary	150	Proc00A	2	medium	no	Proc00A(3, 168, 1)
168	yes	712	script_712.mary	37	Proc030	1	medium	no	Proc030(168)
168	yes	712	script_712.mary	60	Proc030	1	medium	no	Proc030(168)
168	yes	713	script_713.mary	66	Proc030	1	medium	no	Proc030(168)
168	yes	713	script_713.mary	91	Proc030	1	medium	no	Proc030(168)
168	yes	713	script_713.mary	99	Proc030	1	medium	no	Proc030(168)
168	yes	713	script_713.mary	111	Proc030	1	medium	no	Proc030(168)
168	yes	786	script_786.mary	150	Proc008	2	medium	no	Proc008(24, 168, 1)
168	yes	800	script_800.mary	62	Proc008	2	medium	no	Proc008(27, 168, 1)
168	yes	804	script_804.mary	134	Proc00A	2	medium	no	Proc00A(28, 168, 1)
168	yes	877	script_877.mary	93	Proc008	2	medium	no	Proc008(2, 168, 1)
168	yes	878	script_878.mary	111	Proc008	2	medium	no	Proc008(2, 168, 1)
168	yes	894	script_894.mary	165	Proc00A	2	medium	no	Proc00A(26, 168, 1)
168	yes	898	script_898.mary	94	Proc008	2	medium	no	Proc008(26, 168, 1)
168	yes	918	script_918.mary	85	Proc008	2	medium	no	Proc008(23, 168, 1)
168	yes	926	script_926.mary	66	Proc030	1	medium	no	Proc030(168)
168	yes	926	script_926.mary	98	Proc030	1	medium	no	Proc030(168)
168	yes	926	script_926.mary	116	Proc030	1	medium	no	Proc030(168)
168	yes	926	script_926.mary	164	Proc030	1	medium	no	Proc030(168)
168	yes	928	script_928.mary	8	Proc030	1	medium	no	Proc030(168)
168	yes	936	script_936.mary	97	Proc008	2	medium	no	Proc008(7, 168, 1)
168	yes	943	script_943.mary	15	Proc030	1	medium	no	Proc030(168)
168	yes	956	script_956.mary	93	Proc008	2	medium	no	Proc008(20, 168, 1)
168	yes	1027	script_1027.mary	50	Proc030	1	medium	no	Proc030(168)
168	yes	1027	script_1027.mary	155	Proc030	1	medium	no	Proc030(168)
168	yes	1027	script_1027.mary	166	Proc030	1	medium	no	Proc030(168)
168	yes	1027	script_1027.mary	176	Proc030	1	medium	no	Proc030(168)
168	yes	1027	script_1027.mary	191	Proc030	1	medium	no	Proc030(168)
168	yes	1027	script_1027.mary	201	Proc030	1	medium	no	Proc030(168)
168	yes	1027	script_1027.mary	211	Proc030	1	medium	no	Proc030(168)
168	yes	1027	script_1027.mary	319	Proc030	1	medium	no	Proc030(168)
168	yes	1027	script_1027.mary	336	Proc030	1	medium	no	Proc030(168)
168	yes	1027	script_1027.mary	351	Proc030	1	medium	no	Proc030(168)
168	yes	1027	script_1027.mary	364	Proc030	1	medium	no	Proc030(168)
168	yes	1027	script_1027.mary	369	Proc030	1	medium	no	Proc030(168)
168	yes	1027	script_1027.mary	375	Proc030	1	medium	no	Proc030(168)
168	yes	1027	script_1027.mary	380	Proc030	1	medium	no	Proc030(168)
168	yes	1027	script_1027.mary	388	Proc030	1	medium	no	Proc030(168)
168	yes	1027	script_1027.mary	393	Proc030	1	medium	no	Proc030(168)
168	yes	1027	script_1027.mary	403	Proc030	1	medium	no	Proc030(168)
168	yes	1027	script_1027.mary	413	Proc030	1	medium	no	Proc030(168)
168	yes	1027	script_1027.mary	418	Proc030	1	medium	no	Proc030(168)
168	yes	1027	script_1027.mary	424	Proc030	1	medium	no	Proc030(168)
168	yes	1027	script_1027.mary	429	Proc030	1	medium	no	Proc030(168)
168	yes	1027	script_1027.mary	439	Proc030	1	medium	no	Proc030(168)
168	yes	1027	script_1027.mary	444	Proc030	1	medium	no	Proc030(168)
168	yes	1027	script_1027.mary	450	Proc030	1	medium	no	Proc030(168)
168	yes	1027	script_1027.mary	470	Proc030	1	medium	no	Proc030(168)
168	yes	1027	script_1027.mary	476	Proc030	1	medium	no	Proc030(168)
168	yes	1027	script_1027.mary	481	Proc030	1	medium	no	Proc030(168)
168	yes	1031	script_1031.mary	796	Proc030	1	medium	no	Proc030(168)
168	yes	1048	script_1048.mary	1501	Proc030	1	medium	no	Proc030(168)
168	yes	1060	script_1060.mary	57	Proc008	2	medium	no	Proc008(94, 168, 1)
168	yes	1062	script_1062.mary	57	Proc008	2	medium	no	Proc008(94, 168, 1)
168	yes	1095	script_1095.mary	15	Proc030	1	medium	no	Proc030(168)
168	yes	1095	script_1095.mary	22	Proc030	1	medium	no	Proc030(168)
168	yes	1152	script_1152.mary	15	Proc030	1	medium	no	Proc030(168)
168	yes	1159	script_1159.mary	16	Proc030	1	medium	no	Proc030(168)
168	yes	1159	script_1159.mary	30	Proc030	1	medium	no	Proc030(168)
168	yes	1261	script_1261.mary	15	Proc030	1	medium	no	Proc030(168)
168	yes	1261	script_1261.mary	22	Proc030	1	medium	no	Proc030(168)
168	yes	1301	script_1301.mary	30	Proc00A	2	medium	no	Proc00A(0, 168, 1)
168	yes	1326	script_1326.mary	12	Proc030	1	medium	no	Proc030(168)
169	yes	487	script_487.mary	319	Proc030	1	medium	no	Proc030(169)
169	yes	487	script_487.mary	345	Proc030	1	medium	no	Proc030(169)
169	yes	487	script_487.mary	365	Proc030	1	medium	no	Proc030(169)
169	yes	487	script_487.mary	385	Proc030	1	medium	no	Proc030(169)
169	yes	694	script_694.mary	76	Proc008	2	medium	no	Proc008(23, 169, 2)
169	yes	712	script_712.mary	51	Proc030	1	medium	no	Proc030(169)
169	yes	712	script_712.mary	74	Proc030	1	medium	no	Proc030(169)
169	yes	713	script_713.mary	54	Proc030	1	medium	no	Proc030(169)
169	yes	713	script_713.mary	80	Proc030	1	medium	no	Proc030(169)
169	yes	806	script_806.mary	41	Proc008	2	medium	no	Proc008(0, 169, 1)
169	yes	806	script_806.mary	81	Proc017	1	medium	no	Proc017(169, 111, 1)
169	yes	926	script_926.mary	78	Proc030	1	medium	no	Proc030(169)
169	yes	943	script_943.mary	26	Proc030	1	medium	no	Proc030(169)
169	yes	1027	script_1027.mary	157	Proc030	1	medium	no	Proc030(169)
169	yes	1027	script_1027.mary	171	Proc030	1	medium	no	Proc030(169)
169	yes	1027	script_1027.mary	398	Proc030	1	medium	no	Proc030(169)
169	yes	1048	script_1048.mary	1472	Proc030	1	medium	no	Proc030(169)
169	yes	1048	script_1048.mary	1478	Proc030	1	medium	no	Proc030(169)
169	yes	1048	script_1048.mary	1507	Proc030	1	medium	no	Proc030(169)
169	yes	1076	script_1076.mary	12	Proc030	1	medium	no	Proc030(169)
169	yes	1152	script_1152.mary	22	Proc030	1	medium	no	Proc030(169)
169	yes	1159	script_1159.mary	23	Proc030	1	medium	no	Proc030(169)
170	yes	819	script_819.mary	127	Proc030	1	medium	no	Proc030(170)
170	yes	915	script_915.mary	45	Proc008	2	medium	no	Proc008(25, 170, 1)
170	yes	915	script_915.mary	92	Proc008	2	medium	no	Proc008(8, 170, 1)
170	yes	1027	script_1027.mary	186	Proc030	1	medium	no	Proc030(170)
170	yes	1129	script_1129.mary	66	Proc00A	2	medium	no	Proc00A(0, 170, 1)
170	yes	1129	script_1129.mary	96	Proc00A	2	medium	no	Proc00A(0, 170, 1)
170	yes	1129	script_1129.mary	117	Proc00A	2	medium	no	Proc00A(24, 170, 1)
170	yes	1129	script_1129.mary	134	Proc00A	2	medium	no	Proc00A(25, 170, 1)
170	yes	1129	script_1129.mary	151	Proc00A	2	medium	no	Proc00A(1, 170, 1)
170	yes	1129	script_1129.mary	168	Proc00A	2	medium	no	Proc00A(9, 170, 1)
170	yes	1319	script_1319.mary	42	Proc017	2	medium	no	Proc017(236, 170, 1)
171	yes	737	script_737.mary	135	Proc00A	2	medium	no	Proc00A(28, 171, 1)
171	yes	737	script_737.mary	150	Proc00A	2	medium	no	Proc00A(0, 171, 1)
171	yes	737	script_737.mary	197	Proc017	2	medium	no	Proc017(228, 171, 1)
171	yes	867	script_867.mary	33	Proc00A	2	medium	no	Proc00A(13, 171, 2)
171	yes	926	script_926.mary	44	Proc00A	2	medium	no	Proc00A(12, 171, 1)
171	yes	926	script_926.mary	186	Proc00A	2	medium	no	Proc00A(12, 171, 1)
171	yes	1027	script_1027.mary	181	Proc030	1	medium	no	Proc030(171)
171	yes	1027	script_1027.mary	196	Proc030	1	medium	no	Proc030(171)
171	yes	1027	script_1027.mary	206	Proc030	1	medium	no	Proc030(171)
171	yes	1027	script_1027.mary	356	Proc030	1	medium	no	Proc030(171)
171	yes	1027	script_1027.mary	455	Proc030	1	medium	no	Proc030(171)
171	yes	1027	script_1027.mary	465	Proc030	1	medium	no	Proc030(171)
172	yes	488	script_488.mary	30	Proc030	1	medium	no	Proc030(172)
172	yes	799	script_799.mary	65	Proc030	1	medium	no	Proc030(172)
172	yes	799	script_799.mary	75	Proc030	1	medium	no	Proc030(172)
172	yes	800	script_800.mary	39	Proc030	1	medium	no	Proc030(172)
172	yes	801	script_801.mary	57	Proc030	1	medium	no	Proc030(172)
172	yes	801	script_801.mary	67	Proc030	1	medium	no	Proc030(172)
172	yes	801	script_801.mary	79	Proc030	1	medium	no	Proc030(172)
172	yes	803	script_803.mary	12	Proc030	1	medium	no	Proc030(172)
172	yes	1028	script_1028.mary	53	Proc030	1	medium	no	Proc030(172)
172	yes	1028	script_1028.mary	173	Proc030	1	medium	no	Proc030(172)
172	yes	1028	script_1028.mary	178	Proc030	1	medium	no	Proc030(172)
172	yes	1028	script_1028.mary	208	Proc030	1	medium	no	Proc030(172)
172	yes	1028	script_1028.mary	318	Proc030	1	medium	no	Proc030(172)
172	yes	1028	script_1028.mary	320	Proc030	1	medium	no	Proc030(172)
172	yes	1028	script_1028.mary	344	Proc030	1	medium	no	Proc030(172)
172	yes	1028	script_1028.mary	350	Proc030	1	medium	no	Proc030(172)
172	yes	1028	script_1028.mary	364	Proc030	1	medium	no	Proc030(172)
172	yes	1028	script_1028.mary	369	Proc030	1	medium	no	Proc030(172)
172	yes	1028	script_1028.mary	377	Proc030	1	medium	no	Proc030(172)
172	yes	1028	script_1028.mary	390	Proc030	1	medium	no	Proc030(172)
172	yes	1028	script_1028.mary	395	Proc030	1	medium	no	Proc030(172)
172	yes	1028	script_1028.mary	404	Proc030	1	medium	no	Proc030(172)
172	yes	1028	script_1028.mary	409	Proc030	1	medium	no	Proc030(172)
172	yes	1028	script_1028.mary	414	Proc030	1	medium	no	Proc030(172)
172	yes	1028	script_1028.mary	422	Proc030	1	medium	no	Proc030(172)
172	yes	1028	script_1028.mary	427	Proc030	1	medium	no	Proc030(172)
172	yes	1028	script_1028.mary	437	Proc030	1	medium	no	Proc030(172)
172	yes	1028	script_1028.mary	450	Proc030	1	medium	no	Proc030(172)
172	yes	1028	script_1028.mary	466	Proc030	1	medium	no	Proc030(172)
172	yes	1028	script_1028.mary	473	Proc030	1	medium	no	Proc030(172)
172	yes	1028	script_1028.mary	484	Proc030	1	medium	no	Proc030(172)
172	yes	1028	script_1028.mary	492	Proc030	1	medium	no	Proc030(172)
172	yes	1031	script_1031.mary	1383	Proc030	1	medium	no	Proc030(172)
172	yes	1048	script_1048.mary	1533	Proc030	1	medium	no	Proc030(172)
172	yes	1229	script_1229.mary	20	Proc030	1	medium	no	Proc030(172)
172	yes	1229	script_1229.mary	26	Proc030	1	medium	no	Proc030(172)
172	yes	1274	script_1274.mary	15	Proc030	1	medium	no	Proc030(172)
172	yes	1274	script_1274.mary	22	Proc030	1	medium	no	Proc030(172)
172	yes	1285	script_1285.mary	23	Proc030	1	medium	no	Proc030(172)
172	yes	1285	script_1285.mary	30	Proc030	1	medium	no	Proc030(172)
175	yes	799	script_799.mary	50	Proc030	1	medium	no	Proc030(175)
175	yes	799	script_799.mary	72	Proc030	1	medium	no	Proc030(175)
175	yes	803	script_803.mary	17	Proc030	1	medium	no	Proc030(175)
175	yes	1028	script_1028.mary	154	Proc030	1	medium	no	Proc030(175)
175	yes	1028	script_1028.mary	198	Proc030	1	medium	no	Proc030(175)
175	yes	1028	script_1028.mary	203	Proc030	1	medium	no	Proc030(175)
175	yes	1028	script_1028.mary	337	Proc030	1	medium	no	Proc030(175)
175	yes	1028	script_1028.mary	471	Proc030	1	medium	no	Proc030(175)
175	yes	1028	script_1028.mary	479	Proc030	1	medium	no	Proc030(175)
176	yes	39	script_39.mary	70	Proc008	2	medium	no	Proc008(0, 176, 1)
176	yes	39	script_39.mary	159	Proc017	1	medium	no	Proc017(176, 136, 1)
176	yes	39	script_39.mary	216	Proc017	1	medium	no	Proc017(176, 136, 1)
176	yes	39	script_39.mary	271	Proc017	1	medium	no	Proc017(176, 136, 1)
176	yes	66	script_66.mary	133	Proc00A	2	medium	no	Proc00A(21, 176, 1)
176	yes	423	script_423.mary	80	Proc008	2	medium	no	Proc008(0, 176, 1)
176	yes	709	script_709.mary	42	Proc017	1	medium	no	Proc017(176, 108, 1)
176	yes	709	script_709.mary	83	Proc008	2	medium	no	Proc008(3, 176, 1)
176	yes	711	script_711.mary	77	Proc030	1	medium	no	Proc030(176)
176	yes	711	script_711.mary	157	Proc030	1	medium	no	Proc030(176)
176	yes	1029	script_1029.mary	335	Proc030	1	medium	no	Proc030(176)
176	yes	1029	script_1029.mary	388	Proc030	1	medium	no	Proc030(176)
176	yes	1029	script_1029.mary	393	Proc030	1	medium	no	Proc030(176)
176	yes	1029	script_1029.mary	430	Proc030	1	medium	no	Proc030(176)
176	yes	1029	script_1029.mary	445	Proc030	1	medium	no	Proc030(176)
176	yes	1029	script_1029.mary	458	Proc030	1	medium	no	Proc030(176)
176	yes	1031	script_1031.mary	757	Proc030	1	medium	no	Proc030(176)
176	yes	1048	script_1048.mary	1562	Proc030	1	medium	no	Proc030(176)
176	yes	1096	script_1096.mary	22	Proc030	1	medium	no	Proc030(176)
176	yes	1214	script_1214.mary	12	Proc030	1	medium	no	Proc030(176)
176	yes	1290	script_1290.mary	45	Proc030	1	medium	no	Proc030(176)
177	yes	38	script_38.mary	91	Proc030	1	medium	no	Proc030(177)
177	yes	38	script_38.mary	101	Proc030	1	medium	no	Proc030(177)
177	yes	38	script_38.mary	200	Proc030	1	medium	no	Proc030(177)
177	yes	38	script_38.mary	239	Proc030	1	medium	no	Proc030(177)
177	yes	38	script_38.mary	261	Proc030	1	medium	no	Proc030(177)
177	yes	38	script_38.mary	286	Proc030	1	medium	no	Proc030(177)
177	yes	38	script_38.mary	431	Proc030	1	medium	no	Proc030(177)
177	yes	38	script_38.mary	441	Proc030	1	medium	no	Proc030(177)
177	yes	711	script_711.mary	74	Proc030	1	medium	no	Proc030(177)
177	yes	711	script_711.mary	79	Proc030	1	medium	no	Proc030(177)
177	yes	711	script_711.mary	124	Proc030	1	medium	no	Proc030(177)
177	yes	711	script_711.mary	134	Proc030	1	medium	no	Proc030(177)
177	yes	776	script_776.mary	140	Proc008	2	medium	no	Proc008(21, 177, 1)
177	yes	796	script_796.mary	29	Proc030	1	medium	no	Proc030(177)
177	yes	796	script_796.mary	44	Proc030	1	medium	no	Proc030(177)
177	yes	1029	script_1029.mary	57	Proc030	1	medium	no	Proc030(177)
177	yes	1029	script_1029.mary	153	Proc030	1	medium	no	Proc030(177)
177	yes	1029	script_1029.mary	164	Proc030	1	medium	no	Proc030(177)
177	yes	1029	script_1029.mary	169	Proc030	1	medium	no	Proc030(177)
177	yes	1029	script_1029.mary	174	Proc030	1	medium	no	Proc030(177)
177	yes	1029	script_1029.mary	189	Proc030	1	medium	no	Proc030(177)
177	yes	1029	script_1029.mary	199	Proc030	1	medium	no	Proc030(177)
177	yes	1029	script_1029.mary	204	Proc030	1	medium	no	Proc030(177)
177	yes	1029	script_1029.mary	209	Proc030	1	medium	no	Proc030(177)
177	yes	1029	script_1029.mary	328	Proc030	1	medium	no	Proc030(177)
177	yes	1029	script_1029.mary	351	Proc030	1	medium	no	Proc030(177)
177	yes	1029	script_1029.mary	399	Proc030	1	medium	no	Proc030(177)
177	yes	1029	script_1029.mary	404	Proc030	1	medium	no	Proc030(177)
177	yes	1029	script_1029.mary	425	Proc030	1	medium	no	Proc030(177)
177	yes	1029	script_1029.mary	440	Proc030	1	medium	no	Proc030(177)
177	yes	1029	script_1029.mary	451	Proc030	1	medium	no	Proc030(177)
177	yes	1048	script_1048.mary	1539	Proc030	1	medium	no	Proc030(177)
177	yes	1048	script_1048.mary	1571	Proc030	1	medium	no	Proc030(177)
177	yes	1048	script_1048.mary	1600	Proc030	1	medium	no	Proc030(177)
177	yes	1078	script_1078.mary	12	Proc030	1	medium	no	Proc030(177)
177	yes	1096	script_1096.mary	15	Proc030	1	medium	no	Proc030(177)
177	yes	1175	script_1175.mary	22	Proc030	1	medium	no	Proc030(177)
177	yes	1187	script_1187.mary	16	Proc030	1	medium	no	Proc030(177)
177	yes	1187	script_1187.mary	23	Proc030	1	medium	no	Proc030(177)
177	yes	1275	script_1275.mary	15	Proc030	1	medium	no	Proc030(177)
177	yes	1275	script_1275.mary	22	Proc030	1	medium	no	Proc030(177)
177	yes	1286	script_1286.mary	23	Proc030	1	medium	no	Proc030(177)
177	yes	1290	script_1290.mary	34	Proc030	1	medium	no	Proc030(177)
177	yes	1290	script_1290.mary	53	Proc030	1	medium	no	Proc030(177)
178	yes	38	script_38.mary	122	Proc030	1	medium	no	Proc030(178)
178	yes	38	script_38.mary	134	Proc030	1	medium	no	Proc030(178)
178	yes	38	script_38.mary	270	Proc030	1	medium	no	Proc030(178)
178	yes	38	script_38.mary	412	Proc030	1	medium	no	Proc030(178)
178	yes	819	script_819.mary	107	Proc030	1	medium	no	Proc030(178)
178	yes	1029	script_1029.mary	194	Proc030	1	medium	no	Proc030(178)
178	yes	1029	script_1029.mary	373	Proc030	1	medium	no	Proc030(178)
178	yes	1029	script_1029.mary	419	Proc030	1	medium	no	Proc030(178)
178	yes	1286	script_1286.mary	16	Proc030	1	medium	no	Proc030(178)
179	yes	34	script_34.mary	91	Proc00A	2	medium	no	Proc00A(0, 179, 1)
179	yes	34	script_34.mary	92	Proc00A	2	medium	no	Proc00A(19, 179, 1)
179	yes	38	script_38.mary	293	Proc030	1	medium	no	Proc030(179)
179	yes	38	script_38.mary	305	Proc030	1	medium	no	Proc030(179)
179	yes	44	script_44.mary	91	Proc00A	2	medium	no	Proc00A(0, 179, 1)
179	yes	44	script_44.mary	92	Proc00A	2	medium	no	Proc00A(3, 179, 1)
179	yes	55	script_55.mary	93	Proc00A	2	medium	no	Proc00A(0, 179, 1)
179	yes	55	script_55.mary	94	Proc00A	2	medium	no	Proc00A(25, 179, 1)
179	yes	64	script_64.mary	95	Proc00A	2	medium	no	Proc00A(0, 179, 1)
179	yes	64	script_64.mary	96	Proc00A	2	medium	no	Proc00A(12, 179, 1)
179	yes	78	script_78.mary	93	Proc00A	2	medium	no	Proc00A(0, 179, 1)
179	yes	78	script_78.mary	94	Proc00A	2	medium	no	Proc00A(21, 179, 1)
179	yes	711	script_711.mary	86	Proc030	1	medium	no	Proc030(179)
179	yes	711	script_711.mary	140	Proc030	1	medium	no	Proc030(179)
179	yes	848	script_848.mary	102	Proc00A	2	medium	no	Proc00A(0, 179, 1)
179	yes	848	script_848.mary	103	Proc00A	2	medium	no	Proc00A(31, 179, 1)
179	yes	877	script_877.mary	102	Proc00A	2	medium	no	Proc00A(2, 179, 1)
179	yes	877	script_877.mary	103	Proc00A	2	medium	no	Proc00A(19, 179, 1)
179	yes	878	script_878.mary	120	Proc00A	2	medium	no	Proc00A(2, 179, 1)
179	yes	878	script_878.mary	121	Proc00A	2	medium	no	Proc00A(19, 179, 1)
179	yes	898	script_898.mary	103	Proc00A	2	medium	no	Proc00A(26, 179, 1)
179	yes	898	script_898.mary	104	Proc00A	2	medium	no	Proc00A(3, 179, 1)
179	yes	918	script_918.mary	94	Proc00A	2	medium	no	Proc00A(23, 179, 1)
179	yes	918	script_918.mary	95	Proc00A	2	medium	no	Proc00A(25, 179, 1)
179	yes	936	script_936.mary	106	Proc00A	2	medium	no	Proc00A(7, 179, 1)
179	yes	936	script_936.mary	107	Proc00A	2	medium	no	Proc00A(12, 179, 1)
179	yes	956	script_956.mary	102	Proc00A	2	medium	no	Proc00A(20, 179, 1)
179	yes	956	script_956.mary	103	Proc00A	2	medium	no	Proc00A(21, 179, 1)
179	yes	1029	script_1029.mary	155	Proc030	1	medium	no	Proc030(179)
179	yes	1029	script_1029.mary	179	Proc030	1	medium	no	Proc030(179)
179	yes	1029	script_1029.mary	184	Proc030	1	medium	no	Proc030(179)
179	yes	1029	script_1029.mary	356	Proc030	1	medium	no	Proc030(179)
179	yes	1029	script_1029.mary	362	Proc030	1	medium	no	Proc030(179)
179	yes	1029	script_1029.mary	367	Proc030	1	medium	no	Proc030(179)
179	yes	1029	script_1029.mary	378	Proc030	1	medium	no	Proc030(179)
179	yes	1029	script_1029.mary	414	Proc030	1	medium	no	Proc030(179)
179	yes	1029	script_1029.mary	453	Proc030	1	medium	no	Proc030(179)
179	yes	1175	script_1175.mary	15	Proc030	1	medium	no	Proc030(179)
179	yes	1187	script_1187.mary	30	Proc030	1	medium	no	Proc030(179)
179	yes	1286	script_1286.mary	30	Proc030	1	medium	no	Proc030(179)
179	yes	1290	script_1290.mary	76	Proc030	1	medium	no	Proc030(179)
201	yes	737	script_737.mary	132	Proc017	2	medium	no	Proc017(228, 201, 2)
222	yes	1063	script_1063.mary	59	SetEntityAnim	2	medium	no	SetEntityAnim(94, 222)
222	yes	1063	script_1063.mary	69	SetEntityAnim	2	medium	no	SetEntityAnim(94, 222)
222	yes	1063	script_1063.mary	79	SetEntityAnim	2	medium	no	SetEntityAnim(94, 222)
222	yes	1063	script_1063.mary	91	SetEntityAnim	2	medium	no	SetEntityAnim(94, 222)
222	yes	1063	script_1063.mary	374	SetEntityAnim	2	medium	no	SetEntityAnim(94, 222)
222	yes	1063	script_1063.mary	401	SetEntityAnim	2	medium	no	SetEntityAnim(94, 222)
222	yes	1063	script_1063.mary	411	SetEntityAnim	2	medium	no	SetEntityAnim(94, 222)
222	yes	1063	script_1063.mary	420	SetEntityAnim	2	medium	no	SetEntityAnim(94, 222)
228	yes	36	script_36.mary	207	Proc00A	2	medium	no	Proc00A(3, 228, 1)
228	yes	36	script_36.mary	218	Proc00A	2	medium	no	Proc00A(70, 228, 1)
228	yes	36	script_36.mary	287	Proc00A	2	medium	no	Proc00A(3, 228, 1)
228	yes	36	script_36.mary	298	Proc00A	2	medium	no	Proc00A(70, 228, 1)
228	yes	37	script_37.mary	53	Proc017	1	medium	no	Proc017(228, 120, 1)
228	yes	737	script_737.mary	121	Proc008	2	medium	no	Proc008(28, 228, 1)
228	yes	737	script_737.mary	132	Proc017	1	medium	no	Proc017(228, 201, 2)
228	yes	737	script_737.mary	197	Proc017	1	medium	no	Proc017(228, 171, 1)
228	yes	753	script_753.mary	75	Proc008	2	medium	no	Proc008(0, 228, 1)
228	yes	753	script_753.mary	177	Proc008	2	medium	no	Proc008(8, 228, 1)
228	yes	819	script_819.mary	495	Proc017	1	medium	no	Proc017(228, 120, 2)
238	yes	166	script_166.mary	16	SetEntityAnim	2	medium	no	SetEntityAnim(0, 238)
238	yes	172	script_172.mary	17	SetEntityAnim	2	medium	no	SetEntityAnim(0, 238)
238	yes	1243	script_1243.mary	228	Proc017	1	medium	no	Proc017(238, 244, 1)
250	yes	29	script_29.mary	331	SetEntityAnim	2	medium	no	SetEntityAnim(0, 250)
250	yes	33	script_33.mary	49	Proc00A	2	medium	no	Proc00A(19, 250, 1)
250	yes	43	script_43.mary	49	Proc00A	2	medium	no	Proc00A(3, 250, 1)
250	yes	54	script_54.mary	49	Proc00A	2	medium	no	Proc00A(25, 250, 1)
250	yes	63	script_63.mary	49	Proc00A	2	medium	no	Proc00A(12, 250, 1)
250	yes	77	script_77.mary	49	Proc00A	2	medium	no	Proc00A(21, 250, 1)
250	yes	769	script_769.mary	35	Proc00A	2	medium	no	Proc00A(0, 250, 1)
250	yes	1241	script_1241.mary	57	SetEntityAnim	2	medium	no	SetEntityAnim(0, 250)
268	yes	874	script_874.mary	76	Proc00A	2	medium	no	Proc00A(2, 268, 1)
272	yes	710	script_710.mary	40	Proc00A	2	medium	no	Proc00A(4, 272, 1)
272	yes	786	script_786.mary	49	Proc00A	2	medium	no	Proc00A(0, 272, 1)
272	yes	877	script_877.mary	114	Proc00A	2	medium	no	Proc00A(2, 272, 1)
272	yes	877	script_877.mary	115	Proc00A	2	medium	no	Proc00A(19, 272, 1)
272	yes	878	script_878.mary	133	Proc00A	2	medium	no	Proc00A(2, 272, 1)
272	yes	878	script_878.mary	134	Proc00A	2	medium	no	Proc00A(19, 272, 1)
272	yes	898	script_898.mary	115	Proc00A	2	medium	no	Proc00A(26, 272, 1)
272	yes	898	script_898.mary	116	Proc00A	2	medium	no	Proc00A(3, 272, 1)
272	yes	918	script_918.mary	106	Proc00A	2	medium	no	Proc00A(23, 272, 1)
272	yes	918	script_918.mary	107	Proc00A	2	medium	no	Proc00A(25, 272, 1)
272	yes	936	script_936.mary	118	Proc00A	2	medium	no	Proc00A(7, 272, 1)
272	yes	936	script_936.mary	119	Proc00A	2	medium	no	Proc00A(12, 272, 1)
272	yes	956	script_956.mary	113	Proc00A	2	medium	no	Proc00A(20, 272, 1)
272	yes	956	script_956.mary	114	Proc00A	2	medium	no	Proc00A(21, 272, 1)
272	yes	1302	script_1302.mary	27	Proc00A	2	medium	no	Proc00A(0, 272, 1)
272	yes	1304	script_1304.mary	32	Proc00A	2	medium	no	Proc00A(0, 272, 1)
284	yes	781	script_781.mary	40	Proc017	2	medium	no	Proc017(220, 284, 1)
284	yes	932	script_932.mary	32	Proc00A	2	medium	no	Proc00A(12, 284, 1)
284	yes	932	script_932.mary	33	Proc00A	2	medium	no	Proc00A(7, 284, 1)
292	yes	143	script_143.mary	71	Proc00A	2	medium	no	Proc00A(0, 292, 1)
300	yes	52	script_52.mary	116	Proc008	2	medium	no	Proc008(25, 300, 1)
300	yes	571	script_571.mary	2425	PushInt	1	medium	no	PushInt(300)
300	yes	571	script_571.mary	2785	PushInt	1	medium	no	PushInt(300)
300	yes	848	script_848.mary	132	Proc00A	2	medium	no	Proc00A(0, 300, 1)
300	yes	848	script_848.mary	133	Proc00A	2	medium	no	Proc00A(31, 300, 1)
305	yes	5	script_5.mary	102	Proc008	2	medium	no	Proc008(44, 305, 1)
305	yes	1079	script_1079.mary	76	Proc008	2	medium	no	Proc008(44, 305, 1)
305	yes	1130	script_1130.mary	89	Proc008	2	medium	no	Proc008(70, 305, 1)
305	yes	1146	script_1146.mary	150	Proc008	2	medium	no	Proc008(70, 305, 1)
305	yes	1164	script_1164.mary	147	Proc008	2	medium	no	Proc008(54 + var_1, 305, 1)
305	yes	1245	script_1245.mary	77	Proc008	2	medium	no	Proc008(44, 305, 1)
305	yes	1265	script_1265.mary	150	Proc008	2	medium	no	Proc008(54 + var_1, 305, 1)
306	yes	795	script_795.mary	237	SetEntityAnim	2	medium	no	SetEntityAnim(0, 306)
306	yes	1060	script_1060.mary	269	SetEntityAnim	2	medium	no	SetEntityAnim(94, 306)
306	yes	1062	script_1062.mary	279	SetEntityAnim	2	medium	no	SetEntityAnim(94, 306)
307	yes	753	script_753.mary	260	Proc00A	2	medium	no	Proc00A(8, 307, 1)
307	yes	783	script_783.mary	90	Proc00A	2	medium	no	Proc00A(24, 307, 1)
338	yes	5	script_5.mary	25	SetEntityAnim	2	medium	no	SetEntityAnim(0, 338)
338	yes	6	script_6.mary	19	SetEntityAnim	2	medium	no	SetEntityAnim(0, 338)
338	yes	6	script_6.mary	39	SetEntityAnim	2	medium	no	SetEntityAnim(0, 338)
338	yes	6	script_6.mary	51	SetEntityAnim	2	medium	no	SetEntityAnim(0, 338)
338	yes	6	script_6.mary	78	SetEntityAnim	2	medium	no	SetEntityAnim(0, 338)
338	yes	6	script_6.mary	96	SetEntityAnim	2	medium	no	SetEntityAnim(0, 338)
338	yes	6	script_6.mary	127	SetEntityAnim	2	medium	no	SetEntityAnim(0, 338)
338	yes	7	script_7.mary	17	SetEntityAnim	2	medium	no	SetEntityAnim(0, 338)
338	yes	24	script_24.mary	301	SetEntityAnim	2	medium	no	SetEntityAnim(0, 338)
338	yes	29	script_29.mary	323	SetEntityAnim	2	medium	no	SetEntityAnim(0, 338)
338	yes	36	script_36.mary	58	SetEntityAnim	2	medium	no	SetEntityAnim(0, 338)
338	yes	38	script_38.mary	354	SetEntityAnim	2	medium	no	SetEntityAnim(0, 338)
338	yes	51	script_51.mary	312	SetEntityAnim	2	medium	no	SetEntityAnim(0, 338)
338	yes	59	script_59.mary	162	SetEntityAnim	2	medium	no	SetEntityAnim(0, 338)
338	yes	61	script_61.mary	136	SetEntityAnim	2	medium	no	SetEntityAnim(0, 338)
338	yes	72	script_72.mary	298	SetEntityAnim	2	medium	no	SetEntityAnim(0, 338)
338	yes	136	script_136.mary	44	SetEntityAnim	2	medium	no	SetEntityAnim(0, 338)
338	yes	139	script_139.mary	92	SetEntityAnim	2	medium	no	SetEntityAnim(0, 338)
338	yes	139	script_139.mary	446	SetEntityAnim	2	medium	no	SetEntityAnim(0, 338)
338	yes	341	script_341.mary	164	SetEntityAnim	2	medium	no	SetEntityAnim(0, 338)
338	yes	390	script_390.mary	32	SetEntityAnim	2	medium	no	SetEntityAnim(0, 338)
338	yes	573	script_573.mary	15	SetEntityAnim	2	medium	no	SetEntityAnim(0, 338)
338	yes	573	script_573.mary	37	SetEntityAnim	2	medium	no	SetEntityAnim(0, 338)
338	yes	574	script_574.mary	15	SetEntityAnim	2	medium	no	SetEntityAnim(0, 338)
338	yes	574	script_574.mary	37	SetEntityAnim	2	medium	no	SetEntityAnim(0, 338)
338	yes	575	script_575.mary	15	SetEntityAnim	2	medium	no	SetEntityAnim(0, 338)
338	yes	575	script_575.mary	37	SetEntityAnim	2	medium	no	SetEntityAnim(0, 338)
338	yes	576	script_576.mary	15	SetEntityAnim	2	medium	no	SetEntityAnim(0, 338)
338	yes	576	script_576.mary	37	SetEntityAnim	2	medium	no	SetEntityAnim(0, 338)
338	yes	577	script_577.mary	15	SetEntityAnim	2	medium	no	SetEntityAnim(0, 338)
338	yes	577	script_577.mary	37	SetEntityAnim	2	medium	no	SetEntityAnim(0, 338)
338	yes	578	script_578.mary	15	SetEntityAnim	2	medium	no	SetEntityAnim(0, 338)
338	yes	578	script_578.mary	37	SetEntityAnim	2	medium	no	SetEntityAnim(0, 338)
338	yes	579	script_579.mary	15	SetEntityAnim	2	medium	no	SetEntityAnim(0, 338)
338	yes	579	script_579.mary	37	SetEntityAnim	2	medium	no	SetEntityAnim(0, 338)
338	yes	580	script_580.mary	15	SetEntityAnim	2	medium	no	SetEntityAnim(0, 338)
338	yes	580	script_580.mary	37	SetEntityAnim	2	medium	no	SetEntityAnim(0, 338)
338	yes	581	script_581.mary	15	SetEntityAnim	2	medium	no	SetEntityAnim(0, 338)
338	yes	581	script_581.mary	37	SetEntityAnim	2	medium	no	SetEntityAnim(0, 338)
338	yes	582	script_582.mary	15	SetEntityAnim	2	medium	no	SetEntityAnim(0, 338)
338	yes	582	script_582.mary	37	SetEntityAnim	2	medium	no	SetEntityAnim(0, 338)
338	yes	583	script_583.mary	15	SetEntityAnim	2	medium	no	SetEntityAnim(0, 338)
338	yes	583	script_583.mary	37	SetEntityAnim	2	medium	no	SetEntityAnim(0, 338)
338	yes	584	script_584.mary	15	SetEntityAnim	2	medium	no	SetEntityAnim(0, 338)
338	yes	584	script_584.mary	37	SetEntityAnim	2	medium	no	SetEntityAnim(0, 338)
338	yes	585	script_585.mary	15	SetEntityAnim	2	medium	no	SetEntityAnim(0, 338)
338	yes	585	script_585.mary	37	SetEntityAnim	2	medium	no	SetEntityAnim(0, 338)
338	yes	586	script_586.mary	15	SetEntityAnim	2	medium	no	SetEntityAnim(0, 338)
338	yes	586	script_586.mary	38	SetEntityAnim	2	medium	no	SetEntityAnim(0, 338)
338	yes	587	script_587.mary	15	SetEntityAnim	2	medium	no	SetEntityAnim(0, 338)
338	yes	587	script_587.mary	37	SetEntityAnim	2	medium	no	SetEntityAnim(0, 338)
338	yes	588	script_588.mary	15	SetEntityAnim	2	medium	no	SetEntityAnim(0, 338)
338	yes	588	script_588.mary	37	SetEntityAnim	2	medium	no	SetEntityAnim(0, 338)
338	yes	589	script_589.mary	24	SetEntityAnim	2	medium	no	SetEntityAnim(0, 338)
338	yes	589	script_589.mary	99	SetEntityAnim	2	medium	no	SetEntityAnim(0, 338)
338	yes	590	script_590.mary	22	SetEntityAnim	2	medium	no	SetEntityAnim(0, 338)
338	yes	592	script_592.mary	16	SetEntityAnim	2	medium	no	SetEntityAnim(0, 338)
338	yes	593	script_593.mary	24	SetEntityAnim	2	medium	no	SetEntityAnim(0, 338)
338	yes	593	script_593.mary	99	SetEntityAnim	2	medium	no	SetEntityAnim(0, 338)
338	yes	595	script_595.mary	22	SetEntityAnim	2	medium	no	SetEntityAnim(0, 338)
338	yes	596	script_596.mary	16	SetEntityAnim	2	medium	no	SetEntityAnim(0, 338)
338	yes	597	script_597.mary	24	SetEntityAnim	2	medium	no	SetEntityAnim(0, 338)
338	yes	597	script_597.mary	99	SetEntityAnim	2	medium	no	SetEntityAnim(0, 338)
338	yes	599	script_599.mary	22	SetEntityAnim	2	medium	no	SetEntityAnim(0, 338)
338	yes	600	script_600.mary	16	SetEntityAnim	2	medium	no	SetEntityAnim(0, 338)
338	yes	601	script_601.mary	24	SetEntityAnim	2	medium	no	SetEntityAnim(0, 338)
338	yes	601	script_601.mary	99	SetEntityAnim	2	medium	no	SetEntityAnim(0, 338)
338	yes	603	script_603.mary	22	SetEntityAnim	2	medium	no	SetEntityAnim(0, 338)
338	yes	604	script_604.mary	16	SetEntityAnim	2	medium	no	SetEntityAnim(0, 338)
338	yes	605	script_605.mary	24	SetEntityAnim	2	medium	no	SetEntityAnim(0, 338)
338	yes	605	script_605.mary	99	SetEntityAnim	2	medium	no	SetEntityAnim(0, 338)
338	yes	607	script_607.mary	22	SetEntityAnim	2	medium	no	SetEntityAnim(0, 338)
338	yes	608	script_608.mary	16	SetEntityAnim	2	medium	no	SetEntityAnim(0, 338)
338	yes	609	script_609.mary	14	SetEntityAnim	2	medium	no	SetEntityAnim(0, 338)
338	yes	610	script_610.mary	94	SetEntityAnim	2	medium	no	SetEntityAnim(0, 338)
338	yes	610	script_610.mary	111	SetEntityAnim	2	medium	no	SetEntityAnim(0, 338)
338	yes	612	script_612.mary	14	SetEntityAnim	2	medium	no	SetEntityAnim(0, 338)
338	yes	614	script_614.mary	94	SetEntityAnim	2	medium	no	SetEntityAnim(0, 338)
338	yes	614	script_614.mary	111	SetEntityAnim	2	medium	no	SetEntityAnim(0, 338)
338	yes	615	script_615.mary	14	SetEntityAnim	2	medium	no	SetEntityAnim(0, 338)
338	yes	617	script_617.mary	94	SetEntityAnim	2	medium	no	SetEntityAnim(0, 338)
338	yes	617	script_617.mary	111	SetEntityAnim	2	medium	no	SetEntityAnim(0, 338)
338	yes	618	script_618.mary	14	SetEntityAnim	2	medium	no	SetEntityAnim(0, 338)
338	yes	620	script_620.mary	94	SetEntityAnim	2	medium	no	SetEntityAnim(0, 338)
338	yes	620	script_620.mary	111	SetEntityAnim	2	medium	no	SetEntityAnim(0, 338)
338	yes	621	script_621.mary	14	SetEntityAnim	2	medium	no	SetEntityAnim(0, 338)
338	yes	623	script_623.mary	94	SetEntityAnim	2	medium	no	SetEntityAnim(0, 338)
338	yes	623	script_623.mary	111	SetEntityAnim	2	medium	no	SetEntityAnim(0, 338)
338	yes	624	script_624.mary	14	SetEntityAnim	2	medium	no	SetEntityAnim(0, 338)
338	yes	625	script_625.mary	91	SetEntityAnim	2	medium	no	SetEntityAnim(0, 338)
338	yes	625	script_625.mary	160	SetEntityAnim	2	medium	no	SetEntityAnim(0, 338)
338	yes	627	script_627.mary	14	SetEntityAnim	2	medium	no	SetEntityAnim(0, 338)
338	yes	629	script_629.mary	91	SetEntityAnim	2	medium	no	SetEntityAnim(0, 338)
338	yes	629	script_629.mary	160	SetEntityAnim	2	medium	no	SetEntityAnim(0, 338)
338	yes	630	script_630.mary	14	SetEntityAnim	2	medium	no	SetEntityAnim(0, 338)
338	yes	632	script_632.mary	91	SetEntityAnim	2	medium	no	SetEntityAnim(0, 338)
338	yes	632	script_632.mary	160	SetEntityAnim	2	medium	no	SetEntityAnim(0, 338)
338	yes	633	script_633.mary	14	SetEntityAnim	2	medium	no	SetEntityAnim(0, 338)
338	yes	635	script_635.mary	91	SetEntityAnim	2	medium	no	SetEntityAnim(0, 338)
338	yes	635	script_635.mary	160	SetEntityAnim	2	medium	no	SetEntityAnim(0, 338)
338	yes	636	script_636.mary	14	SetEntityAnim	2	medium	no	SetEntityAnim(0, 338)
338	yes	638	script_638.mary	91	SetEntityAnim	2	medium	no	SetEntityAnim(0, 338)
338	yes	638	script_638.mary	160	SetEntityAnim	2	medium	no	SetEntityAnim(0, 338)
338	yes	639	script_639.mary	14	SetEntityAnim	2	medium	no	SetEntityAnim(0, 338)
338	yes	640	script_640.mary	70	SetEntityAnim	2	medium	no	SetEntityAnim(0, 338)
338	yes	640	script_640.mary	137	SetEntityAnim	2	medium	no	SetEntityAnim(0, 338)
338	yes	642	script_642.mary	14	SetEntityAnim	2	medium	no	SetEntityAnim(0, 338)
338	yes	644	script_644.mary	70	SetEntityAnim	2	medium	no	SetEntityAnim(0, 338)
338	yes	644	script_644.mary	137	SetEntityAnim	2	medium	no	SetEntityAnim(0, 338)
338	yes	645	script_645.mary	14	SetEntityAnim	2	medium	no	SetEntityAnim(0, 338)
338	yes	647	script_647.mary	70	SetEntityAnim	2	medium	no	SetEntityAnim(0, 338)
338	yes	647	script_647.mary	137	SetEntityAnim	2	medium	no	SetEntityAnim(0, 338)
338	yes	648	script_648.mary	14	SetEntityAnim	2	medium	no	SetEntityAnim(0, 338)
338	yes	650	script_650.mary	70	SetEntityAnim	2	medium	no	SetEntityAnim(0, 338)
338	yes	650	script_650.mary	137	SetEntityAnim	2	medium	no	SetEntityAnim(0, 338)
338	yes	651	script_651.mary	14	SetEntityAnim	2	medium	no	SetEntityAnim(0, 338)
338	yes	653	script_653.mary	70	SetEntityAnim	2	medium	no	SetEntityAnim(0, 338)
338	yes	653	script_653.mary	137	SetEntityAnim	2	medium	no	SetEntityAnim(0, 338)
338	yes	654	script_654.mary	23	SetEntityAnim	2	medium	no	SetEntityAnim(0, 338)
338	yes	654	script_654.mary	43	SetEntityAnim	2	medium	no	SetEntityAnim(0, 338)
338	yes	654	script_654.mary	63	SetEntityAnim	2	medium	no	SetEntityAnim(0, 338)
338	yes	654	script_654.mary	119	SetEntityAnim	2	medium	no	SetEntityAnim(0, 338)
338	yes	655	script_655.mary	23	SetEntityAnim	2	medium	no	SetEntityAnim(0, 338)
338	yes	655	script_655.mary	43	SetEntityAnim	2	medium	no	SetEntityAnim(0, 338)
338	yes	655	script_655.mary	63	SetEntityAnim	2	medium	no	SetEntityAnim(0, 338)
338	yes	655	script_655.mary	119	SetEntityAnim	2	medium	no	SetEntityAnim(0, 338)
338	yes	656	script_656.mary	23	SetEntityAnim	2	medium	no	SetEntityAnim(0, 338)
338	yes	656	script_656.mary	43	SetEntityAnim	2	medium	no	SetEntityAnim(0, 338)
338	yes	656	script_656.mary	63	SetEntityAnim	2	medium	no	SetEntityAnim(0, 338)
338	yes	656	script_656.mary	117	SetEntityAnim	2	medium	no	SetEntityAnim(0, 338)
338	yes	657	script_657.mary	23	SetEntityAnim	2	medium	no	SetEntityAnim(0, 338)
338	yes	657	script_657.mary	43	SetEntityAnim	2	medium	no	SetEntityAnim(0, 338)
338	yes	657	script_657.mary	63	SetEntityAnim	2	medium	no	SetEntityAnim(0, 338)
338	yes	657	script_657.mary	119	SetEntityAnim	2	medium	no	SetEntityAnim(0, 338)
338	yes	658	script_658.mary	23	SetEntityAnim	2	medium	no	SetEntityAnim(0, 338)
338	yes	658	script_658.mary	43	SetEntityAnim	2	medium	no	SetEntityAnim(0, 338)
338	yes	658	script_658.mary	63	SetEntityAnim	2	medium	no	SetEntityAnim(0, 338)
338	yes	658	script_658.mary	119	SetEntityAnim	2	medium	no	SetEntityAnim(0, 338)
338	yes	659	script_659.mary	26	SetEntityAnim	2	medium	no	SetEntityAnim(0, 338)
338	yes	659	script_659.mary	49	SetEntityAnim	2	medium	no	SetEntityAnim(0, 338)
338	yes	659	script_659.mary	69	SetEntityAnim	2	medium	no	SetEntityAnim(0, 338)
338	yes	659	script_659.mary	89	SetEntityAnim	2	medium	no	SetEntityAnim(0, 338)
338	yes	659	script_659.mary	120	SetEntityAnim	2	medium	no	SetEntityAnim(0, 338)
338	yes	659	script_659.mary	140	SetEntityAnim	2	medium	no	SetEntityAnim(0, 338)
338	yes	659	script_659.mary	164	SetEntityAnim	2	medium	no	SetEntityAnim(0, 338)
338	yes	659	script_659.mary	188	SetEntityAnim	2	medium	no	SetEntityAnim(0, 338)
338	yes	659	script_659.mary	207	SetEntityAnim	2	medium	no	SetEntityAnim(0, 338)
338	yes	659	script_659.mary	244	SetEntityAnim	2	medium	no	SetEntityAnim(0, 338)
338	yes	659	script_659.mary	263	SetEntityAnim	2	medium	no	SetEntityAnim(0, 338)
338	yes	660	script_660.mary	26	SetEntityAnim	2	medium	no	SetEntityAnim(0, 338)
338	yes	660	script_660.mary	49	SetEntityAnim	2	medium	no	SetEntityAnim(0, 338)
338	yes	660	script_660.mary	69	SetEntityAnim	2	medium	no	SetEntityAnim(0, 338)
338	yes	660	script_660.mary	89	SetEntityAnim	2	medium	no	SetEntityAnim(0, 338)
338	yes	660	script_660.mary	120	SetEntityAnim	2	medium	no	SetEntityAnim(0, 338)
338	yes	660	script_660.mary	140	SetEntityAnim	2	medium	no	SetEntityAnim(0, 338)
338	yes	660	script_660.mary	164	SetEntityAnim	2	medium	no	SetEntityAnim(0, 338)
338	yes	660	script_660.mary	188	SetEntityAnim	2	medium	no	SetEntityAnim(0, 338)
338	yes	660	script_660.mary	207	SetEntityAnim	2	medium	no	SetEntityAnim(0, 338)
338	yes	660	script_660.mary	244	SetEntityAnim	2	medium	no	SetEntityAnim(0, 338)
338	yes	660	script_660.mary	263	SetEntityAnim	2	medium	no	SetEntityAnim(0, 338)
338	yes	661	script_661.mary	25	SetEntityAnim	2	medium	no	SetEntityAnim(0, 338)
338	yes	661	script_661.mary	48	SetEntityAnim	2	medium	no	SetEntityAnim(0, 338)
338	yes	661	script_661.mary	68	SetEntityAnim	2	medium	no	SetEntityAnim(0, 338)
338	yes	661	script_661.mary	88	SetEntityAnim	2	medium	no	SetEntityAnim(0, 338)
338	yes	661	script_661.mary	119	SetEntityAnim	2	medium	no	SetEntityAnim(0, 338)
338	yes	661	script_661.mary	139	SetEntityAnim	2	medium	no	SetEntityAnim(0, 338)
338	yes	661	script_661.mary	163	SetEntityAnim	2	medium	no	SetEntityAnim(0, 338)
338	yes	661	script_661.mary	187	SetEntityAnim	2	medium	no	SetEntityAnim(0, 338)
338	yes	661	script_661.mary	206	SetEntityAnim	2	medium	no	SetEntityAnim(0, 338)
338	yes	661	script_661.mary	236	SetEntityAnim	2	medium	no	SetEntityAnim(0, 338)
338	yes	661	script_661.mary	255	SetEntityAnim	2	medium	no	SetEntityAnim(0, 338)
338	yes	662	script_662.mary	26	SetEntityAnim	2	medium	no	SetEntityAnim(0, 338)
338	yes	662	script_662.mary	49	SetEntityAnim	2	medium	no	SetEntityAnim(0, 338)
338	yes	662	script_662.mary	69	SetEntityAnim	2	medium	no	SetEntityAnim(0, 338)
338	yes	662	script_662.mary	89	SetEntityAnim	2	medium	no	SetEntityAnim(0, 338)
338	yes	662	script_662.mary	120	SetEntityAnim	2	medium	no	SetEntityAnim(0, 338)
338	yes	662	script_662.mary	140	SetEntityAnim	2	medium	no	SetEntityAnim(0, 338)
338	yes	662	script_662.mary	164	SetEntityAnim	2	medium	no	SetEntityAnim(0, 338)
338	yes	662	script_662.mary	188	SetEntityAnim	2	medium	no	SetEntityAnim(0, 338)
338	yes	662	script_662.mary	207	SetEntityAnim	2	medium	no	SetEntityAnim(0, 338)
338	yes	662	script_662.mary	244	SetEntityAnim	2	medium	no	SetEntityAnim(0, 338)
338	yes	662	script_662.mary	263	SetEntityAnim	2	medium	no	SetEntityAnim(0, 338)
338	yes	663	script_663.mary	26	SetEntityAnim	2	medium	no	SetEntityAnim(0, 338)
338	yes	663	script_663.mary	49	SetEntityAnim	2	medium	no	SetEntityAnim(0, 338)
338	yes	663	script_663.mary	69	SetEntityAnim	2	medium	no	SetEntityAnim(0, 338)
338	yes	663	script_663.mary	89	SetEntityAnim	2	medium	no	SetEntityAnim(0, 338)
338	yes	663	script_663.mary	120	SetEntityAnim	2	medium	no	SetEntityAnim(0, 338)
338	yes	663	script_663.mary	140	SetEntityAnim	2	medium	no	SetEntityAnim(0, 338)
338	yes	663	script_663.mary	164	SetEntityAnim	2	medium	no	SetEntityAnim(0, 338)
338	yes	663	script_663.mary	188	SetEntityAnim	2	medium	no	SetEntityAnim(0, 338)
338	yes	663	script_663.mary	207	SetEntityAnim	2	medium	no	SetEntityAnim(0, 338)
338	yes	663	script_663.mary	244	SetEntityAnim	2	medium	no	SetEntityAnim(0, 338)
338	yes	663	script_663.mary	263	SetEntityAnim	2	medium	no	SetEntityAnim(0, 338)
338	yes	664	script_664.mary	20	SetEntityAnim	2	medium	no	SetEntityAnim(0, 338)
338	yes	664	script_664.mary	69	SetEntityAnim	2	medium	no	SetEntityAnim(0, 338)
338	yes	667	script_667.mary	20	SetEntityAnim	2	medium	no	SetEntityAnim(0, 338)
338	yes	667	script_667.mary	69	SetEntityAnim	2	medium	no	SetEntityAnim(0, 338)
338	yes	670	script_670.mary	20	SetEntityAnim	2	medium	no	SetEntityAnim(0, 338)
338	yes	670	script_670.mary	69	SetEntityAnim	2	medium	no	SetEntityAnim(0, 338)
338	yes	673	script_673.mary	20	SetEntityAnim	2	medium	no	SetEntityAnim(0, 338)
338	yes	673	script_673.mary	69	SetEntityAnim	2	medium	no	SetEntityAnim(0, 338)
338	yes	676	script_676.mary	20	SetEntityAnim	2	medium	no	SetEntityAnim(0, 338)
338	yes	676	script_676.mary	69	SetEntityAnim	2	medium	no	SetEntityAnim(0, 338)
338	yes	679	script_679.mary	16	SetEntityAnim	2	medium	no	SetEntityAnim(0, 338)
338	yes	679	script_679.mary	38	SetEntityAnim	2	medium	no	SetEntityAnim(0, 338)
338	yes	680	script_680.mary	16	SetEntityAnim	2	medium	no	SetEntityAnim(0, 338)
338	yes	680	script_680.mary	38	SetEntityAnim	2	medium	no	SetEntityAnim(0, 338)
338	yes	681	script_681.mary	16	SetEntityAnim	2	medium	no	SetEntityAnim(0, 338)
338	yes	681	script_681.mary	38	SetEntityAnim	2	medium	no	SetEntityAnim(0, 338)
338	yes	682	script_682.mary	16	SetEntityAnim	2	medium	no	SetEntityAnim(0, 338)
338	yes	682	script_682.mary	38	SetEntityAnim	2	medium	no	SetEntityAnim(0, 338)
338	yes	683	script_683.mary	16	SetEntityAnim	2	medium	no	SetEntityAnim(0, 338)
338	yes	683	script_683.mary	38	SetEntityAnim	2	medium	no	SetEntityAnim(0, 338)
338	yes	684	script_684.mary	27	SetEntityAnim	2	medium	no	SetEntityAnim(0, 338)
338	yes	684	script_684.mary	104	SetEntityAnim	2	medium	no	SetEntityAnim(0, 338)
338	yes	685	script_685.mary	27	SetEntityAnim	2	medium	no	SetEntityAnim(0, 338)
338	yes	685	script_685.mary	104	SetEntityAnim	2	medium	no	SetEntityAnim(0, 338)
338	yes	686	script_686.mary	27	SetEntityAnim	2	medium	no	SetEntityAnim(0, 338)
338	yes	686	script_686.mary	104	SetEntityAnim	2	medium	no	SetEntityAnim(0, 338)
338	yes	687	script_687.mary	27	SetEntityAnim	2	medium	no	SetEntityAnim(0, 338)
338	yes	687	script_687.mary	104	SetEntityAnim	2	medium	no	SetEntityAnim(0, 338)
338	yes	688	script_688.mary	27	SetEntityAnim	2	medium	no	SetEntityAnim(0, 338)
338	yes	688	script_688.mary	104	SetEntityAnim	2	medium	no	SetEntityAnim(0, 338)
338	yes	689	script_689.mary	24	SetEntityAnim	2	medium	no	SetEntityAnim(0, 338)
338	yes	690	script_690.mary	24	SetEntityAnim	2	medium	no	SetEntityAnim(0, 338)
338	yes	691	script_691.mary	24	SetEntityAnim	2	medium	no	SetEntityAnim(0, 338)
338	yes	692	script_692.mary	16	SetEntityAnim	2	medium	no	SetEntityAnim(0, 338)
338	yes	693	script_693.mary	16	SetEntityAnim	2	medium	no	SetEntityAnim(0, 338)
338	yes	695	script_695.mary	27	SetEntityAnim	2	medium	no	SetEntityAnim(0, 338)
338	yes	695	script_695.mary	45	SetEntityAnim	2	medium	no	SetEntityAnim(0, 338)
338	yes	699	script_699.mary	41	SetEntityAnim	2	medium	no	SetEntityAnim(0, 338)
338	yes	699	script_699.mary	70	SetEntityAnim	2	medium	no	SetEntityAnim(0, 338)
338	yes	699	script_699.mary	97	SetEntityAnim	2	medium	no	SetEntityAnim(0, 338)
338	yes	703	script_703.mary	22	SetEntityAnim	2	medium	no	SetEntityAnim(0, 338)
338	yes	704	script_704.mary	37	SetEntityAnim	2	medium	no	SetEntityAnim(0, 338)
338	yes	707	script_707.mary	28	SetEntityAnim	2	medium	no	SetEntityAnim(0, 338)
338	yes	709	script_709.mary	35	SetEntityAnim	2	medium	no	SetEntityAnim(0, 338)
338	yes	709	script_709.mary	61	SetEntityAnim	2	medium	no	SetEntityAnim(0, 338)
338	yes	709	script_709.mary	76	SetEntityAnim	2	medium	no	SetEntityAnim(0, 338)
338	yes	709	script_709.mary	114	SetEntityAnim	2	medium	no	SetEntityAnim(0, 338)
338	yes	709	script_709.mary	212	SetEntityAnim	2	medium	no	SetEntityAnim(0, 338)
338	yes	710	script_710.mary	36	SetEntityAnim	2	medium	no	SetEntityAnim(0, 338)
338	yes	711	script_711.mary	28	SetEntityAnim	2	medium	no	SetEntityAnim(0, 338)
338	yes	712	script_712.mary	27	SetEntityAnim	2	medium	no	SetEntityAnim(0, 338)
338	yes	713	script_713.mary	34	SetEntityAnim	2	medium	no	SetEntityAnim(0, 338)
338	yes	714	script_714.mary	32	SetEntityAnim	2	medium	no	SetEntityAnim(0, 338)
338	yes	714	script_714.mary	92	SetEntityAnim	2	medium	no	SetEntityAnim(0, 338)
338	yes	716	script_716.mary	18	SetEntityAnim	2	medium	no	SetEntityAnim(0, 338)
338	yes	717	script_717.mary	34	SetEntityAnim	2	medium	no	SetEntityAnim(0, 338)
338	yes	717	script_717.mary	87	SetEntityAnim	2	medium	no	SetEntityAnim(0, 338)
338	yes	717	script_717.mary	134	SetEntityAnim	2	medium	no	SetEntityAnim(0, 338)
338	yes	717	script_717.mary	146	SetEntityAnim	2	medium	no	SetEntityAnim(0, 338)
338	yes	717	script_717.mary	204	SetEntityAnim	2	medium	no	SetEntityAnim(0, 338)
338	yes	717	script_717.mary	258	SetEntityAnim	2	medium	no	SetEntityAnim(0, 338)
338	yes	717	script_717.mary	282	SetEntityAnim	2	medium	no	SetEntityAnim(0, 338)
338	yes	718	script_718.mary	24	SetEntityAnim	2	medium	no	SetEntityAnim(0, 338)
338	yes	721	script_721.mary	28	SetEntityAnim	2	medium	no	SetEntityAnim(0, 338)
338	yes	721	script_721.mary	46	SetEntityAnim	2	medium	no	SetEntityAnim(0, 338)
338	yes	724	script_724.mary	22	SetEntityAnim	2	medium	no	SetEntityAnim(0, 338)
338	yes	724	script_724.mary	82	SetEntityAnim	2	medium	no	SetEntityAnim(0, 338)
338	yes	724	script_724.mary	123	SetEntityAnim	2	medium	no	SetEntityAnim(0, 338)
338	yes	726	script_726.mary	26	SetEntityAnim	2	medium	no	SetEntityAnim(0, 338)
338	yes	726	script_726.mary	81	SetEntityAnim	2	medium	no	SetEntityAnim(0, 338)
338	yes	726	script_726.mary	118	SetEntityAnim	2	medium	no	SetEntityAnim(0, 338)
338	yes	731	script_731.mary	36	SetEntityAnim	2	medium	no	SetEntityAnim(0, 338)
338	yes	731	script_731.mary	76	SetEntityAnim	2	medium	no	SetEntityAnim(0, 338)
338	yes	731	script_731.mary	134	SetEntityAnim	2	medium	no	SetEntityAnim(0, 338)
338	yes	731	script_731.mary	165	SetEntityAnim	2	medium	no	SetEntityAnim(0, 338)
338	yes	732	script_732.mary	33	SetEntityAnim	2	medium	no	SetEntityAnim(0, 338)
338	yes	732	script_732.mary	69	SetEntityAnim	2	medium	no	SetEntityAnim(0, 338)
338	yes	732	script_732.mary	79	SetEntityAnim	2	medium	no	SetEntityAnim(0, 338)
338	yes	732	script_732.mary	222	SetEntityAnim	2	medium	no	SetEntityAnim(0, 338)
338	yes	733	script_733.mary	26	SetEntityAnim	2	medium	no	SetEntityAnim(0, 338)
338	yes	736	script_736.mary	22	SetEntityAnim	2	medium	no	SetEntityAnim(0, 338)
338	yes	736	script_736.mary	56	SetEntityAnim	2	medium	no	SetEntityAnim(0, 338)
338	yes	736	script_736.mary	77	SetEntityAnim	2	medium	no	SetEntityAnim(0, 338)
338	yes	737	script_737.mary	34	SetEntityAnim	2	medium	no	SetEntityAnim(0, 338)
338	yes	737	script_737.mary	158	SetEntityAnim	2	medium	no	SetEntityAnim(0, 338)
338	yes	738	script_738.mary	30	SetEntityAnim	2	medium	no	SetEntityAnim(0, 338)
338	yes	738	script_738.mary	123	SetEntityAnim	2	medium	no	SetEntityAnim(0, 338)
338	yes	740	script_740.mary	26	SetEntityAnim	2	medium	no	SetEntityAnim(0, 338)
338	yes	741	script_741.mary	17	SetEntityAnim	2	medium	no	SetEntityAnim(0, 338)
338	yes	742	script_742.mary	30	SetEntityAnim	2	medium	no	SetEntityAnim(0, 338)
338	yes	742	script_742.mary	84	SetEntityAnim	2	medium	no	SetEntityAnim(0, 338)
338	yes	742	script_742.mary	126	SetEntityAnim	2	medium	no	SetEntityAnim(0, 338)
338	yes	744	script_744.mary	22	SetEntityAnim	2	medium	no	SetEntityAnim(0, 338)
338	yes	744	script_744.mary	41	SetEntityAnim	2	medium	no	SetEntityAnim(0, 338)
338	yes	744	script_744.mary	62	SetEntityAnim	2	medium	no	SetEntityAnim(0, 338)
338	yes	744	script_744.mary	79	SetEntityAnim	2	medium	no	SetEntityAnim(0, 338)
338	yes	745	script_745.mary	40	SetEntityAnim	2	medium	no	SetEntityAnim(0, 338)
338	yes	745	script_745.mary	79	SetEntityAnim	2	medium	no	SetEntityAnim(0, 338)
338	yes	749	script_749.mary	16	SetEntityAnim	2	medium	no	SetEntityAnim(0, 338)
338	yes	749	script_749.mary	35	SetEntityAnim	2	medium	no	SetEntityAnim(0, 338)
338	yes	749	script_749.mary	61	SetEntityAnim	2	medium	no	SetEntityAnim(0, 338)
338	yes	750	script_750.mary	46	SetEntityAnim	2	medium	no	SetEntityAnim(0, 338)
338	yes	750	script_750.mary	86	SetEntityAnim	2	medium	no	SetEntityAnim(0, 338)
338	yes	750	script_750.mary	151	SetEntityAnim	2	medium	no	SetEntityAnim(0, 338)
338	yes	750	script_750.mary	171	SetEntityAnim	2	medium	no	SetEntityAnim(0, 338)
338	yes	750	script_750.mary	223	SetEntityAnim	2	medium	no	SetEntityAnim(0, 338)
338	yes	750	script_750.mary	238	SetEntityAnim	2	medium	no	SetEntityAnim(0, 338)
338	yes	750	script_750.mary	252	SetEntityAnim	2	medium	no	SetEntityAnim(0, 338)
338	yes	750	script_750.mary	288	SetEntityAnim	2	medium	no	SetEntityAnim(0, 338)
338	yes	750	script_750.mary	312	SetEntityAnim	2	medium	no	SetEntityAnim(0, 338)
338	yes	751	script_751.mary	50	SetEntityAnim	2	medium	no	SetEntityAnim(0, 338)
338	yes	751	script_751.mary	72	SetEntityAnim	2	medium	no	SetEntityAnim(0, 338)
338	yes	751	script_751.mary	106	SetEntityAnim	2	medium	no	SetEntityAnim(0, 338)
338	yes	753	script_753.mary	51	SetEntityAnim	2	medium	no	SetEntityAnim(0, 338)
338	yes	753	script_753.mary	86	SetEntityAnim	2	medium	no	SetEntityAnim(0, 338)
338	yes	753	script_753.mary	170	SetEntityAnim	2	medium	no	SetEntityAnim(0, 338)
338	yes	753	script_753.mary	274	SetEntityAnim	2	medium	no	SetEntityAnim(0, 338)
338	yes	753	script_753.mary	292	SetEntityAnim	2	medium	no	SetEntityAnim(0, 338)
338	yes	756	script_756.mary	27	SetEntityAnim	2	medium	no	SetEntityAnim(0, 338)
338	yes	760	script_760.mary	28	SetEntityAnim	2	medium	no	SetEntityAnim(0, 338)
338	yes	763	script_763.mary	57	SetEntityAnim	2	medium	no	SetEntityAnim(0, 338)
338	yes	763	script_763.mary	82	SetEntityAnim	2	medium	no	SetEntityAnim(0, 338)
338	yes	763	script_763.mary	139	SetEntityAnim	2	medium	no	SetEntityAnim(0, 338)
338	yes	763	script_763.mary	177	SetEntityAnim	2	medium	no	SetEntityAnim(0, 338)
338	yes	763	script_763.mary	275	SetEntityAnim	2	medium	no	SetEntityAnim(0, 338)
338	yes	763	script_763.mary	295	SetEntityAnim	2	medium	no	SetEntityAnim(0, 338)
338	yes	763	script_763.mary	444	SetEntityAnim	2	medium	no	SetEntityAnim(0, 338)
338	yes	764	script_764.mary	40	SetEntityAnim	2	medium	no	SetEntityAnim(0, 338)
338	yes	764	script_764.mary	59	SetEntityAnim	2	medium	no	SetEntityAnim(0, 338)
338	yes	764	script_764.mary	93	SetEntityAnim	2	medium	no	SetEntityAnim(0, 338)
338	yes	764	script_764.mary	186	SetEntityAnim	2	medium	no	SetEntityAnim(0, 338)
338	yes	764	script_764.mary	251	SetEntityAnim	2	medium	no	SetEntityAnim(0, 338)
338	yes	767	script_767.mary	17	SetEntityAnim	2	medium	no	SetEntityAnim(0, 338)
338	yes	767	script_767.mary	39	SetEntityAnim	2	medium	no	SetEntityAnim(0, 338)
338	yes	767	script_767.mary	62	SetEntityAnim	2	medium	no	SetEntityAnim(0, 338)
338	yes	769	script_769.mary	24	SetEntityAnim	2	medium	no	SetEntityAnim(0, 338)
338	yes	769	script_769.mary	43	SetEntityAnim	2	medium	no	SetEntityAnim(0, 338)
338	yes	769	script_769.mary	66	SetEntityAnim	2	medium	no	SetEntityAnim(0, 338)
338	yes	769	script_769.mary	105	SetEntityAnim	2	medium	no	SetEntityAnim(0, 338)
338	yes	773	script_773.mary	33	SetEntityAnim	2	medium	no	SetEntityAnim(0, 338)
338	yes	773	script_773.mary	79	SetEntityAnim	2	medium	no	SetEntityAnim(0, 338)
338	yes	773	script_773.mary	107	SetEntityAnim	2	medium	no	SetEntityAnim(0, 338)
338	yes	776	script_776.mary	37	SetEntityAnim	2	medium	no	SetEntityAnim(0, 338)
338	yes	776	script_776.mary	96	SetEntityAnim	2	medium	no	SetEntityAnim(0, 338)
338	yes	776	script_776.mary	127	SetEntityAnim	2	medium	no	SetEntityAnim(0, 338)
338	yes	776	script_776.mary	168	SetEntityAnim	2	medium	no	SetEntityAnim(0, 338)
338	yes	776	script_776.mary	229	SetEntityAnim	2	medium	no	SetEntityAnim(0, 338)
338	yes	776	script_776.mary	241	SetEntityAnim	2	medium	no	SetEntityAnim(0, 338)
338	yes	777	script_777.mary	28	SetEntityAnim	2	medium	no	SetEntityAnim(0, 338)
338	yes	777	script_777.mary	47	SetEntityAnim	2	medium	no	SetEntityAnim(0, 338)
338	yes	779	script_779.mary	30	SetEntityAnim	2	medium	no	SetEntityAnim(0, 338)
338	yes	779	script_779.mary	53	SetEntityAnim	2	medium	no	SetEntityAnim(0, 338)
338	yes	779	script_779.mary	85	SetEntityAnim	2	medium	no	SetEntityAnim(0, 338)
338	yes	779	script_779.mary	106	SetEntityAnim	2	medium	no	SetEntityAnim(0, 338)
338	yes	779	script_779.mary	123	SetEntityAnim	2	medium	no	SetEntityAnim(0, 338)
338	yes	779	script_779.mary	151	SetEntityAnim	2	medium	no	SetEntityAnim(0, 338)
338	yes	780	script_780.mary	17	SetEntityAnim	2	medium	no	SetEntityAnim(0, 338)
338	yes	781	script_781.mary	24	SetEntityAnim	2	medium	no	SetEntityAnim(0, 338)
338	yes	781	script_781.mary	72	SetEntityAnim	2	medium	no	SetEntityAnim(0, 338)
338	yes	781	script_781.mary	103	SetEntityAnim	2	medium	no	SetEntityAnim(0, 338)
338	yes	781	script_781.mary	153	SetEntityAnim	2	medium	no	SetEntityAnim(0, 338)
338	yes	783	script_783.mary	25	SetEntityAnim	2	medium	no	SetEntityAnim(0, 338)
338	yes	783	script_783.mary	102	SetEntityAnim	2	medium	no	SetEntityAnim(0, 338)
338	yes	784	script_784.mary	14	SetEntityAnim	2	medium	no	SetEntityAnim(0, 338)
338	yes	784	script_784.mary	35	SetEntityAnim	2	medium	no	SetEntityAnim(0, 338)
338	yes	786	script_786.mary	31	SetEntityAnim	2	medium	no	SetEntityAnim(0, 338)
338	yes	786	script_786.mary	81	SetEntityAnim	2	medium	no	SetEntityAnim(0, 338)
338	yes	786	script_786.mary	106	SetEntityAnim	2	medium	no	SetEntityAnim(0, 338)
338	yes	786	script_786.mary	159	SetEntityAnim	2	medium	no	SetEntityAnim(0, 338)
338	yes	786	script_786.mary	179	SetEntityAnim	2	medium	no	SetEntityAnim(0, 338)
338	yes	786	script_786.mary	237	SetEntityAnim	2	medium	no	SetEntityAnim(0, 338)
338	yes	792	script_792.mary	25	SetEntityAnim	2	medium	no	SetEntityAnim(0, 338)
338	yes	792	script_792.mary	49	SetEntityAnim	2	medium	no	SetEntityAnim(0, 338)
338	yes	794	script_794.mary	22	SetEntityAnim	2	medium	no	SetEntityAnim(0, 338)
338	yes	795	script_795.mary	29	SetEntityAnim	2	medium	no	SetEntityAnim(0, 338)
338	yes	795	script_795.mary	60	SetEntityAnim	2	medium	no	SetEntityAnim(0, 338)
338	yes	795	script_795.mary	76	SetEntityAnim	2	medium	no	SetEntityAnim(0, 338)
338	yes	795	script_795.mary	189	SetEntityAnim	2	medium	no	SetEntityAnim(0, 338)
338	yes	796	script_796.mary	19	SetEntityAnim	2	medium	no	SetEntityAnim(0, 338)
338	yes	796	script_796.mary	80	SetEntityAnim	2	medium	no	SetEntityAnim(0, 338)
338	yes	797	script_797.mary	12	SetEntityAnim	2	medium	no	SetEntityAnim(0, 338)
338	yes	798	script_798.mary	14	SetEntityAnim	2	medium	no	SetEntityAnim(0, 338)
338	yes	799	script_799.mary	16	SetEntityAnim	2	medium	no	SetEntityAnim(0, 338)
338	yes	799	script_799.mary	38	SetEntityAnim	2	medium	no	SetEntityAnim(0, 338)
338	yes	799	script_799.mary	62	SetEntityAnim	2	medium	no	SetEntityAnim(0, 338)
338	yes	800	script_800.mary	14	SetEntityAnim	2	medium	no	SetEntityAnim(0, 338)
338	yes	800	script_800.mary	36	SetEntityAnim	2	medium	no	SetEntityAnim(0, 338)
338	yes	800	script_800.mary	53	SetEntityAnim	2	medium	no	SetEntityAnim(0, 338)
338	yes	801	script_801.mary	20	SetEntityAnim	2	medium	no	SetEntityAnim(0, 338)
338	yes	801	script_801.mary	44	SetEntityAnim	2	medium	no	SetEntityAnim(0, 338)
338	yes	804	script_804.mary	44	SetEntityAnim	2	medium	no	SetEntityAnim(0, 338)
338	yes	806	script_806.mary	15	SetEntityAnim	2	medium	no	SetEntityAnim(0, 338)
338	yes	806	script_806.mary	49	SetEntityAnim	2	medium	no	SetEntityAnim(0, 338)
338	yes	809	script_809.mary	12	SetEntityAnim	2	medium	no	SetEntityAnim(0, 338)
338	yes	810	script_810.mary	15	SetEntityAnim	2	medium	no	SetEntityAnim(0, 338)
338	yes	810	script_810.mary	43	SetEntityAnim	2	medium	no	SetEntityAnim(0, 338)
338	yes	811	script_811.mary	32	SetEntityAnim	2	medium	no	SetEntityAnim(0, 338)
338	yes	812	script_812.mary	19	SetEntityAnim	2	medium	no	SetEntityAnim(0, 338)
338	yes	813	script_813.mary	12	SetEntityAnim	2	medium	no	SetEntityAnim(0, 338)
338	yes	814	script_814.mary	12	SetEntityAnim	2	medium	no	SetEntityAnim(0, 338)
338	yes	815	script_815.mary	20	SetEntityAnim	2	medium	no	SetEntityAnim(0, 338)
338	yes	815	script_815.mary	99	SetEntityAnim	2	medium	no	SetEntityAnim(0, 338)
338	yes	815	script_815.mary	162	SetEntityAnim	2	medium	no	SetEntityAnim(0, 338)
338	yes	819	script_819.mary	32	SetEntityAnim	2	medium	no	SetEntityAnim(0, 338)
338	yes	820	script_820.mary	15	SetEntityAnim	2	medium	no	SetEntityAnim(0, 338)
338	yes	820	script_820.mary	33	SetEntityAnim	2	medium	no	SetEntityAnim(0, 338)
338	yes	821	script_821.mary	30	SetEntityAnim	2	medium	no	SetEntityAnim(0, 338)
338	yes	849	script_849.mary	24	SetEntityAnim	2	medium	no	SetEntityAnim(0, 338)
338	yes	849	script_849.mary	121	SetEntityAnim	2	medium	no	SetEntityAnim(0, 338)
338	yes	851	script_851.mary	21	SetEntityAnim	2	medium	no	SetEntityAnim(0, 338)
338	yes	852	script_852.mary	16	SetEntityAnim	2	medium	no	SetEntityAnim(0, 338)
338	yes	853	script_853.mary	14	SetEntityAnim	2	medium	no	SetEntityAnim(0, 338)
338	yes	855	script_855.mary	115	SetEntityAnim	2	medium	no	SetEntityAnim(0, 338)
338	yes	855	script_855.mary	131	SetEntityAnim	2	medium	no	SetEntityAnim(0, 338)
338	yes	856	script_856.mary	14	SetEntityAnim	2	medium	no	SetEntityAnim(0, 338)
338	yes	858	script_858.mary	112	SetEntityAnim	2	medium	no	SetEntityAnim(0, 338)
338	yes	858	script_858.mary	192	SetEntityAnim	2	medium	no	SetEntityAnim(0, 338)
338	yes	859	script_859.mary	14	SetEntityAnim	2	medium	no	SetEntityAnim(0, 338)
338	yes	861	script_861.mary	79	SetEntityAnim	2	medium	no	SetEntityAnim(0, 338)
338	yes	861	script_861.mary	157	SetEntityAnim	2	medium	no	SetEntityAnim(0, 338)
338	yes	862	script_862.mary	15	SetEntityAnim	2	medium	no	SetEntityAnim(0, 338)
338	yes	863	script_863.mary	20	SetEntityAnim	2	medium	no	SetEntityAnim(0, 338)
338	yes	863	script_863.mary	55	SetEntityAnim	2	medium	no	SetEntityAnim(0, 338)
338	yes	863	script_863.mary	74	SetEntityAnim	2	medium	no	SetEntityAnim(0, 338)
338	yes	864	script_864.mary	20	SetEntityAnim	2	medium	no	SetEntityAnim(0, 338)
338	yes	866	script_866.mary	24	SetEntityAnim	2	medium	no	SetEntityAnim(0, 338)
338	yes	873	script_873.mary	24	SetEntityAnim	2	medium	no	SetEntityAnim(0, 338)
338	yes	874	script_874.mary	22	SetEntityAnim	2	medium	no	SetEntityAnim(0, 338)
338	yes	875	script_875.mary	26	SetEntityAnim	2	medium	no	SetEntityAnim(0, 338)
338	yes	876	script_876.mary	35	SetEntityAnim	2	medium	no	SetEntityAnim(0, 338)
338	yes	877	script_877.mary	19	SetEntityAnim	2	medium	no	SetEntityAnim(0, 338)
338	yes	878	script_878.mary	21	SetEntityAnim	2	medium	no	SetEntityAnim(0, 338)
338	yes	879	script_879.mary	21	SetEntityAnim	2	medium	no	SetEntityAnim(0, 338)
338	yes	886	script_886.mary	23	SetEntityAnim	2	medium	no	SetEntityAnim(0, 338)
338	yes	889	script_889.mary	33	SetEntityAnim	2	medium	no	SetEntityAnim(0, 338)
338	yes	891	script_891.mary	31	SetEntityAnim	2	medium	no	SetEntityAnim(0, 338)
338	yes	894	script_894.mary	32	SetEntityAnim	2	medium	no	SetEntityAnim(0, 338)
338	yes	898	script_898.mary	19	SetEntityAnim	2	medium	no	SetEntityAnim(0, 338)
338	yes	899	script_899.mary	34	SetEntityAnim	2	medium	no	SetEntityAnim(0, 338)
338	yes	906	script_906.mary	27	SetEntityAnim	2	medium	no	SetEntityAnim(0, 338)
338	yes	908	script_908.mary	38	SetEntityAnim	2	medium	no	SetEntityAnim(0, 338)
338	yes	911	script_911.mary	27	SetEntityAnim	2	medium	no	SetEntityAnim(0, 338)
338	yes	915	script_915.mary	30	SetEntityAnim	2	medium	no	SetEntityAnim(0, 338)
338	yes	915	script_915.mary	230	SetEntityAnim	2	medium	no	SetEntityAnim(0, 338)
338	yes	918	script_918.mary	19	SetEntityAnim	2	medium	no	SetEntityAnim(0, 338)
338	yes	919	script_919.mary	27	SetEntityAnim	2	medium	no	SetEntityAnim(0, 338)
338	yes	926	script_926.mary	34	SetEntityAnim	2	medium	no	SetEntityAnim(0, 338)
338	yes	929	script_929.mary	25	SetEntityAnim	2	medium	no	SetEntityAnim(0, 338)
338	yes	929	script_929.mary	124	SetEntityAnim	2	medium	no	SetEntityAnim(0, 338)
338	yes	932	script_932.mary	159	SetEntityAnim	2	medium	no	SetEntityAnim(0, 338)
338	yes	932	script_932.mary	178	SetEntityAnim	2	medium	no	SetEntityAnim(0, 338)
338	yes	933	script_933.mary	29	SetEntityAnim	2	medium	no	SetEntityAnim(0, 338)
338	yes	933	script_933.mary	135	SetEntityAnim	2	medium	no	SetEntityAnim(0, 338)
338	yes	936	script_936.mary	19	SetEntityAnim	2	medium	no	SetEntityAnim(0, 338)
338	yes	937	script_937.mary	27	SetEntityAnim	2	medium	no	SetEntityAnim(0, 338)
338	yes	944	script_944.mary	24	SetEntityAnim	2	medium	no	SetEntityAnim(0, 338)
338	yes	947	script_947.mary	29	SetEntityAnim	2	medium	no	SetEntityAnim(0, 338)
338	yes	950	script_950.mary	26	SetEntityAnim	2	medium	no	SetEntityAnim(0, 338)
338	yes	953	script_953.mary	26	SetEntityAnim	2	medium	no	SetEntityAnim(0, 338)
338	yes	956	script_956.mary	19	SetEntityAnim	2	medium	no	SetEntityAnim(0, 338)
338	yes	957	script_957.mary	27	SetEntityAnim	2	medium	no	SetEntityAnim(0, 338)
338	yes	984	script_984.mary	49	SetEntityAnim	2	medium	no	SetEntityAnim(0, 338)
338	yes	984	script_984.mary	76	SetEntityAnim	2	medium	no	SetEntityAnim(0, 338)
338	yes	1060	script_1060.mary	50	SetEntityAnim	2	medium	no	SetEntityAnim(94, 338)
338	yes	1060	script_1060.mary	62	SetEntityAnim	2	medium	no	SetEntityAnim(94, 338)
338	yes	1060	script_1060.mary	125	SetEntityAnim	2	medium	no	SetEntityAnim(94, 338)
338	yes	1060	script_1060.mary	139	SetEntityAnim	2	medium	no	SetEntityAnim(94, 338)
338	yes	1060	script_1060.mary	215	SetEntityAnim	2	medium	no	SetEntityAnim(94, 338)
338	yes	1060	script_1060.mary	224	SetEntityAnim	2	medium	no	SetEntityAnim(94, 338)
338	yes	1061	script_1061.mary	50	SetEntityAnim	2	medium	no	SetEntityAnim(94, 338)
338	yes	1061	script_1061.mary	60	SetEntityAnim	2	medium	no	SetEntityAnim(94, 338)
338	yes	1061	script_1061.mary	87	SetEntityAnim	2	medium	no	SetEntityAnim(94, 338)
338	yes	1061	script_1061.mary	118	SetEntityAnim	2	medium	no	SetEntityAnim(94, 338)
338	yes	1061	script_1061.mary	130	SetEntityAnim	2	medium	no	SetEntityAnim(94, 338)
338	yes	1061	script_1061.mary	180	SetEntityAnim	2	medium	no	SetEntityAnim(94, 338)
338	yes	1061	script_1061.mary	189	SetEntityAnim	2	medium	no	SetEntityAnim(94, 338)
338	yes	1061	script_1061.mary	236	SetEntityAnim	2	medium	no	SetEntityAnim(94, 338)
338	yes	1061	script_1061.mary	251	SetEntityAnim	2	medium	no	SetEntityAnim(94, 338)
338	yes	1062	script_1062.mary	50	SetEntityAnim	2	medium	no	SetEntityAnim(94, 338)
338	yes	1062	script_1062.mary	62	SetEntityAnim	2	medium	no	SetEntityAnim(94, 338)
338	yes	1062	script_1062.mary	138	SetEntityAnim	2	medium	no	SetEntityAnim(94, 338)
338	yes	1062	script_1062.mary	152	SetEntityAnim	2	medium	no	SetEntityAnim(94, 338)
338	yes	1062	script_1062.mary	225	SetEntityAnim	2	medium	no	SetEntityAnim(94, 338)
338	yes	1062	script_1062.mary	234	SetEntityAnim	2	medium	no	SetEntityAnim(94, 338)
338	yes	1063	script_1063.mary	175	SetEntityAnim	2	medium	no	SetEntityAnim(94, 338)
338	yes	1063	script_1063.mary	307	SetEntityAnim	2	medium	no	SetEntityAnim(94, 338)
338	yes	1063	script_1063.mary	733	SetEntityAnim	2	medium	no	SetEntityAnim(94, 338)
338	yes	1079	script_1079.mary	18	SetEntityAnim	2	medium	no	SetEntityAnim(0, 338)
338	yes	1080	script_1080.mary	45	SetEntityAnim	2	medium	no	SetEntityAnim(0, 338)
338	yes	1081	script_1081.mary	15	SetEntityAnim	2	medium	no	SetEntityAnim(0, 338)
338	yes	1098	script_1098.mary	17	SetEntityAnim	2	medium	no	SetEntityAnim(0, 338)
338	yes	1099	script_1099.mary	14	SetEntityAnim	2	medium	no	SetEntityAnim(0, 338)
338	yes	1130	script_1130.mary	19	SetEntityAnim	2	medium	no	SetEntityAnim(0, 338)
338	yes	1131	script_1131.mary	12	SetEntityAnim	2	medium	no	SetEntityAnim(0, 338)
338	yes	1138	script_1138.mary	14	SetEntityAnim	2	medium	no	SetEntityAnim(0, 338)
338	yes	1145	script_1145.mary	17	SetEntityAnim	2	medium	no	SetEntityAnim(0, 338)
338	yes	1146	script_1146.mary	21	SetEntityAnim	2	medium	no	SetEntityAnim(0, 338)
338	yes	1146	script_1146.mary	87	SetEntityAnim	2	medium	no	SetEntityAnim(0, 338)
338	yes	1161	script_1161.mary	12	SetEntityAnim	2	medium	no	SetEntityAnim(0, 338)
338	yes	1162	script_1162.mary	14	SetEntityAnim	2	medium	no	SetEntityAnim(0, 338)
338	yes	1163	script_1163.mary	17	SetEntityAnim	2	medium	no	SetEntityAnim(0, 338)
338	yes	1164	script_1164.mary	21	SetEntityAnim	2	medium	no	SetEntityAnim(0, 338)
338	yes	1165	script_1165.mary	12	SetEntityAnim	2	medium	no	SetEntityAnim(0, 338)
338	yes	1177	script_1177.mary	14	SetEntityAnim	2	medium	no	SetEntityAnim(0, 338)
338	yes	1190	script_1190.mary	20	SetEntityAnim	2	medium	no	SetEntityAnim(0, 338)
338	yes	1203	script_1203.mary	21	SetEntityAnim	2	medium	no	SetEntityAnim(0, 338)
338	yes	1216	script_1216.mary	15	SetEntityAnim	2	medium	no	SetEntityAnim(0, 338)
338	yes	1241	script_1241.mary	10	SetEntityAnim	2	medium	no	SetEntityAnim(0, 338)
338	yes	1242	script_1242.mary	62	SetEntityAnim	2	medium	no	SetEntityAnim(0, 338)
338	yes	1243	script_1243.mary	141	SetEntityAnim	2	medium	no	SetEntityAnim(0, 338)
338	yes	1243	script_1243.mary	186	SetEntityAnim	2	medium	no	SetEntityAnim(0, 338)
338	yes	1243	script_1243.mary	292	SetEntityAnim	2	medium	no	SetEntityAnim(0, 338)
338	yes	1245	script_1245.mary	19	SetEntityAnim	2	medium	no	SetEntityAnim(0, 338)
338	yes	1246	script_1246.mary	42	SetEntityAnim	2	medium	no	SetEntityAnim(0, 338)
338	yes	1247	script_1247.mary	15	SetEntityAnim	2	medium	no	SetEntityAnim(0, 338)
338	yes	1264	script_1264.mary	17	SetEntityAnim	2	medium	no	SetEntityAnim(0, 338)
338	yes	1265	script_1265.mary	21	SetEntityAnim	2	medium	no	SetEntityAnim(0, 338)
338	yes	1266	script_1266.mary	12	SetEntityAnim	2	medium	no	SetEntityAnim(0, 338)
338	yes	1277	script_1277.mary	14	SetEntityAnim	2	medium	no	SetEntityAnim(0, 338)
338	yes	1289	script_1289.mary	20	SetEntityAnim	2	medium	no	SetEntityAnim(0, 338)
338	yes	1293	script_1293.mary	30	SetEntityAnim	2	medium	no	SetEntityAnim(0, 338)
338	yes	1293	script_1293.mary	92	SetEntityAnim	2	medium	no	SetEntityAnim(0, 338)
338	yes	1293	script_1293.mary	111	SetEntityAnim	2	medium	no	SetEntityAnim(0, 338)
338	yes	1293	script_1293.mary	225	SetEntityAnim	2	medium	no	SetEntityAnim(0, 338)
338	yes	1293	script_1293.mary	297	SetEntityAnim	2	medium	no	SetEntityAnim(0, 338)
338	yes	1293	script_1293.mary	370	SetEntityAnim	2	medium	no	SetEntityAnim(0, 338)
338	yes	1294	script_1294.mary	37	SetEntityAnim	2	medium	no	SetEntityAnim(0, 338)
338	yes	1294	script_1294.mary	77	SetEntityAnim	2	medium	no	SetEntityAnim(0, 338)
338	yes	1295	script_1295.mary	37	SetEntityAnim	2	medium	no	SetEntityAnim(0, 338)
338	yes	1295	script_1295.mary	77	SetEntityAnim	2	medium	no	SetEntityAnim(0, 338)
338	yes	1296	script_1296.mary	37	SetEntityAnim	2	medium	no	SetEntityAnim(0, 338)
338	yes	1296	script_1296.mary	77	SetEntityAnim	2	medium	no	SetEntityAnim(0, 338)
338	yes	1297	script_1297.mary	37	SetEntityAnim	2	medium	no	SetEntityAnim(0, 338)
338	yes	1297	script_1297.mary	77	SetEntityAnim	2	medium	no	SetEntityAnim(0, 338)
338	yes	1298	script_1298.mary	38	SetEntityAnim	2	medium	no	SetEntityAnim(0, 338)
338	yes	1298	script_1298.mary	78	SetEntityAnim	2	medium	no	SetEntityAnim(0, 338)
338	yes	1301	script_1301.mary	38	SetEntityAnim	2	medium	no	SetEntityAnim(0, 338)
338	yes	1302	script_1302.mary	35	SetEntityAnim	2	medium	no	SetEntityAnim(0, 338)
338	yes	1303	script_1303.mary	38	SetEntityAnim	2	medium	no	SetEntityAnim(0, 338)
338	yes	1304	script_1304.mary	40	SetEntityAnim	2	medium	no	SetEntityAnim(0, 338)
338	yes	1305	script_1305.mary	39	SetEntityAnim	2	medium	no	SetEntityAnim(0, 338)
338	yes	1306	script_1306.mary	95	SetEntityAnim	2	medium	no	SetEntityAnim(0, 338)
338	yes	1319	script_1319.mary	15	SetEntityAnim	2	medium	no	SetEntityAnim(0, 338)
358	yes	1063	script_1063.mary	103	SetEntityAnim	2	medium	no	SetEntityAnim(94, 358)
371	yes	571	script_571.mary	1274	PushInt	1	medium	no	PushInt(371)
371	yes	571	script_571.mary	2300	PushInt	1	medium	no	PushInt(371)
371	yes	571	script_571.mary	2389	PushInt	1	medium	no	PushInt(371)
371	yes	571	script_571.mary	2478	PushInt	1	medium	no	PushInt(371)
371	yes	571	script_571.mary	2567	PushInt	1	medium	no	PushInt(371)
371	yes	571	script_571.mary	2658	PushInt	1	medium	no	PushInt(371)
371	yes	571	script_571.mary	2749	PushInt	1	medium	no	PushInt(371)
371	yes	571	script_571.mary	2838	PushInt	1	medium	no	PushInt(371)
371	yes	571	script_571.mary	2929	PushInt	1	medium	no	PushInt(371)
371	yes	571	script_571.mary	3020	PushInt	1	medium	no	PushInt(371)
371	yes	571	script_571.mary	3111	PushInt	1	medium	no	PushInt(371)
372	yes	1128	script_1128.mary	195	Proc008	2	medium	no	Proc008(24, 372, 1)
372	yes	1128	script_1128.mary	254	Proc008	2	medium	no	Proc008(25, 372, 1)
372	yes	1128	script_1128.mary	313	Proc008	2	medium	no	Proc008(1, 372, 1)
372	yes	1128	script_1128.mary	372	Proc008	2	medium	no	Proc008(9, 372, 1)
372	yes	1128	script_1128.mary	448	Proc008	2	medium	no	Proc008(19, 372, 1)
372	yes	1128	script_1128.mary	614	Proc008	2	medium	no	Proc008(0, 372, 1)
377	yes	342	script_342.mary	59	Proc008	2	medium	no	Proc008(0, 377, 1)
380	yes	61	script_61.mary	29	Proc00A	2	medium	no	Proc00A(12, 380, 1)
380	yes	61	script_61.mary	46	Proc00A	2	medium	no	Proc00A(0, 380, 1)
422	yes	767	script_767.mary	29	Proc008	2	medium	no	Proc008(0, 422, 1)
422	yes	767	script_767.mary	37	Proc008	2	medium	no	Proc008(0, 422, 1)
423	yes	1031	script_1031.mary	1900	Proc038	1	medium	no	Proc038(423)
430	yes	863	script_863.mary	66	Proc008	2	medium	no	Proc008(0, 430, 1)
430	yes	1060	script_1060.mary	192	SetEntityAnim	2	medium	no	SetEntityAnim(94, 430)
462	yes	1063	script_1063.mary	483	SetEntityAnim	2	medium	no	SetEntityAnim(94, 462)
462	yes	1063	script_1063.mary	505	SetEntityAnim	2	medium	no	SetEntityAnim(94, 462)
462	yes	1063	script_1063.mary	522	SetEntityAnim	2	medium	no	SetEntityAnim(94, 462)
462	yes	1063	script_1063.mary	544	SetEntityAnim	2	medium	no	SetEntityAnim(94, 462)
462	yes	1063	script_1063.mary	561	SetEntityAnim	2	medium	no	SetEntityAnim(94, 462)
462	yes	1063	script_1063.mary	583	SetEntityAnim	2	medium	no	SetEntityAnim(94, 462)
462	yes	1063	script_1063.mary	613	SetEntityAnim	2	medium	no	SetEntityAnim(94, 462)
462	yes	1063	script_1063.mary	644	SetEntityAnim	2	medium	no	SetEntityAnim(94, 462)
462	yes	1063	script_1063.mary	662	SetEntityAnim	2	medium	no	SetEntityAnim(94, 462)
462	yes	1063	script_1063.mary	693	SetEntityAnim	2	medium	no	SetEntityAnim(94, 462)
525	yes	571	script_571.mary	707	PushInt	1	medium	no	PushInt(525)
525	yes	571	script_571.mary	1031	PushInt	1	medium	no	PushInt(525)
525	yes	571	script_571.mary	1050	PushInt	1	medium	no	PushInt(525)
525	yes	571	script_571.mary	1067	PushInt	1	medium	no	PushInt(525)
525	yes	571	script_571.mary	1084	PushInt	1	medium	no	PushInt(525)
525	yes	571	script_571.mary	1118	PushInt	1	medium	no	PushInt(525)
559	yes	36	script_36.mary	28	SetEntityAnim	2	medium	no	SetEntityAnim(3, 559)
559	yes	36	script_36.mary	62	SetEntityAnim	2	medium	no	SetEntityAnim(3, 559)
559	yes	36	script_36.mary	68	SetEntityAnim	2	medium	no	SetEntityAnim(3, 559)
559	yes	36	script_36.mary	174	SetEntityAnim	2	medium	no	SetEntityAnim(3, 559)
559	yes	36	script_36.mary	194	SetEntityAnim	2	medium	no	SetEntityAnim(3, 559)
559	yes	36	script_36.mary	209	SetEntityAnim	2	medium	no	SetEntityAnim(3, 559)
559	yes	36	script_36.mary	254	SetEntityAnim	2	medium	no	SetEntityAnim(3, 559)
559	yes	36	script_36.mary	274	SetEntityAnim	2	medium	no	SetEntityAnim(3, 559)
559	yes	36	script_36.mary	289	SetEntityAnim	2	medium	no	SetEntityAnim(3, 559)
559	yes	37	script_37.mary	19	SetEntityAnim	2	medium	no	SetEntityAnim(3, 559)
559	yes	37	script_37.mary	46	SetEntityAnim	2	medium	no	SetEntityAnim(3, 559)
559	yes	37	script_37.mary	51	SetEntityAnim	2	medium	no	SetEntityAnim(3, 559)
559	yes	37	script_37.mary	80	SetEntityAnim	2	medium	no	SetEntityAnim(3, 559)
559	yes	37	script_37.mary	99	SetEntityAnim	2	medium	no	SetEntityAnim(3, 559)
559	yes	37	script_37.mary	122	SetEntityAnim	2	medium	no	SetEntityAnim(3, 559)
559	yes	37	script_37.mary	131	SetEntityAnim	2	medium	no	SetEntityAnim(3, 559)
559	yes	37	script_37.mary	145	SetEntityAnim	2	medium	no	SetEntityAnim(3, 559)
559	yes	37	script_37.mary	150	SetEntityAnim	2	medium	no	SetEntityAnim(3, 559)
559	yes	38	script_38.mary	56	SetEntityAnim	2	medium	no	SetEntityAnim(3, 559)
559	yes	38	script_38.mary	215	SetEntityAnim	2	medium	no	SetEntityAnim(3, 559)
559	yes	38	script_38.mary	347	SetEntityAnim	2	medium	no	SetEntityAnim(3, 559)
559	yes	38	script_38.mary	350	SetEntityAnim	2	medium	no	SetEntityAnim(3, 559)
559	yes	38	script_38.mary	366	SetEntityAnim	2	medium	no	SetEntityAnim(3, 559)
559	yes	38	script_38.mary	374	SetEntityAnim	2	medium	no	SetEntityAnim(3, 559)
559	yes	38	script_38.mary	467	SetEntityAnim	2	medium	no	SetEntityAnim(3, 559)
559	yes	39	script_39.mary	40	SetEntityAnim	2	medium	no	SetEntityAnim(3, 559)
559	yes	43	script_43.mary	13	SetEntityAnim	2	medium	no	SetEntityAnim(3, 559)
559	yes	43	script_43.mary	51	SetEntityAnim	2	medium	no	SetEntityAnim(3, 559)
559	yes	45	script_45.mary	29	SetEntityAnim	2	medium	no	SetEntityAnim(3, 559)
559	yes	589	script_589.mary	27	SetEntityAnim	2	medium	no	SetEntityAnim(3, 559)
559	yes	589	script_589.mary	95	SetEntityAnim	2	medium	no	SetEntityAnim(3, 559)
559	yes	590	script_590.mary	18	SetEntityAnim	2	medium	no	SetEntityAnim(3, 559)
559	yes	592	script_592.mary	19	SetEntityAnim	2	medium	no	SetEntityAnim(3, 559)
559	yes	609	script_609.mary	17	SetEntityAnim	2	medium	no	SetEntityAnim(3, 559)
559	yes	624	script_624.mary	17	SetEntityAnim	2	medium	no	SetEntityAnim(3, 559)
559	yes	639	script_639.mary	17	SetEntityAnim	2	medium	no	SetEntityAnim(3, 559)
559	yes	654	script_654.mary	26	SetEntityAnim	2	medium	no	SetEntityAnim(3, 559)
559	yes	654	script_654.mary	66	SetEntityAnim	2	medium	no	SetEntityAnim(3, 559)
559	yes	664	script_664.mary	23	SetEntityAnim	2	medium	no	SetEntityAnim(3, 559)
559	yes	684	script_684.mary	30	SetEntityAnim	2	medium	no	SetEntityAnim(3, 559)
559	yes	684	script_684.mary	107	SetEntityAnim	2	medium	no	SetEntityAnim(3, 559)
559	yes	695	script_695.mary	112	SetEntityAnim	2	medium	no	SetEntityAnim(3, 559)
559	yes	699	script_699.mary	31	SetEntityAnim	2	medium	no	SetEntityAnim(3, 559)
559	yes	707	script_707.mary	51	SetEntityAnim	2	medium	no	SetEntityAnim(3, 559)
559	yes	709	script_709.mary	88	SetEntityAnim	2	medium	no	SetEntityAnim(3, 559)
559	yes	795	script_795.mary	107	SetEntityAnim	2	medium	no	SetEntityAnim(3, 559)
559	yes	795	script_795.mary	400	SetEntityAnim	2	medium	no	SetEntityAnim(3, 559)
559	yes	796	script_796.mary	24	SetEntityAnim	2	medium	no	SetEntityAnim(3, 559)
559	yes	878	script_878.mary	26	SetEntityAnim	2	medium	no	SetEntityAnim(3, 559)
559	yes	878	script_878.mary	66	SetEntityAnim	2	medium	no	SetEntityAnim(3, 559)
559	yes	886	script_886.mary	26	SetEntityAnim	2	medium	no	SetEntityAnim(3, 559)
559	yes	889	script_889.mary	36	SetEntityAnim	2	medium	no	SetEntityAnim(3, 559)
559	yes	889	script_889.mary	49	SetEntityAnim	2	medium	no	SetEntityAnim(3, 559)
559	yes	891	script_891.mary	34	SetEntityAnim	2	medium	no	SetEntityAnim(3, 559)
559	yes	894	script_894.mary	35	SetEntityAnim	2	medium	no	SetEntityAnim(3, 559)
559	yes	993	script_993.mary	157	SetEntityAnim	2	medium	no	SetEntityAnim(3, 559)
559	yes	1080	script_1080.mary	11	SetEntityAnim	2	medium	no	SetEntityAnim(3, 559)
559	yes	1131	script_1131.mary	23	SetEntityAnim	2	medium	no	SetEntityAnim(3, 559)
559	yes	1138	script_1138.mary	25	SetEntityAnim	2	medium	no	SetEntityAnim(3, 559)
559	yes	1161	script_1161.mary	25	SetEntityAnim	2	medium	no	SetEntityAnim(3, 559)
559	yes	1162	script_1162.mary	27	SetEntityAnim	2	medium	no	SetEntityAnim(3, 559)
559	yes	1165	script_1165.mary	19	SetEntityAnim	2	medium	no	SetEntityAnim(3, 559)
559	yes	1177	script_1177.mary	21	SetEntityAnim	2	medium	no	SetEntityAnim(3, 559)
559	yes	1191	script_1191.mary	29	SetEntityAnim	2	medium	no	SetEntityAnim(3, 559)
559	yes	1192	script_1192.mary	27	SetEntityAnim	2	medium	no	SetEntityAnim(3, 559)
559	yes	1292	script_1292.mary	76	SetEntityAnim	2	medium	no	SetEntityAnim(3, 559)
559	yes	1292	script_1292.mary	82	SetEntityAnim	2	medium	no	SetEntityAnim(3, 559)
559	yes	1293	script_1293.mary	40	SetEntityAnim	2	medium	no	SetEntityAnim(3, 559)
559	yes	1294	script_1294.mary	24	SetEntityAnim	2	medium	no	SetEntityAnim(3, 559)
559	yes	1294	script_1294.mary	44	SetEntityAnim	2	medium	no	SetEntityAnim(3, 559)
559	yes	1294	script_1294.mary	50	SetEntityAnim	2	medium	no	SetEntityAnim(3, 559)
559	yes	1294	script_1294.mary	63	SetEntityAnim	2	medium	no	SetEntityAnim(3, 559)
559	yes	1294	script_1294.mary	84	SetEntityAnim	2	medium	no	SetEntityAnim(3, 559)
559	yes	1294	script_1294.mary	90	SetEntityAnim	2	medium	no	SetEntityAnim(3, 559)
559	yes	1301	script_1301.mary	16	SetEntityAnim	2	medium	no	SetEntityAnim(3, 559)
559	yes	1306	script_1306.mary	47	SetEntityAnim	2	medium	no	SetEntityAnim(3, 559)
559	yes	1306	script_1306.mary	258	SetEntityAnim	2	medium	no	SetEntityAnim(3, 559)
573	yes	358	script_358.mary	307	Proc038	1	medium	no	Proc038(573)
573	yes	571	script_571.mary	1165	PushInt	1	medium	no	PushInt(573)
573	yes	571	script_571.mary	3418	PushInt	1	medium	no	PushInt(573)
573	yes	571	script_571.mary	3452	PushInt	1	medium	no	PushInt(573)
574	yes	358	script_358.mary	311	Proc038	1	medium	no	Proc038(574)
574	yes	571	script_571.mary	1155	PushInt	1	medium	no	PushInt(574)
574	yes	571	script_571.mary	3429	PushInt	1	medium	no	PushInt(574)
574	yes	571	script_571.mary	3440	PushInt	1	medium	no	PushInt(574)
574	yes	571	script_571.mary	3445	PushInt	1	medium	no	PushInt(574)
574	yes	571	script_571.mary	3446	PushInt	1	medium	no	PushInt(574)
575	yes	358	script_358.mary	315	Proc038	1	medium	no	Proc038(575)
575	yes	659	script_659.mary	210	SetEntityAnim	2	medium	no	SetEntityAnim(3, 575)
575	yes	679	script_679.mary	19	SetEntityAnim	2	medium	no	SetEntityAnim(3, 575)
575	yes	1299	script_1299.mary	48	SetEntityAnim	2	medium	no	SetEntityAnim(3, 575)
575	yes	1307	script_1307.mary	36	SetEntityAnim	2	medium	no	SetEntityAnim(3, 575)
576	yes	358	script_358.mary	319	Proc038	1	medium	no	Proc038(576)
577	yes	358	script_358.mary	323	Proc038	1	medium	no	Proc038(577)
578	yes	358	script_358.mary	327	Proc038	1	medium	no	Proc038(578)
579	yes	343	script_343.mary	262	SetEntityAnim	2	medium	no	SetEntityAnim(3, 579)
579	yes	358	script_358.mary	331	Proc038	1	medium	no	Proc038(579)
579	yes	679	script_679.mary	22	SetEntityAnim	2	medium	no	SetEntityAnim(3, 579)
580	yes	356	script_356.mary	178	PushInt	1	medium	no	PushInt(580)
580	yes	358	script_358.mary	335	Proc038	1	medium	no	Proc038(580)
580	yes	540	script_540.mary	110	PushInt	1	medium	no	PushInt(580)
581	yes	358	script_358.mary	339	Proc038	1	medium	no	Proc038(581)
582	yes	358	script_358.mary	343	Proc038	1	medium	no	Proc038(582)
583	yes	358	script_358.mary	347	Proc038	1	medium	no	Proc038(583)
583	yes	993	script_993.mary	152	SetEntityAnim	2	medium	no	SetEntityAnim(3, 583)
584	yes	358	script_358.mary	351	Proc038	1	medium	no	Proc038(584)
585	yes	358	script_358.mary	355	Proc038	1	medium	no	Proc038(585)
586	yes	358	script_358.mary	361	Proc038	1	medium	no	Proc038(586)
587	yes	358	script_358.mary	303	Proc038	1	medium	no	Proc038(587)
588	yes	358	script_358.mary	299	Proc038	1	medium	no	Proc038(588)
589	yes	983	script_983.mary	168	Proc038	1	medium	no	Proc038(589)
590	yes	589	script_589.mary	113	Proc08C	2	medium	no	Proc08C(3, 590)
592	yes	983	script_983.mary	163	Proc038	1	medium	no	Proc038(592)
593	yes	983	script_983.mary	212	Proc038	1	medium	no	Proc038(593)
595	yes	44	script_44.mary	90	SetEntityAnim	2	medium	no	SetEntityAnim(3, 595)
595	yes	593	script_593.mary	113	Proc08C	2	medium	no	Proc08C(25, 595)
595	yes	898	script_898.mary	102	SetEntityAnim	2	medium	no	SetEntityAnim(3, 595)
596	yes	983	script_983.mary	207	Proc038	1	medium	no	Proc038(596)
597	yes	983	script_983.mary	300	Proc038	1	medium	no	Proc038(597)
599	yes	44	script_44.mary	73	SetEntityAnim	2	medium	no	SetEntityAnim(3, 599)
599	yes	597	script_597.mary	113	Proc08C	2	medium	no	Proc08C(21, 599)
599	yes	898	script_898.mary	89	SetEntityAnim	2	medium	no	SetEntityAnim(3, 599)
600	yes	983	script_983.mary	295	Proc038	1	medium	no	Proc038(600)
601	yes	983	script_983.mary	124	Proc038	1	medium	no	Proc038(601)
603	yes	343	script_343.mary	343	SetEntityAnim	2	medium	no	SetEntityAnim(3, 603)
603	yes	601	script_601.mary	113	Proc08C	2	medium	no	Proc08C(19, 603)
603	yes	679	script_679.mary	47	SetEntityAnim	2	medium	no	SetEntityAnim(3, 603)
604	yes	983	script_983.mary	119	Proc038	1	medium	no	Proc038(604)
605	yes	983	script_983.mary	256	Proc038	1	medium	no	Proc038(605)
607	yes	39	script_39.mary	44	SetEntityAnim	2	medium	no	SetEntityAnim(1, 607)
607	yes	44	script_44.mary	25	SetEntityAnim	2	medium	no	SetEntityAnim(1, 607)
607	yes	605	script_605.mary	113	Proc08C	2	medium	no	Proc08C(12, 607)
607	yes	659	script_659.mary	29	SetEntityAnim	2	medium	no	SetEntityAnim(1, 607)
607	yes	659	script_659.mary	215	SetEntityAnim	2	medium	no	SetEntityAnim(1, 607)
607	yes	695	script_695.mary	30	SetEntityAnim	2	medium	no	SetEntityAnim(1, 607)
607	yes	699	script_699.mary	27	SetEntityAnim	2	medium	no	SetEntityAnim(1, 607)
607	yes	760	script_760.mary	18	SetEntityAnim	2	medium	no	SetEntityAnim(1, 607)
607	yes	795	script_795.mary	218	SetEntityAnim	2	medium	no	SetEntityAnim(1, 607)
607	yes	804	script_804.mary	31	SetEntityAnim	2	medium	no	SetEntityAnim(1, 607)
607	yes	819	script_819.mary	42	SetEntityAnim	2	medium	no	SetEntityAnim(1, 607)
607	yes	876	script_876.mary	45	SetEntityAnim	2	medium	no	SetEntityAnim(1, 607)
607	yes	876	script_876.mary	64	SetEntityAnim	2	medium	no	SetEntityAnim(1, 607)
607	yes	877	script_877.mary	44	SetEntityAnim	2	medium	no	SetEntityAnim(1, 607)
607	yes	878	script_878.mary	64	SetEntityAnim	2	medium	no	SetEntityAnim(1, 607)
607	yes	879	script_879.mary	24	SetEntityAnim	2	medium	no	SetEntityAnim(1, 607)
607	yes	894	script_894.mary	41	SetEntityAnim	2	medium	no	SetEntityAnim(1, 607)
607	yes	898	script_898.mary	44	SetEntityAnim	2	medium	no	SetEntityAnim(1, 607)
607	yes	899	script_899.mary	37	SetEntityAnim	2	medium	no	SetEntityAnim(1, 607)
607	yes	994	script_994.mary	36	SetEntityAnim	2	medium	no	SetEntityAnim(1, 607)
607	yes	1100	script_1100.mary	23	SetEntityAnim	2	medium	no	SetEntityAnim(1, 607)
607	yes	1114	script_1114.mary	23	SetEntityAnim	2	medium	no	SetEntityAnim(1, 607)
607	yes	1128	script_1128.mary	58	SetEntityAnim	2	medium	no	SetEntityAnim(1, 607)
607	yes	1128	script_1128.mary	272	SetEntityAnim	2	medium	no	SetEntityAnim(1, 607)
607	yes	1128	script_1128.mary	315	SetEntityAnim	2	medium	no	SetEntityAnim(1, 607)
607	yes	1129	script_1129.mary	20	SetEntityAnim	2	medium	no	SetEntityAnim(1, 607)
607	yes	1129	script_1129.mary	153	SetEntityAnim	2	medium	no	SetEntityAnim(1, 607)
607	yes	1129	script_1129.mary	158	SetEntityAnim	2	medium	no	SetEntityAnim(1, 607)
607	yes	1246	script_1246.mary	29	SetEntityAnim	2	medium	no	SetEntityAnim(1, 607)
607	yes	1301	script_1301.mary	20	SetEntityAnim	2	medium	no	SetEntityAnim(1, 607)
608	yes	983	script_983.mary	251	Proc038	1	medium	no	Proc038(608)
609	yes	168	script_168.mary	73	Proc038	1	medium	no	Proc038(609)
612	yes	168	script_168.mary	101	Proc038	1	medium	no	Proc038(612)
612	yes	874	script_874.mary	80	Proc017	1	medium	no	Proc017(612, 248, 2)
615	yes	168	script_168.mary	129	Proc038	1	medium	no	Proc038(615)
615	yes	589	script_589.mary	35	SetEntityAnim	2	medium	no	SetEntityAnim(35, 615)
615	yes	592	script_592.mary	27	SetEntityAnim	2	medium	no	SetEntityAnim(35, 615)
615	yes	593	script_593.mary	35	SetEntityAnim	2	medium	no	SetEntityAnim(35, 615)
615	yes	596	script_596.mary	27	SetEntityAnim	2	medium	no	SetEntityAnim(35, 615)
615	yes	597	script_597.mary	35	SetEntityAnim	2	medium	no	SetEntityAnim(35, 615)
615	yes	600	script_600.mary	27	SetEntityAnim	2	medium	no	SetEntityAnim(35, 615)
615	yes	601	script_601.mary	35	SetEntityAnim	2	medium	no	SetEntityAnim(35, 615)
615	yes	604	script_604.mary	27	SetEntityAnim	2	medium	no	SetEntityAnim(35, 615)
615	yes	605	script_605.mary	35	SetEntityAnim	2	medium	no	SetEntityAnim(35, 615)
615	yes	608	script_608.mary	27	SetEntityAnim	2	medium	no	SetEntityAnim(35, 615)
615	yes	609	script_609.mary	21	SetEntityAnim	2	medium	no	SetEntityAnim(35, 615)
615	yes	612	script_612.mary	21	SetEntityAnim	2	medium	no	SetEntityAnim(35, 615)
615	yes	618	script_618.mary	21	SetEntityAnim	2	medium	no	SetEntityAnim(35, 615)
615	yes	621	script_621.mary	21	SetEntityAnim	2	medium	no	SetEntityAnim(35, 615)
615	yes	624	script_624.mary	25	SetEntityAnim	2	medium	no	SetEntityAnim(35, 615)
615	yes	627	script_627.mary	25	SetEntityAnim	2	medium	no	SetEntityAnim(35, 615)
615	yes	630	script_630.mary	25	SetEntityAnim	2	medium	no	SetEntityAnim(35, 615)
615	yes	633	script_633.mary	25	SetEntityAnim	2	medium	no	SetEntityAnim(35, 615)
615	yes	636	script_636.mary	25	SetEntityAnim	2	medium	no	SetEntityAnim(35, 615)
615	yes	639	script_639.mary	25	SetEntityAnim	2	medium	no	SetEntityAnim(35, 615)
615	yes	642	script_642.mary	25	SetEntityAnim	2	medium	no	SetEntityAnim(35, 615)
615	yes	645	script_645.mary	25	SetEntityAnim	2	medium	no	SetEntityAnim(35, 615)
615	yes	648	script_648.mary	25	SetEntityAnim	2	medium	no	SetEntityAnim(35, 615)
615	yes	651	script_651.mary	25	SetEntityAnim	2	medium	no	SetEntityAnim(35, 615)
615	yes	664	script_664.mary	25	SetEntityAnim	2	medium	no	SetEntityAnim(35, 615)
615	yes	664	script_664.mary	52	SetEntityAnim	2	medium	no	SetEntityAnim(35, 615)
615	yes	667	script_667.mary	25	SetEntityAnim	2	medium	no	SetEntityAnim(35, 615)
615	yes	667	script_667.mary	52	SetEntityAnim	2	medium	no	SetEntityAnim(35, 615)
615	yes	670	script_670.mary	25	SetEntityAnim	2	medium	no	SetEntityAnim(35, 615)
615	yes	670	script_670.mary	52	SetEntityAnim	2	medium	no	SetEntityAnim(35, 615)
615	yes	673	script_673.mary	25	SetEntityAnim	2	medium	no	SetEntityAnim(35, 615)
615	yes	673	script_673.mary	52	SetEntityAnim	2	medium	no	SetEntityAnim(35, 615)
615	yes	676	script_676.mary	25	SetEntityAnim	2	medium	no	SetEntityAnim(35, 615)
615	yes	676	script_676.mary	52	SetEntityAnim	2	medium	no	SetEntityAnim(35, 615)
615	yes	684	script_684.mary	34	SetEntityAnim	2	medium	no	SetEntityAnim(35, 615)
615	yes	684	script_684.mary	113	SetEntityAnim	2	medium	no	SetEntityAnim(35, 615)
615	yes	685	script_685.mary	34	SetEntityAnim	2	medium	no	SetEntityAnim(35, 615)
615	yes	685	script_685.mary	113	SetEntityAnim	2	medium	no	SetEntityAnim(35, 615)
615	yes	686	script_686.mary	34	SetEntityAnim	2	medium	no	SetEntityAnim(35, 615)
615	yes	686	script_686.mary	113	SetEntityAnim	2	medium	no	SetEntityAnim(35, 615)
615	yes	687	script_687.mary	34	SetEntityAnim	2	medium	no	SetEntityAnim(35, 615)
615	yes	687	script_687.mary	113	SetEntityAnim	2	medium	no	SetEntityAnim(35, 615)
615	yes	688	script_688.mary	34	SetEntityAnim	2	medium	no	SetEntityAnim(35, 615)
615	yes	688	script_688.mary	113	SetEntityAnim	2	medium	no	SetEntityAnim(35, 615)
615	yes	849	script_849.mary	33	SetEntityAnim	2	medium	no	SetEntityAnim(35, 615)
615	yes	852	script_852.mary	25	SetEntityAnim	2	medium	no	SetEntityAnim(35, 615)
615	yes	853	script_853.mary	21	SetEntityAnim	2	medium	no	SetEntityAnim(35, 615)
615	yes	856	script_856.mary	25	SetEntityAnim	2	medium	no	SetEntityAnim(35, 615)
615	yes	859	script_859.mary	25	SetEntityAnim	2	medium	no	SetEntityAnim(35, 615)
615	yes	864	script_864.mary	61	SetEntityAnim	2	medium	no	SetEntityAnim(35, 615)
615	yes	866	script_866.mary	29	SetEntityAnim	2	medium	no	SetEntityAnim(35, 615)
615	yes	995	script_995.mary	49	SetEntityAnim	2	medium	no	SetEntityAnim(35, 615)
615	yes	1293	script_1293.mary	64	SetEntityAnim	2	medium	no	SetEntityAnim(35, 615)
615	yes	1306	script_1306.mary	72	SetEntityAnim	2	medium	no	SetEntityAnim(35, 615)
618	yes	168	script_168.mary	157	Proc038	1	medium	no	Proc038(618)
621	yes	168	script_168.mary	185	Proc038	1	medium	no	Proc038(621)
624	yes	168	script_168.mary	78	Proc038	1	medium	no	Proc038(624)
627	yes	168	script_168.mary	106	Proc038	1	medium	no	Proc038(627)
630	yes	168	script_168.mary	134	Proc038	1	medium	no	Proc038(630)
633	yes	168	script_168.mary	162	Proc038	1	medium	no	Proc038(633)
636	yes	168	script_168.mary	190	Proc038	1	medium	no	Proc038(636)
639	yes	168	script_168.mary	83	Proc038	1	medium	no	Proc038(639)
639	yes	781	script_781.mary	28	SetEntityAnim	2	medium	no	SetEntityAnim(23, 639)
639	yes	781	script_781.mary	33	SetEntityAnim	2	medium	no	SetEntityAnim(23, 639)
639	yes	783	script_783.mary	61	SetEntityAnim	2	medium	no	SetEntityAnim(23, 639)
639	yes	783	script_783.mary	84	SetEntityAnim	2	medium	no	SetEntityAnim(23, 639)
639	yes	794	script_794.mary	90	SetEntityAnim	2	medium	no	SetEntityAnim(23, 639)
639	yes	911	script_911.mary	58	SetEntityAnim	2	medium	no	SetEntityAnim(23, 639)
642	yes	168	script_168.mary	111	Proc038	1	medium	no	Proc038(642)
645	yes	168	script_168.mary	139	Proc038	1	medium	no	Proc038(645)
648	yes	168	script_168.mary	167	Proc038	1	medium	no	Proc038(648)
651	yes	168	script_168.mary	195	Proc038	1	medium	no	Proc038(651)
651	yes	918	script_918.mary	75	SetEntityAnim	2	medium	no	SetEntityAnim(23, 651)
651	yes	918	script_918.mary	84	SetEntityAnim	2	medium	no	SetEntityAnim(23, 651)
651	yes	918	script_918.mary	92	SetEntityAnim	2	medium	no	SetEntityAnim(23, 651)
654	yes	983	script_983.mary	173	Proc038	1	medium	no	Proc038(654)
655	yes	918	script_918.mary	79	SetEntityAnim	2	medium	no	SetEntityAnim(23, 655)
655	yes	983	script_983.mary	217	Proc038	1	medium	no	Proc038(655)
656	yes	983	script_983.mary	305	Proc038	1	medium	no	Proc038(656)
657	yes	983	script_983.mary	129	Proc038	1	medium	no	Proc038(657)
658	yes	983	script_983.mary	261	Proc038	1	medium	no	Proc038(658)
659	yes	229	script_229.mary	29	SetEntityAnim	2	medium	no	SetEntityAnim(23, 659)
659	yes	782	script_782.mary	23	SetEntityAnim	2	medium	no	SetEntityAnim(23, 659)
659	yes	983	script_983.mary	178	Proc038	1	medium	no	Proc038(659)
660	yes	983	script_983.mary	222	Proc038	1	medium	no	Proc038(660)
661	yes	983	script_983.mary	310	Proc038	1	medium	no	Proc038(661)
662	yes	983	script_983.mary	134	Proc038	1	medium	no	Proc038(662)
663	yes	229	script_229.mary	14	SetEntityAnim	2	medium	no	SetEntityAnim(23, 663)
663	yes	782	script_782.mary	9	SetEntityAnim	2	medium	no	SetEntityAnim(23, 663)
663	yes	983	script_983.mary	266	Proc038	1	medium	no	Proc038(663)
664	yes	983	script_983.mary	188	Proc038	1	medium	no	Proc038(664)
667	yes	694	script_694.mary	29	SetEntityAnim	2	medium	no	SetEntityAnim(23, 667)
667	yes	781	script_781.mary	38	SetEntityAnim	2	medium	no	SetEntityAnim(23, 667)
667	yes	983	script_983.mary	232	Proc038	1	medium	no	Proc038(667)
670	yes	983	script_983.mary	320	Proc038	1	medium	no	Proc038(670)
673	yes	983	script_983.mary	144	Proc038	1	medium	no	Proc038(673)
676	yes	983	script_983.mary	276	Proc038	1	medium	no	Proc038(676)
679	yes	983	script_983.mary	193	Proc038	1	medium	no	Proc038(679)
680	yes	983	script_983.mary	237	Proc038	1	medium	no	Proc038(680)
681	yes	983	script_983.mary	325	Proc038	1	medium	no	Proc038(681)
682	yes	983	script_983.mary	149	Proc038	1	medium	no	Proc038(682)
683	yes	983	script_983.mary	281	Proc038	1	medium	no	Proc038(683)
684	yes	983	script_983.mary	183	Proc038	1	medium	no	Proc038(684)
684	yes	1060	script_1060.mary	29	SetEntityAnim	2	medium	no	SetEntityAnim(95, 684)
684	yes	1060	script_1060.mary	167	SetEntityAnim	2	medium	no	SetEntityAnim(96, 684)
684	yes	1060	script_1060.mary	236	SetEntityAnim	2	medium	no	SetEntityAnim(95, 684)
684	yes	1060	script_1060.mary	239	SetEntityAnim	2	medium	no	SetEntityAnim(96, 684)
684	yes	1060	script_1060.mary	285	SetEntityAnim	2	medium	no	SetEntityAnim(95, 684)
684	yes	1164	script_1164.mary	91	SetEntityAnim	2	medium	no	SetEntityAnim(54 + var_1, 684)
684	yes	1164	script_1164.mary	149	SetEntityAnim	2	medium	no	SetEntityAnim(54 + var_1, 684)
684	yes	1165	script_1165.mary	38	SetEntityAnim	2	medium	no	SetEntityAnim(71, 684)
684	yes	1165	script_1165.mary	41	SetEntityAnim	2	medium	no	SetEntityAnim(72, 684)
684	yes	1165	script_1165.mary	44	SetEntityAnim	2	medium	no	SetEntityAnim(73, 684)
684	yes	1177	script_1177.mary	40	SetEntityAnim	2	medium	no	SetEntityAnim(71, 684)
684	yes	1177	script_1177.mary	43	SetEntityAnim	2	medium	no	SetEntityAnim(72, 684)
684	yes	1177	script_1177.mary	46	SetEntityAnim	2	medium	no	SetEntityAnim(73, 684)
684	yes	1190	script_1190.mary	27	SetEntityAnim	2	medium	no	SetEntityAnim(70, 684)
685	yes	983	script_983.mary	227	Proc038	1	medium	no	Proc038(685)
686	yes	983	script_983.mary	315	Proc038	1	medium	no	Proc038(686)
687	yes	983	script_983.mary	139	Proc038	1	medium	no	Proc038(687)
688	yes	166	script_166.mary	18	Proc00A	2	medium	no	Proc00A(0, 688, 1)
688	yes	166	script_166.mary	19	Proc00A	2	medium	no	Proc00A(44, 688, 1)
688	yes	166	script_166.mary	32	Proc00A	2	medium	no	Proc00A(0, 688, 1)
688	yes	983	script_983.mary	271	Proc038	1	medium	no	Proc038(688)
688	yes	1060	script_1060.mary	271	SetEntityAnim	2	medium	no	SetEntityAnim(96, 688)
688	yes	1164	script_1164.mary	145	SetEntityAnim	2	medium	no	SetEntityAnim(54 + var_1, 688)
688	yes	1164	script_1164.mary	155	SetEntityAnim	2	medium	no	SetEntityAnim(54 + var_1, 688)
689	yes	379	script_379.mary	18	Proc038	1	medium	no	Proc038(689)
689	yes	379	script_379.mary	30	Proc038	1	medium	no	Proc038(689)
689	yes	379	script_379.mary	44	Proc038	1	medium	no	Proc038(689)
689	yes	379	script_379.mary	95	Proc038	1	medium	no	Proc038(689)
689	yes	379	script_379.mary	107	Proc038	1	medium	no	Proc038(689)
689	yes	379	script_379.mary	119	Proc038	1	medium	no	Proc038(689)
689	yes	379	script_379.mary	131	Proc038	1	medium	no	Proc038(689)
689	yes	379	script_379.mary	143	Proc038	1	medium	no	Proc038(689)
689	yes	379	script_379.mary	155	Proc038	1	medium	no	Proc038(689)
690	yes	527	script_527.mary	21	Proc038	1	medium	no	Proc038(690)
690	yes	527	script_527.mary	33	Proc038	1	medium	no	Proc038(690)
690	yes	527	script_527.mary	47	Proc038	1	medium	no	Proc038(690)
690	yes	527	script_527.mary	98	Proc038	1	medium	no	Proc038(690)
690	yes	527	script_527.mary	110	Proc038	1	medium	no	Proc038(690)
690	yes	527	script_527.mary	122	Proc038	1	medium	no	Proc038(690)
690	yes	527	script_527.mary	134	Proc038	1	medium	no	Proc038(690)
690	yes	527	script_527.mary	146	Proc038	1	medium	no	Proc038(690)
690	yes	527	script_527.mary	158	Proc038	1	medium	no	Proc038(690)
690	yes	991	script_991.mary	41	Proc038	1	medium	no	Proc038(690)
690	yes	991	script_991.mary	53	Proc038	1	medium	no	Proc038(690)
690	yes	991	script_991.mary	67	Proc038	1	medium	no	Proc038(690)
690	yes	991	script_991.mary	118	Proc038	1	medium	no	Proc038(690)
690	yes	991	script_991.mary	130	Proc038	1	medium	no	Proc038(690)
690	yes	991	script_991.mary	142	Proc038	1	medium	no	Proc038(690)
690	yes	991	script_991.mary	154	Proc038	1	medium	no	Proc038(690)
690	yes	991	script_991.mary	166	Proc038	1	medium	no	Proc038(690)
690	yes	991	script_991.mary	178	Proc038	1	medium	no	Proc038(690)
691	yes	106	script_106.mary	101	Proc038	1	medium	no	Proc038(691)
691	yes	106	script_106.mary	113	Proc038	1	medium	no	Proc038(691)
691	yes	106	script_106.mary	127	Proc038	1	medium	no	Proc038(691)
691	yes	106	script_106.mary	178	Proc038	1	medium	no	Proc038(691)
691	yes	106	script_106.mary	191	Proc038	1	medium	no	Proc038(691)
691	yes	106	script_106.mary	203	Proc038	1	medium	no	Proc038(691)
691	yes	106	script_106.mary	215	Proc038	1	medium	no	Proc038(691)
691	yes	106	script_106.mary	227	Proc038	1	medium	no	Proc038(691)
691	yes	106	script_106.mary	239	Proc038	1	medium	no	Proc038(691)
692	yes	409	script_409.mary	347	Proc038	1	medium	no	Proc038(692)
692	yes	991	script_991.mary	193	Proc038	1	medium	no	Proc038(692)
693	yes	430	script_430.mary	57	Proc038	1	medium	no	Proc038(693)
694	yes	978	script_978.mary	56	Proc038	1	medium	no	Proc038(694)
695	yes	523	script_523.mary	146	Proc038	1	medium	no	Proc038(695)
711	yes	374	script_374.mary	97	Proc038	1	medium	no	Proc038(711)
712	yes	371	script_371.mary	103	Proc038	1	medium	no	Proc038(712)
713	yes	371	script_371.mary	108	Proc038	1	medium	no	Proc038(713)
714	yes	108	script_108.mary	44	Proc038	1	medium	no	Proc038(714)
717	yes	378	script_378.mary	56	Proc038	1	medium	no	Proc038(717)
721	yes	372	script_372.mary	96	Proc038	1	medium	no	Proc038(721)
726	yes	375	script_375.mary	81	Proc038	1	medium	no	Proc038(726)
731	yes	375	script_375.mary	86	Proc038	1	medium	no	Proc038(731)
732	yes	375	script_375.mary	91	Proc038	1	medium	no	Proc038(732)
742	yes	371	script_371.mary	113	Proc038	1	medium	no	Proc038(742)
744	yes	93	script_93.mary	69	Proc038	1	medium	no	Proc038(744)
745	yes	371	script_371.mary	93	Proc038	1	medium	no	Proc038(745)
750	yes	285	script_285.mary	398	Proc0F1	1	medium	no	Proc0F1(750)
750	yes	371	script_371.mary	98	Proc038	1	medium	no	Proc038(750)
751	yes	372	script_372.mary	101	Proc038	1	medium	no	Proc038(751)
753	yes	372	script_372.mary	106	Proc038	1	medium	no	Proc038(753)
756	yes	527	script_527.mary	174	Proc038	1	medium	no	Proc038(756)
760	yes	523	script_523.mary	166	Proc038	1	medium	no	Proc038(760)
763	yes	374	script_374.mary	102	Proc038	1	medium	no	Proc038(763)
764	yes	105	script_105.mary	61	Proc038	1	medium	no	Proc038(764)
764	yes	1060	script_1060.mary	242	SetEntityAnim	2	medium	no	SetEntityAnim(97, 764)
767	yes	176	script_176.mary	19	Proc038	1	medium	no	Proc038(767)
769	yes	373	script_373.mary	67	Proc038	1	medium	no	Proc038(769)
773	yes	373	script_373.mary	72	Proc038	1	medium	no	Proc038(773)
776	yes	371	script_371.mary	88	Proc038	1	medium	no	Proc038(776)
777	yes	370	script_370.mary	87	Proc038	1	medium	no	Proc038(777)
779	yes	370	script_370.mary	92	Proc038	1	medium	no	Proc038(779)
780	yes	360	script_360.mary	16	Proc038	1	medium	no	Proc038(780)
781	yes	527	script_527.mary	169	Proc038	1	medium	no	Proc038(781)
783	yes	409	script_409.mary	396	Proc038	1	medium	no	Proc038(783)
784	yes	93	script_93.mary	59	Proc038	1	medium	no	Proc038(784)
792	yes	271	script_271.mary	63	Proc038	1	medium	no	Proc038(792)
792	yes	573	script_573.mary	18	SetEntityAnim	2	medium	no	SetEntityAnim(28, 792)
792	yes	573	script_573.mary	43	SetEntityAnim	2	medium	no	SetEntityAnim(28, 792)
792	yes	573	script_573.mary	49	SetEntityAnim	2	medium	no	SetEntityAnim(28, 792)
792	yes	574	script_574.mary	18	SetEntityAnim	2	medium	no	SetEntityAnim(28, 792)
792	yes	574	script_574.mary	43	SetEntityAnim	2	medium	no	SetEntityAnim(28, 792)
792	yes	574	script_574.mary	49	SetEntityAnim	2	medium	no	SetEntityAnim(28, 792)
792	yes	575	script_575.mary	18	SetEntityAnim	2	medium	no	SetEntityAnim(28, 792)
792	yes	575	script_575.mary	43	SetEntityAnim	2	medium	no	SetEntityAnim(28, 792)
792	yes	575	script_575.mary	49	SetEntityAnim	2	medium	no	SetEntityAnim(28, 792)
792	yes	576	script_576.mary	18	SetEntityAnim	2	medium	no	SetEntityAnim(28, 792)
792	yes	576	script_576.mary	43	SetEntityAnim	2	medium	no	SetEntityAnim(28, 792)
792	yes	576	script_576.mary	49	SetEntityAnim	2	medium	no	SetEntityAnim(28, 792)
792	yes	577	script_577.mary	18	SetEntityAnim	2	medium	no	SetEntityAnim(28, 792)
792	yes	577	script_577.mary	43	SetEntityAnim	2	medium	no	SetEntityAnim(28, 792)
792	yes	577	script_577.mary	49	SetEntityAnim	2	medium	no	SetEntityAnim(28, 792)
792	yes	578	script_578.mary	18	SetEntityAnim	2	medium	no	SetEntityAnim(28, 792)
792	yes	578	script_578.mary	43	SetEntityAnim	2	medium	no	SetEntityAnim(28, 792)
792	yes	578	script_578.mary	49	SetEntityAnim	2	medium	no	SetEntityAnim(28, 792)
792	yes	579	script_579.mary	18	SetEntityAnim	2	medium	no	SetEntityAnim(28, 792)
792	yes	579	script_579.mary	43	SetEntityAnim	2	medium	no	SetEntityAnim(28, 792)
792	yes	579	script_579.mary	49	SetEntityAnim	2	medium	no	SetEntityAnim(28, 792)
792	yes	580	script_580.mary	18	SetEntityAnim	2	medium	no	SetEntityAnim(28, 792)
792	yes	580	script_580.mary	43	SetEntityAnim	2	medium	no	SetEntityAnim(28, 792)
792	yes	580	script_580.mary	49	SetEntityAnim	2	medium	no	SetEntityAnim(28, 792)
792	yes	581	script_581.mary	18	SetEntityAnim	2	medium	no	SetEntityAnim(28, 792)
792	yes	581	script_581.mary	43	SetEntityAnim	2	medium	no	SetEntityAnim(28, 792)
792	yes	581	script_581.mary	49	SetEntityAnim	2	medium	no	SetEntityAnim(28, 792)
792	yes	582	script_582.mary	18	SetEntityAnim	2	medium	no	SetEntityAnim(28, 792)
792	yes	582	script_582.mary	43	SetEntityAnim	2	medium	no	SetEntityAnim(28, 792)
792	yes	582	script_582.mary	49	SetEntityAnim	2	medium	no	SetEntityAnim(28, 792)
792	yes	583	script_583.mary	18	SetEntityAnim	2	medium	no	SetEntityAnim(28, 792)
792	yes	583	script_583.mary	43	SetEntityAnim	2	medium	no	SetEntityAnim(28, 792)
792	yes	583	script_583.mary	49	SetEntityAnim	2	medium	no	SetEntityAnim(28, 792)
792	yes	584	script_584.mary	18	SetEntityAnim	2	medium	no	SetEntityAnim(28, 792)
792	yes	584	script_584.mary	43	SetEntityAnim	2	medium	no	SetEntityAnim(28, 792)
792	yes	584	script_584.mary	49	SetEntityAnim	2	medium	no	SetEntityAnim(28, 792)
792	yes	585	script_585.mary	18	SetEntityAnim	2	medium	no	SetEntityAnim(28, 792)
792	yes	585	script_585.mary	43	SetEntityAnim	2	medium	no	SetEntityAnim(28, 792)
792	yes	585	script_585.mary	49	SetEntityAnim	2	medium	no	SetEntityAnim(28, 792)
792	yes	586	script_586.mary	18	SetEntityAnim	2	medium	no	SetEntityAnim(28, 792)
792	yes	586	script_586.mary	44	SetEntityAnim	2	medium	no	SetEntityAnim(28, 792)
792	yes	586	script_586.mary	50	SetEntityAnim	2	medium	no	SetEntityAnim(28, 792)
792	yes	587	script_587.mary	18	SetEntityAnim	2	medium	no	SetEntityAnim(28, 792)
792	yes	587	script_587.mary	43	SetEntityAnim	2	medium	no	SetEntityAnim(28, 792)
792	yes	587	script_587.mary	49	SetEntityAnim	2	medium	no	SetEntityAnim(28, 792)
792	yes	588	script_588.mary	18	SetEntityAnim	2	medium	no	SetEntityAnim(28, 792)
792	yes	588	script_588.mary	43	SetEntityAnim	2	medium	no	SetEntityAnim(28, 792)
792	yes	588	script_588.mary	49	SetEntityAnim	2	medium	no	SetEntityAnim(28, 792)
792	yes	709	script_709.mary	38	SetEntityAnim	2	medium	no	SetEntityAnim(28, 792)
792	yes	737	script_737.mary	116	SetEntityAnim	2	medium	no	SetEntityAnim(28, 792)
792	yes	737	script_737.mary	124	SetEntityAnim	2	medium	no	SetEntityAnim(28, 792)
792	yes	737	script_737.mary	141	SetEntityAnim	2	medium	no	SetEntityAnim(28, 792)
792	yes	764	script_764.mary	30	SetEntityAnim	2	medium	no	SetEntityAnim(28, 792)
792	yes	777	script_777.mary	20	SetEntityAnim	2	medium	no	SetEntityAnim(28, 792)
792	yes	777	script_777.mary	74	SetEntityAnim	2	medium	no	SetEntityAnim(28, 792)
792	yes	795	script_795.mary	219	SetEntityAnim	2	medium	no	SetEntityAnim(28, 792)
792	yes	804	script_804.mary	33	SetEntityAnim	2	medium	no	SetEntityAnim(28, 792)
792	yes	804	script_804.mary	126	SetEntityAnim	2	medium	no	SetEntityAnim(28, 792)
792	yes	806	script_806.mary	18	SetEntityAnim	2	medium	no	SetEntityAnim(28, 792)
792	yes	809	script_809.mary	15	SetEntityAnim	2	medium	no	SetEntityAnim(28, 792)
792	yes	819	script_819.mary	366	SetEntityAnim	2	medium	no	SetEntityAnim(28, 792)
792	yes	997	script_997.mary	41	SetEntityAnim	2	medium	no	SetEntityAnim(28, 792)
792	yes	1065	script_1065.mary	35	SetEntityAnim	2	medium	no	SetEntityAnim(28, 792)
792	yes	1080	script_1080.mary	38	SetEntityAnim	2	medium	no	SetEntityAnim(28, 792)
792	yes	1100	script_1100.mary	21	SetEntityAnim	2	medium	no	SetEntityAnim(28, 792)
792	yes	1114	script_1114.mary	21	SetEntityAnim	2	medium	no	SetEntityAnim(28, 792)
792	yes	1130	script_1130.mary	22	SetEntityAnim	2	medium	no	SetEntityAnim(28, 792)
792	yes	1130	script_1130.mary	85	SetEntityAnim	2	medium	no	SetEntityAnim(28, 792)
792	yes	1130	script_1130.mary	101	SetEntityAnim	2	medium	no	SetEntityAnim(28, 792)
792	yes	1131	script_1131.mary	25	SetEntityAnim	2	medium	no	SetEntityAnim(28, 792)
792	yes	1138	script_1138.mary	27	SetEntityAnim	2	medium	no	SetEntityAnim(28, 792)
792	yes	1145	script_1145.mary	9	SetEntityAnim	2	medium	no	SetEntityAnim(28, 792)
792	yes	1246	script_1246.mary	13	SetEntityAnim	2	medium	no	SetEntityAnim(28, 792)
795	yes	108	script_108.mary	49	Proc038	1	medium	no	Proc038(795)
796	yes	172	script_172.mary	48	Proc038	1	medium	no	Proc038(796)
796	yes	573	script_573.mary	40	SetEntityAnim	2	medium	no	SetEntityAnim(28, 796)
796	yes	573	script_573.mary	45	SetEntityAnim	2	medium	no	SetEntityAnim(28, 796)
796	yes	574	script_574.mary	40	SetEntityAnim	2	medium	no	SetEntityAnim(28, 796)
796	yes	574	script_574.mary	45	SetEntityAnim	2	medium	no	SetEntityAnim(28, 796)
796	yes	575	script_575.mary	40	SetEntityAnim	2	medium	no	SetEntityAnim(28, 796)
796	yes	575	script_575.mary	45	SetEntityAnim	2	medium	no	SetEntityAnim(28, 796)
796	yes	576	script_576.mary	40	SetEntityAnim	2	medium	no	SetEntityAnim(28, 796)
796	yes	576	script_576.mary	45	SetEntityAnim	2	medium	no	SetEntityAnim(28, 796)
796	yes	577	script_577.mary	40	SetEntityAnim	2	medium	no	SetEntityAnim(28, 796)
796	yes	577	script_577.mary	45	SetEntityAnim	2	medium	no	SetEntityAnim(28, 796)
796	yes	578	script_578.mary	40	SetEntityAnim	2	medium	no	SetEntityAnim(28, 796)
796	yes	578	script_578.mary	45	SetEntityAnim	2	medium	no	SetEntityAnim(28, 796)
796	yes	579	script_579.mary	40	SetEntityAnim	2	medium	no	SetEntityAnim(28, 796)
796	yes	579	script_579.mary	45	SetEntityAnim	2	medium	no	SetEntityAnim(28, 796)
796	yes	580	script_580.mary	40	SetEntityAnim	2	medium	no	SetEntityAnim(28, 796)
796	yes	580	script_580.mary	45	SetEntityAnim	2	medium	no	SetEntityAnim(28, 796)
796	yes	581	script_581.mary	40	SetEntityAnim	2	medium	no	SetEntityAnim(28, 796)
796	yes	581	script_581.mary	45	SetEntityAnim	2	medium	no	SetEntityAnim(28, 796)
796	yes	582	script_582.mary	40	SetEntityAnim	2	medium	no	SetEntityAnim(28, 796)
796	yes	582	script_582.mary	45	SetEntityAnim	2	medium	no	SetEntityAnim(28, 796)
796	yes	583	script_583.mary	40	SetEntityAnim	2	medium	no	SetEntityAnim(28, 796)
796	yes	583	script_583.mary	45	SetEntityAnim	2	medium	no	SetEntityAnim(28, 796)
796	yes	584	script_584.mary	40	SetEntityAnim	2	medium	no	SetEntityAnim(28, 796)
796	yes	584	script_584.mary	45	SetEntityAnim	2	medium	no	SetEntityAnim(28, 796)
796	yes	585	script_585.mary	40	SetEntityAnim	2	medium	no	SetEntityAnim(28, 796)
796	yes	585	script_585.mary	45	SetEntityAnim	2	medium	no	SetEntityAnim(28, 796)
796	yes	586	script_586.mary	41	SetEntityAnim	2	medium	no	SetEntityAnim(28, 796)
796	yes	586	script_586.mary	46	SetEntityAnim	2	medium	no	SetEntityAnim(28, 796)
796	yes	587	script_587.mary	40	SetEntityAnim	2	medium	no	SetEntityAnim(28, 796)
796	yes	587	script_587.mary	45	SetEntityAnim	2	medium	no	SetEntityAnim(28, 796)
796	yes	588	script_588.mary	40	SetEntityAnim	2	medium	no	SetEntityAnim(28, 796)
796	yes	588	script_588.mary	45	SetEntityAnim	2	medium	no	SetEntityAnim(28, 796)
796	yes	737	script_737.mary	117	SetEntityAnim	2	medium	no	SetEntityAnim(28, 796)
796	yes	737	script_737.mary	134	SetEntityAnim	2	medium	no	SetEntityAnim(28, 796)
796	yes	737	script_737.mary	186	SetEntityAnim	2	medium	no	SetEntityAnim(28, 796)
796	yes	777	script_777.mary	71	SetEntityAnim	2	medium	no	SetEntityAnim(28, 796)
796	yes	777	script_777.mary	113	SetEntityAnim	2	medium	no	SetEntityAnim(28, 796)
796	yes	804	script_804.mary	123	SetEntityAnim	2	medium	no	SetEntityAnim(28, 796)
796	yes	804	script_804.mary	133	SetEntityAnim	2	medium	no	SetEntityAnim(28, 796)
796	yes	809	script_809.mary	23	SetEntityAnim	2	medium	no	SetEntityAnim(28, 796)
796	yes	819	script_819.mary	362	SetEntityAnim	2	medium	no	SetEntityAnim(28, 796)
796	yes	819	script_819.mary	377	SetEntityAnim	2	medium	no	SetEntityAnim(28, 796)
796	yes	1130	script_1130.mary	34	SetEntityAnim	2	medium	no	SetEntityAnim(28, 796)
796	yes	1130	script_1130.mary	82	SetEntityAnim	2	medium	no	SetEntityAnim(28, 796)
796	yes	1130	script_1130.mary	95	SetEntityAnim	2	medium	no	SetEntityAnim(28, 796)
796	yes	1130	script_1130.mary	116	SetEntityAnim	2	medium	no	SetEntityAnim(28, 796)
815	yes	999	script_999.mary	230	Proc038	1	medium	no	Proc038(815)
815	yes	1000	script_1000.mary	228	Proc038	1	medium	no	Proc038(815)
815	yes	1001	script_1001.mary	234	Proc038	1	medium	no	Proc038(815)
815	yes	1002	script_1002.mary	231	Proc038	1	medium	no	Proc038(815)
815	yes	1003	script_1003.mary	239	Proc038	1	medium	no	Proc038(815)
815	yes	1004	script_1004.mary	234	Proc038	1	medium	no	Proc038(815)
815	yes	1005	script_1005.mary	225	Proc038	1	medium	no	Proc038(815)
848	yes	983	script_983.mary	41	Proc038	1	medium	no	Proc038(848)
849	yes	983	script_983.mary	344	Proc038	1	medium	no	Proc038(849)
851	yes	849	script_849.mary	147	Proc08C	2	medium	no	Proc08C(31, 851)
852	yes	983	script_983.mary	339	Proc038	1	medium	no	Proc038(852)
853	yes	168	script_168.mary	213	Proc038	1	medium	no	Proc038(853)
856	yes	85	script_85.mary	11	Proc008	2	medium	no	Proc008(0, 856, 1)
856	yes	86	script_86.mary	6	Proc017	1	medium	no	Proc017(856, 536, 2)
856	yes	86	script_86.mary	10	Proc008	2	medium	no	Proc008(0, 856, 2)
856	yes	168	script_168.mary	218	Proc038	1	medium	no	Proc038(856)
859	yes	168	script_168.mary	223	Proc038	1	medium	no	Proc038(859)
862	yes	983	script_983.mary	349	Proc038	1	medium	no	Proc038(862)
863	yes	983	script_983.mary	354	Proc038	1	medium	no	Proc038(863)
864	yes	983	script_983.mary	364	Proc038	1	medium	no	Proc038(864)
866	yes	983	script_983.mary	359	Proc038	1	medium	no	Proc038(866)
873	yes	977	script_977.mary	21	Proc038	1	medium	no	Proc038(873)
874	yes	550	script_550.mary	27	Proc038	1	medium	no	Proc038(874)
875	yes	977	script_977.mary	26	Proc038	1	medium	no	Proc038(875)
876	yes	124	script_124.mary	73	Proc038	1	medium	no	Proc038(876)
877	yes	983	script_983.mary	57	Proc038	1	medium	no	Proc038(877)
878	yes	983	script_983.mary	52	Proc038	1	medium	no	Proc038(878)
879	yes	370	script_370.mary	56	Proc038	1	medium	no	Proc038(879)
886	yes	409	script_409.mary	371	Proc038	1	medium	no	Proc038(886)
889	yes	409	script_409.mary	376	Proc038	1	medium	no	Proc038(889)
891	yes	409	script_409.mary	381	Proc038	1	medium	no	Proc038(891)
894	yes	523	script_523.mary	141	Proc038	1	medium	no	Proc038(894)
898	yes	983	script_983.mary	69	Proc038	1	medium	no	Proc038(898)
899	yes	370	script_370.mary	60	Proc038	1	medium	no	Proc038(899)
906	yes	272	script_272.mary	50	Proc038	1	medium	no	Proc038(906)
908	yes	370	script_370.mary	82	Proc038	1	medium	no	Proc038(908)
911	yes	374	script_374.mary	87	Proc038	1	medium	no	Proc038(911)
915	yes	380	script_380.mary	21	Proc038	1	medium	no	Proc038(915)
918	yes	983	script_983.mary	81	Proc038	1	medium	no	Proc038(918)
919	yes	370	script_370.mary	64	Proc038	1	medium	no	Proc038(919)
926	yes	528	script_528.mary	88	Proc038	1	medium	no	Proc038(926)
929	yes	376	script_376.mary	46	Proc038	1	medium	no	Proc038(929)
932	yes	93	script_93.mary	54	Proc038	1	medium	no	Proc038(932)
933	yes	376	script_376.mary	51	Proc038	1	medium	no	Proc038(933)
936	yes	983	script_983.mary	93	Proc038	1	medium	no	Proc038(936)
937	yes	370	script_370.mary	68	Proc038	1	medium	no	Proc038(937)
944	yes	373	script_373.mary	57	Proc038	1	medium	no	Proc038(944)
947	yes	371	script_371.mary	83	Proc038	1	medium	no	Proc038(947)
950	yes	373	script_373.mary	62	Proc038	1	medium	no	Proc038(950)
953	yes	409	script_409.mary	386	Proc038	1	medium	no	Proc038(953)
956	yes	983	script_983.mary	105	Proc038	1	medium	no	Proc038(956)
957	yes	370	script_370.mary	72	Proc038	1	medium	no	Proc038(957)
977	yes	339	script_339.mary	7	Proc038	1	medium	no	Proc038(977)
977	yes	979	script_979.mary	16	Proc038	1	medium	no	Proc038(977)
984	yes	983	script_983.mary	369	Proc038	1	medium	no	Proc038(984)
985	yes	984	script_984.mary	102	Proc038	1	medium	no	Proc038(985)
986	yes	983	script_983.mary	372	Proc038	1	medium	no	Proc038(986)
986	yes	985	script_985.mary	156	Proc038	1	medium	no	Proc038(986)
1060	yes	1059	script_1059.mary	22	Proc038	1	medium	no	Proc038(1060)
1061	yes	1059	script_1059.mary	18	Proc038	1	medium	no	Proc038(1061)
1062	yes	1059	script_1059.mary	26	Proc038	1	medium	no	Proc038(1062)
1098	yes	404	script_404.mary	84	Proc038	1	medium	no	Proc038(1098)
1098	yes	404	script_404.mary	144	Proc038	1	medium	no	Proc038(1098)
1099	yes	358	script_358.mary	220	Proc038	1	medium	no	Proc038(1099)
1128	yes	1124	script_1124.mary	85	Proc038	1	medium	no	Proc038(1128)
1128	yes	1124	script_1124.mary	127	Proc038	1	medium	no	Proc038(1128)
1128	yes	1124	script_1124.mary	163	Proc038	1	medium	no	Proc038(1128)
1129	yes	1128	script_1128.mary	466	Proc038	1	medium	no	Proc038(1129)
1129	yes	1128	script_1128.mary	630	Proc038	1	medium	no	Proc038(1129)
1145	yes	38	script_38.mary	312	Proc008	2	medium	no	Proc008(16, 1145, 2)
1145	yes	38	script_38.mary	313	Proc008	2	medium	no	Proc008(5, 1145, 1)
1145	yes	104	script_104.mary	44	Proc038	1	medium	no	Proc038(1145)
1163	yes	1147	script_1147.mary	49	Proc038	1	medium	no	Proc038(1163)
1190	yes	404	script_404.mary	291	Proc038	1	medium	no	Proc038(1190)
1190	yes	1176	script_1176.mary	47	Proc038	1	medium	no	Proc038(1190)
1191	yes	409	script_409.mary	360	Proc038	1	medium	no	Proc038(1191)
1191	yes	991	script_991.mary	206	Proc038	1	medium	no	Proc038(1191)
1192	yes	1193	script_1193.mary	25	Proc038	1	medium	no	Proc038(1192)
1192	yes	1194	script_1194.mary	60	Proc038	1	medium	no	Proc038(1192)
1192	yes	1194	script_1194.mary	77	Proc038	1	medium	no	Proc038(1192)
1192	yes	1194	script_1194.mary	83	Proc038	1	medium	no	Proc038(1192)
1192	yes	1195	script_1195.mary	25	Proc038	1	medium	no	Proc038(1192)
1192	yes	1196	script_1196.mary	25	Proc038	1	medium	no	Proc038(1192)
1192	yes	1197	script_1197.mary	61	Proc038	1	medium	no	Proc038(1192)
1192	yes	1197	script_1197.mary	78	Proc038	1	medium	no	Proc038(1192)
1192	yes	1197	script_1197.mary	84	Proc038	1	medium	no	Proc038(1192)
1192	yes	1198	script_1198.mary	60	Proc038	1	medium	no	Proc038(1192)
1192	yes	1198	script_1198.mary	77	Proc038	1	medium	no	Proc038(1192)
1192	yes	1198	script_1198.mary	83	Proc038	1	medium	no	Proc038(1192)
1192	yes	1199	script_1199.mary	60	Proc038	1	medium	no	Proc038(1192)
1192	yes	1199	script_1199.mary	77	Proc038	1	medium	no	Proc038(1192)
1192	yes	1199	script_1199.mary	83	Proc038	1	medium	no	Proc038(1192)
1192	yes	1200	script_1200.mary	60	Proc038	1	medium	no	Proc038(1192)
1192	yes	1200	script_1200.mary	77	Proc038	1	medium	no	Proc038(1192)
1192	yes	1200	script_1200.mary	83	Proc038	1	medium	no	Proc038(1192)
1192	yes	1201	script_1201.mary	25	Proc038	1	medium	no	Proc038(1192)
1192	yes	1202	script_1202.mary	25	Proc038	1	medium	no	Proc038(1192)
1203	yes	358	script_358.mary	240	Proc038	1	medium	no	Proc038(1203)
1205	yes	1204	script_1204.mary	17	Proc038	1	medium	no	Proc038(1205)
1215	yes	1213	script_1213.mary	45	Proc038	1	medium	no	Proc038(1215)
1215	yes	1213	script_1213.mary	85	Proc038	1	medium	no	Proc038(1215)
1216	yes	358	script_358.mary	245	Proc038	1	medium	no	Proc038(1216)
1218	yes	1241	script_1241.mary	47	Proc038	1	medium	no	Proc038(1218)
1218	yes	1241	script_1241.mary	61	Proc038	1	medium	no	Proc038(1218)
1241	yes	1236	script_1236.mary	68	Proc038	1	medium	no	Proc038(1241)
1242	yes	93	script_93.mary	33	Proc038	1	medium	no	Proc038(1242)
1242	yes	991	script_991.mary	221	Proc038	1	medium	no	Proc038(1242)
1243	yes	1244	script_1244.mary	231	Proc038	1	medium	no	Proc038(1243)
1264	yes	404	script_404.mary	89	Proc038	1	medium	no	Proc038(1264)
1264	yes	404	script_404.mary	149	Proc038	1	medium	no	Proc038(1264)
1289	yes	404	script_404.mary	362	Proc038	1	medium	no	Proc038(1289)
1289	yes	1276	script_1276.mary	47	Proc038	1	medium	no	Proc038(1289)
1293	yes	168	script_168.mary	53	Proc038	1	medium	no	Proc038(1293)
1299	yes	342	script_342.mary	90	Proc038	1	medium	no	Proc038(1299)
1301	yes	523	script_523.mary	130	Proc038	1	medium	no	Proc038(1301)
1302	yes	374	script_374.mary	66	Proc038	1	medium	no	Proc038(1302)
1303	yes	371	script_371.mary	72	Proc038	1	medium	no	Proc038(1303)
1304	yes	372	script_372.mary	75	Proc038	1	medium	no	Proc038(1304)
1305	yes	375	script_375.mary	70	Proc038	1	medium	no	Proc038(1305)
1306	yes	168	script_168.mary	64	Proc038	1	medium	no	Proc038(1306)
1307	yes	342	script_342.mary	94	Proc038	1	medium	no	Proc038(1307)
1318	yes	93	script_93.mary	43	Proc038	1	medium	no	Proc038(1318)
1318	yes	991	script_991.mary	231	Proc038	1	medium	no	Proc038(1318)
1319	yes	1320	script_1320.mary	24	Proc038	1	medium	no	Proc038(1319)
1319	yes	1321	script_1321.mary	24	Proc038	1	medium	no	Proc038(1319)
1319	yes	1322	script_1322.mary	24	Proc038	1	medium	no	Proc038(1319)
1319	yes	1323	script_1323.mary	28	Proc038	1	medium	no	Proc038(1319)
1319	yes	1324	script_1324.mary	24	Proc038	1	medium	no	Proc038(1319)
1319	yes	1325	script_1325.mary	24	Proc038	1	medium	no	Proc038(1319)
1319	yes	1326	script_1326.mary	24	Proc038	1	medium	no	Proc038(1319)
2000	yes	285	script_285.mary	110	Proc0F1	1	medium	no	Proc0F1(2000)
2000	yes	1301	script_1301.mary	64	Proc08A	2	medium	no	Proc08A(3, 2000)
2000	yes	1302	script_1302.mary	58	Proc08A	2	medium	no	Proc08A(25, 2000)
2000	yes	1303	script_1303.mary	65	Proc08A	2	medium	no	Proc08A(21, 2000)
2000	yes	1304	script_1304.mary	79	Proc08A	2	medium	no	Proc08A(19, 2000)
2000	yes	1305	script_1305.mary	68	Proc08A	2	medium	no	Proc08A(12, 2000)
